2025-09-11 09:10:50.461 [restartedMain] INFO  com.opview.summary.SummaryDataApplication - Starting SummaryDataApplication using Java 17.0.12 with PID 17976 (D:\GoWork\summary-data\target\classes started by 管庭禾 in D:\GoWork\summary-data)
2025-09-11 09:10:51.123 [restartedMain] INFO  com.opview.summary.SummaryDataApplication - No active profile set, falling back to 1 default profile: "default"
2025-09-11 09:10:51.227 [restartedMain] INFO  org.springframework.boot.devtools.env.DevToolsPropertyDefaultsPostProcessor - Devtools property defaults active! Set 'spring.devtools.add-properties' to 'false' to disable
2025-09-11 09:10:51.228 [restartedMain] INFO  org.springframework.boot.devtools.env.DevToolsPropertyDefaultsPostProcessor - For additional web related logging consider setting the 'logging.level.web' property to 'DEBUG'
2025-09-11 09:10:53.317 [restartedMain] INFO  org.springframework.data.repository.config.RepositoryConfigurationDelegate - Bootstrapping Spring Data JDBC repositories in DEFAULT mode.
2025-09-11 09:10:53.486 [restartedMain] INFO  org.springframework.data.repository.config.RepositoryConfigurationDelegate - Finished Spring Data repository scanning in 156 ms. Found 2 JDBC repository interfaces.
2025-09-11 09:10:56.620 [restartedMain] INFO  org.springframework.boot.web.embedded.tomcat.TomcatWebServer - Tomcat initialized with port 8080 (http)
2025-09-11 09:10:56.671 [restartedMain] INFO  org.apache.coyote.http11.Http11NioProtocol - Initializing ProtocolHandler ["http-nio-8080"]
2025-09-11 09:10:56.680 [restartedMain] INFO  org.apache.catalina.core.StandardService - Starting service [Tomcat]
2025-09-11 09:10:56.682 [restartedMain] INFO  org.apache.catalina.core.StandardEngine - Starting Servlet engine: [Apache Tomcat/10.1.44]
2025-09-11 09:10:56.801 [restartedMain] INFO  org.apache.catalina.core.ContainerBase.[Tomcat].[localhost].[/] - Initializing Spring embedded WebApplicationContext
2025-09-11 09:10:56.802 [restartedMain] INFO  org.springframework.boot.web.servlet.context.ServletWebServerApplicationContext - Root WebApplicationContext: initialization completed in 5571 ms
2025-09-11 09:10:57.048 [restartedMain] INFO  com.zaxxer.hikari.HikariDataSource - HikariPool-1 - Starting...
2025-09-11 09:10:57.389 [restartedMain] INFO  com.zaxxer.hikari.pool.HikariPool - HikariPool-1 - Added connection org.mariadb.jdbc.Connection@3323c0d3
2025-09-11 09:10:57.396 [restartedMain] INFO  com.zaxxer.hikari.HikariDataSource - HikariPool-1 - Start completed.
2025-09-11 09:10:57.676 [restartedMain] INFO  org.springframework.boot.devtools.autoconfigure.OptionalLiveReloadServer - LiveReload server is running on port 35729
2025-09-11 09:10:58.466 [restartedMain] INFO  org.apache.coyote.http11.Http11NioProtocol - Starting ProtocolHandler ["http-nio-8080"]
2025-09-11 09:10:58.531 [restartedMain] INFO  org.springframework.boot.web.embedded.tomcat.TomcatWebServer - Tomcat started on port 8080 (http) with context path '/'
2025-09-11 09:10:58.554 [restartedMain] INFO  com.opview.summary.SummaryDataApplication - Started SummaryDataApplication in 9.963 seconds (process running for 13.184)
2025-09-11 09:11:12.584 [http-nio-8080-exec-2] INFO  org.apache.catalina.core.ContainerBase.[Tomcat].[localhost].[/] - Initializing Spring DispatcherServlet 'dispatcherServlet'
2025-09-11 09:11:12.584 [http-nio-8080-exec-2] INFO  org.springframework.web.servlet.DispatcherServlet - Initializing Servlet 'dispatcherServlet'
2025-09-11 09:11:12.591 [http-nio-8080-exec-2] INFO  org.springframework.web.servlet.DispatcherServlet - Completed initialization in 7 ms
2025-09-11 09:11:12.666 [http-nio-8080-exec-2] INFO  com.opview.summary.scheduler.DailyTaskScheduler - 排程任務開始執行，時間：2025-09-11T09:11:12.666902100
2025-09-11 09:11:13.675 [http-nio-8080-exec-2] INFO  com.opview.summary.service.DataProcessingService - 開始執行每日文章資料處理排程...
2025-09-11 09:11:13.678 [http-nio-8080-exec-2] INFO  com.opview.summary.service.DataProcessingService - 取得日期範圍: 2025/09/10 00:00:00 至 2025/09/10 23:59:59
2025-09-11 09:11:13.709 [http-nio-8080-exec-2] INFO  com.opview.summary.util.ApiClient - 正在向 API 發送請求: https://capi.opview.com.tw/summary-api-dev/summary_search.jsp，參數: txtInput_json={"summary_information":{"time_range":"2025/09/10 00:00:00~2025/09/10 23:59:59","search_order":[{"field":"post_time"}],"search_topic":"1636","search_source":"facebook;facebook_reply;bbs;bbs_reply"},"user_information":{"service_account":"ps_trial_001","user_account":"ps_trial_001","token":"eyJ0eXAiOiJKV1QiLCJhbGciOiJIUzI1NiJ9.eyJhdWQiOiJwc190cmlhbF8wMDEiLCJzdWIiOiJwc190cmlhbF8wMDEiLCJ1aWQiOjEzMCwiaXNzIjoiZWxhbmQiLCJleHAiOjE3NTgzODM5OTksImFhdCI6MTc1NjgwNDc0M30.9QCjyMJ18jjnc0EKCFDPhIVkbXkCUDRVQCwWAPTrETw"}}
2025-09-11 09:11:15.282 [http-nio-8080-exec-2] ERROR com.opview.summary.util.ApiClient - HTTP 客戶端錯誤，請求 API 失敗: 406 NOT_ACCEPTABLE - 
2025-09-11 09:11:15.351 [http-nio-8080-exec-2] ERROR com.opview.summary.util.ApiClient - 回應體: {"timestamp":"Sep 11, 2025, 9:11:13 AM","status":406,"error":"Not Acceptable","path":"/summary_search.jsp"}
2025-09-11 09:11:15.352 [http-nio-8080-exec-2] ERROR com.opview.summary.service.DataProcessingService - 從 API 取得文章資料失敗。原因: API 回應為空或格式不正確
2025-09-11 09:11:15.352 [http-nio-8080-exec-2] INFO  com.opview.summary.service.DataProcessingService - 每日文章資料處理排程執行完畢。
2025-09-11 09:11:15.740 [http-nio-8080-exec-2] INFO  com.opview.summary.scheduler.DailyTaskScheduler - 排程任務執行成功，時間：2025-09-11T09:11:15.740651500
2025-09-11 09:20:20.130 [File Watcher] INFO  org.springframework.boot.devtools.autoconfigure.LocalDevToolsAutoConfiguration$RestartingClassPathChangeChangedEventListener - Restarting due to 2 class path changes (0 additions, 0 deletions, 2 modifications)
2025-09-11 09:20:47.621 [Thread-4] INFO  org.springframework.boot.web.embedded.tomcat.GracefulShutdown - Commencing graceful shutdown. Waiting for active requests to complete
2025-09-11 09:20:57.816 [tomcat-shutdown] INFO  org.apache.coyote.http11.Http11NioProtocol - Pausing ProtocolHandler ["http-nio-8080"]
2025-09-11 09:21:04.591 [tomcat-shutdown] INFO  org.springframework.boot.web.embedded.tomcat.GracefulShutdown - Graceful shutdown complete
2025-09-11 09:21:05.766 [Thread-4] INFO  org.apache.coyote.http11.Http11NioProtocol - Stopping ProtocolHandler ["http-nio-8080"]
2025-09-11 09:21:17.507 [Thread-4] INFO  com.zaxxer.hikari.HikariDataSource - HikariPool-1 - Shutdown initiated...
2025-09-11 09:21:24.560 [Thread-4] INFO  com.zaxxer.hikari.HikariDataSource - HikariPool-1 - Shutdown completed.
2025-09-11 09:21:57.014 [restartedMain] INFO  com.opview.summary.SummaryDataApplication - Starting SummaryDataApplication using Java 17.0.12 with PID 17976 (D:\GoWork\summary-data\target\classes started by 管庭禾 in D:\GoWork\summary-data)
2025-09-11 09:21:57.141 [restartedMain] INFO  com.opview.summary.SummaryDataApplication - No active profile set, falling back to 1 default profile: "default"
2025-09-11 09:22:02.440 [restartedMain] INFO  org.springframework.data.repository.config.RepositoryConfigurationDelegate - Bootstrapping Spring Data JDBC repositories in DEFAULT mode.
2025-09-11 09:22:02.710 [restartedMain] INFO  org.springframework.data.repository.config.RepositoryConfigurationDelegate - Finished Spring Data repository scanning in 226 ms. Found 2 JDBC repository interfaces.
2025-09-11 09:22:06.008 [restartedMain] INFO  org.springframework.boot.web.embedded.tomcat.TomcatWebServer - Tomcat initialized with port 8080 (http)
2025-09-11 09:22:06.063 [restartedMain] INFO  org.apache.coyote.http11.Http11NioProtocol - Initializing ProtocolHandler ["http-nio-8080"]
2025-09-11 09:22:06.077 [restartedMain] INFO  org.apache.catalina.core.StandardService - Starting service [Tomcat]
2025-09-11 09:22:06.078 [restartedMain] INFO  org.apache.catalina.core.StandardEngine - Starting Servlet engine: [Apache Tomcat/10.1.44]
2025-09-11 09:22:06.475 [restartedMain] INFO  org.apache.catalina.core.ContainerBase.[Tomcat].[localhost].[/] - Initializing Spring embedded WebApplicationContext
2025-09-11 09:22:06.492 [restartedMain] INFO  org.springframework.boot.web.servlet.context.ServletWebServerApplicationContext - Root WebApplicationContext: initialization completed in 9233 ms
2025-09-11 09:22:08.367 [restartedMain] INFO  com.zaxxer.hikari.HikariDataSource - HikariPool-2 - Starting...
2025-09-11 09:22:10.053 [restartedMain] INFO  com.zaxxer.hikari.pool.HikariPool - HikariPool-2 - Added connection org.mariadb.jdbc.Connection@344778ed
2025-09-11 09:22:10.055 [restartedMain] INFO  com.zaxxer.hikari.HikariDataSource - HikariPool-2 - Start completed.
2025-09-11 09:22:10.513 [restartedMain] INFO  org.springframework.boot.devtools.autoconfigure.OptionalLiveReloadServer - LiveReload server is running on port 35729
2025-09-11 09:22:13.662 [restartedMain] INFO  org.apache.coyote.http11.Http11NioProtocol - Starting ProtocolHandler ["http-nio-8080"]
2025-09-11 09:22:14.244 [restartedMain] INFO  org.springframework.boot.web.embedded.tomcat.TomcatWebServer - Tomcat started on port 8080 (http) with context path '/'
2025-09-11 09:22:14.941 [restartedMain] INFO  com.opview.summary.SummaryDataApplication - Started SummaryDataApplication in 25.716 seconds (process running for 689.571)
2025-09-11 09:22:14.980 [restartedMain] INFO  org.springframework.boot.devtools.autoconfigure.ConditionEvaluationDeltaLoggingListener - Condition evaluation unchanged
2025-09-11 09:24:08.656 [http-nio-8080-exec-2] INFO  org.apache.catalina.core.ContainerBase.[Tomcat].[localhost].[/] - Initializing Spring DispatcherServlet 'dispatcherServlet'
2025-09-11 09:24:08.657 [http-nio-8080-exec-2] INFO  org.springframework.web.servlet.DispatcherServlet - Initializing Servlet 'dispatcherServlet'
2025-09-11 09:24:08.664 [http-nio-8080-exec-2] INFO  org.springframework.web.servlet.DispatcherServlet - Completed initialization in 4 ms
2025-09-11 09:24:08.688 [http-nio-8080-exec-2] INFO  com.opview.summary.scheduler.DailyTaskScheduler - 排程任務開始執行，時間：2025-09-11T09:24:08.686701700
2025-09-11 09:24:09.532 [http-nio-8080-exec-2] INFO  com.opview.summary.service.DataProcessingService - 開始執行每日文章資料處理排程...
2025-09-11 09:24:09.533 [http-nio-8080-exec-2] INFO  com.opview.summary.service.DataProcessingService - 取得日期範圍: 2025/09/10 00:00:00 至 2025/09/10 23:59:59
2025-09-11 09:24:09.689 [http-nio-8080-exec-2] INFO  com.opview.summary.util.ApiClient - 正在向 API 發送請求: https://capi.opview.com.tw/summary-api-dev/summary_search.jsp，參數: txtInput_json={"summary_information":{"time_range":"2025/09/10 00:00:00~2025/09/10 23:59:59","search_order":[{"field":"post_time","order_type":"des"}],"search_topic":"1636","search_source":"facebook;facebook_reply;bbs;bbs_reply"},"user_information":{"service_account":"ps_trial_001","user_account":"ps_trial_001","token":"eyJ0eXAiOiJKV1QiLCJhbGciOiJIUzI1NiJ9.eyJhdWQiOiJwc190cmlhbF8wMDEiLCJzdWIiOiJwc190cmlhbF8wMDEiLCJ1aWQiOjEzMCwiaXNzIjoiZWxhbmQiLCJleHAiOjE3NTgzODM5OTksImFhdCI6MTc1NjgwNDc0M30.9QCjyMJ18jjnc0EKCFDPhIVkbXkCUDRVQCwWAPTrETw"}}
2025-09-11 09:24:12.336 [http-nio-8080-exec-2] ERROR com.opview.summary.util.ApiClient - HTTP 客戶端錯誤，請求 API 失敗: 406 NOT_ACCEPTABLE - 
2025-09-11 09:24:12.337 [http-nio-8080-exec-2] ERROR com.opview.summary.util.ApiClient - 回應體: {"timestamp":"Sep 11, 2025, 9:24:10 AM","status":406,"error":"Not Acceptable","path":"/summary_search.jsp"}
2025-09-11 09:24:12.337 [http-nio-8080-exec-2] ERROR com.opview.summary.service.DataProcessingService - 從 API 取得文章資料失敗。原因: API 回應為空或格式不正確
2025-09-11 09:24:12.338 [http-nio-8080-exec-2] INFO  com.opview.summary.service.DataProcessingService - 每日文章資料處理排程執行完畢。
2025-09-11 09:24:12.427 [http-nio-8080-exec-2] INFO  com.opview.summary.scheduler.DailyTaskScheduler - 排程任務執行成功，時間：2025-09-11T09:24:12.427364600
2025-09-11 09:31:32.849 [File Watcher] INFO  org.springframework.boot.devtools.autoconfigure.LocalDevToolsAutoConfiguration$RestartingClassPathChangeChangedEventListener - Restarting due to 1 class path change (0 additions, 0 deletions, 1 modification)
2025-09-11 09:31:35.720 [Thread-7] INFO  org.springframework.boot.web.embedded.tomcat.GracefulShutdown - Commencing graceful shutdown. Waiting for active requests to complete
2025-09-11 09:31:37.509 [tomcat-shutdown] INFO  org.apache.coyote.http11.Http11NioProtocol - Pausing ProtocolHandler ["http-nio-8080"]
2025-09-11 09:31:41.807 [tomcat-shutdown] INFO  org.springframework.boot.web.embedded.tomcat.GracefulShutdown - Graceful shutdown complete
2025-09-11 09:31:42.276 [Thread-7] INFO  org.apache.coyote.http11.Http11NioProtocol - Stopping ProtocolHandler ["http-nio-8080"]
2025-09-11 09:31:44.599 [Thread-7] INFO  com.zaxxer.hikari.HikariDataSource - HikariPool-2 - Shutdown initiated...
2025-09-11 09:31:45.095 [Thread-7] INFO  com.zaxxer.hikari.HikariDataSource - HikariPool-2 - Shutdown completed.
2025-09-11 09:32:33.437 [restartedMain] INFO  com.opview.summary.SummaryDataApplication - Starting SummaryDataApplication using Java 17.0.12 with PID 17976 (D:\GoWork\summary-data\target\classes started by 管庭禾 in D:\GoWork\summary-data)
2025-09-11 09:32:33.443 [restartedMain] INFO  com.opview.summary.SummaryDataApplication - No active profile set, falling back to 1 default profile: "default"
2025-09-11 09:32:36.503 [restartedMain] INFO  org.springframework.data.repository.config.RepositoryConfigurationDelegate - Bootstrapping Spring Data JDBC repositories in DEFAULT mode.
2025-09-11 09:32:36.781 [restartedMain] INFO  org.springframework.data.repository.config.RepositoryConfigurationDelegate - Finished Spring Data repository scanning in 156 ms. Found 2 JDBC repository interfaces.
2025-09-11 09:32:39.116 [restartedMain] INFO  org.springframework.boot.web.embedded.tomcat.TomcatWebServer - Tomcat initialized with port 8080 (http)
2025-09-11 09:32:39.138 [restartedMain] INFO  org.apache.coyote.http11.Http11NioProtocol - Initializing ProtocolHandler ["http-nio-8080"]
2025-09-11 09:32:39.178 [restartedMain] INFO  org.apache.catalina.core.StandardService - Starting service [Tomcat]
2025-09-11 09:32:39.180 [restartedMain] INFO  org.apache.catalina.core.StandardEngine - Starting Servlet engine: [Apache Tomcat/10.1.44]
2025-09-11 09:32:39.537 [restartedMain] INFO  org.apache.catalina.core.ContainerBase.[Tomcat].[localhost].[/] - Initializing Spring embedded WebApplicationContext
2025-09-11 09:32:39.538 [restartedMain] INFO  org.springframework.boot.web.servlet.context.ServletWebServerApplicationContext - Root WebApplicationContext: initialization completed in 6072 ms
2025-09-11 09:32:39.895 [restartedMain] INFO  com.zaxxer.hikari.HikariDataSource - HikariPool-3 - Starting...
2025-09-11 09:32:40.824 [restartedMain] INFO  com.zaxxer.hikari.pool.HikariPool - HikariPool-3 - Added connection org.mariadb.jdbc.Connection@63260767
2025-09-11 09:32:40.826 [restartedMain] INFO  com.zaxxer.hikari.HikariDataSource - HikariPool-3 - Start completed.
2025-09-11 09:32:40.969 [restartedMain] INFO  org.springframework.boot.devtools.autoconfigure.OptionalLiveReloadServer - LiveReload server is running on port 35729
2025-09-11 09:32:42.499 [restartedMain] INFO  org.apache.coyote.http11.Http11NioProtocol - Starting ProtocolHandler ["http-nio-8080"]
2025-09-11 09:32:42.638 [restartedMain] INFO  org.springframework.boot.web.embedded.tomcat.TomcatWebServer - Tomcat started on port 8080 (http) with context path '/'
2025-09-11 09:32:43.155 [restartedMain] INFO  com.opview.summary.SummaryDataApplication - Started SummaryDataApplication in 11.241 seconds (process running for 1317.786)
2025-09-11 09:32:43.163 [restartedMain] INFO  org.springframework.boot.devtools.autoconfigure.ConditionEvaluationDeltaLoggingListener - Condition evaluation unchanged
2025-09-11 09:33:28.133 [http-nio-8080-exec-2] INFO  org.apache.catalina.core.ContainerBase.[Tomcat].[localhost].[/] - Initializing Spring DispatcherServlet 'dispatcherServlet'
2025-09-11 09:33:28.135 [http-nio-8080-exec-2] INFO  org.springframework.web.servlet.DispatcherServlet - Initializing Servlet 'dispatcherServlet'
2025-09-11 09:33:28.145 [http-nio-8080-exec-2] INFO  org.springframework.web.servlet.DispatcherServlet - Completed initialization in 8 ms
2025-09-11 09:33:28.265 [http-nio-8080-exec-2] INFO  com.opview.summary.scheduler.DailyTaskScheduler - 排程任務開始執行，時間：2025-09-11T09:33:28.264035300
2025-09-11 09:33:29.265 [http-nio-8080-exec-2] INFO  com.opview.summary.service.DataProcessingService - 開始執行每日文章資料處理排程...
2025-09-11 09:33:29.271 [http-nio-8080-exec-2] INFO  com.opview.summary.service.DataProcessingService - 取得日期範圍: 2025/09/10 00:00:00 至 2025/09/10 23:59:59
2025-09-11 09:33:29.427 [http-nio-8080-exec-2] INFO  com.opview.summary.util.ApiClient - 正在向 API 發送請求: https://capi.opview.com.tw/summary-api-dev/summary_search.jsp，參數: txtInput_json={"summary_information":{"time_range":"2025/09/10 00:00:00~2025/09/10 23:59:59","search_order":[{"field":"post_time","order_type":"des"}],"search_topic":"1636","search_source":"facebook;facebook_reply;bbs;bbs_reply"},"user_information":{"service_account":"ps_trial_001","user_account":"ps_trial_001","token":"eyJ0eXAiOiJKV1QiLCJhbGciOiJIUzI1NiJ9.eyJhdWQiOiJwc190cmlhbF8wMDEiLCJzdWIiOiJwc190cmlhbF8wMDEiLCJ1aWQiOjEzMCwiaXNzIjoiZWxhbmQiLCJleHAiOjE3NTgzODM5OTksImFhdCI6MTc1NjgwNDc0M30.9QCjyMJ18jjnc0EKCFDPhIVkbXkCUDRVQCwWAPTrETw"}}
2025-09-11 09:33:30.569 [http-nio-8080-exec-2] ERROR com.opview.summary.util.ApiClient - 請求 API 時發生未知錯誤: 
org.springframework.web.client.UnknownContentTypeException: Could not extract response: no suitable HttpMessageConverter found for response type [class com.opview.summary.entity.SummaryApiResponse] and content type [text/html;charset=UTF-8]
	at org.springframework.web.client.HttpMessageConverterExtractor.extractData(HttpMessageConverterExtractor.java:133) ~[spring-web-6.2.10.jar:6.2.10]
	at org.springframework.web.client.RestTemplate$ResponseEntityResponseExtractor.extractData(RestTemplate.java:1183) ~[spring-web-6.2.10.jar:6.2.10]
	at org.springframework.web.client.RestTemplate$ResponseEntityResponseExtractor.extractData(RestTemplate.java:1166) ~[spring-web-6.2.10.jar:6.2.10]
	at org.springframework.web.client.RestTemplate.doExecute(RestTemplate.java:903) ~[spring-web-6.2.10.jar:6.2.10]
	at org.springframework.web.client.RestTemplate.execute(RestTemplate.java:801) ~[spring-web-6.2.10.jar:6.2.10]
	at org.springframework.web.client.RestTemplate.exchange(RestTemplate.java:683) ~[spring-web-6.2.10.jar:6.2.10]
	at com.opview.summary.util.ApiClient.fetchArticles(ApiClient.java:86) [classes/:?]
	at com.opview.summary.service.DataProcessingService.processDailyArticles(DataProcessingService.java:56) [classes/:?]
	at com.opview.summary.scheduler.DailyTaskScheduler.runDailyTask(DailyTaskScheduler.java:45) [classes/:?]
	at com.opview.summary.controller.TaskController.runScheduledTaskManually(TaskController.java:29) [classes/:?]
	at java.base/jdk.internal.reflect.NativeMethodAccessorImpl.invoke0(Native Method) ~[?:?]
	at java.base/jdk.internal.reflect.NativeMethodAccessorImpl.invoke(NativeMethodAccessorImpl.java:77) ~[?:?]
	at java.base/jdk.internal.reflect.DelegatingMethodAccessorImpl.invoke(DelegatingMethodAccessorImpl.java:43) ~[?:?]
	at java.base/java.lang.reflect.Method.invoke(Method.java:568) ~[?:?]
	at org.springframework.web.method.support.InvocableHandlerMethod.doInvoke(InvocableHandlerMethod.java:258) [spring-web-6.2.10.jar:6.2.10]
	at org.springframework.web.method.support.InvocableHandlerMethod.invokeForRequest(InvocableHandlerMethod.java:191) [spring-web-6.2.10.jar:6.2.10]
	at org.springframework.web.servlet.mvc.method.annotation.ServletInvocableHandlerMethod.invokeAndHandle(ServletInvocableHandlerMethod.java:118) [spring-webmvc-6.2.10.jar:6.2.10]
	at org.springframework.web.servlet.mvc.method.annotation.RequestMappingHandlerAdapter.invokeHandlerMethod(RequestMappingHandlerAdapter.java:991) [spring-webmvc-6.2.10.jar:6.2.10]
	at org.springframework.web.servlet.mvc.method.annotation.RequestMappingHandlerAdapter.handleInternal(RequestMappingHandlerAdapter.java:896) [spring-webmvc-6.2.10.jar:6.2.10]
	at org.springframework.web.servlet.mvc.method.AbstractHandlerMethodAdapter.handle(AbstractHandlerMethodAdapter.java:87) [spring-webmvc-6.2.10.jar:6.2.10]
	at org.springframework.web.servlet.DispatcherServlet.doDispatch(DispatcherServlet.java:1089) [spring-webmvc-6.2.10.jar:6.2.10]
	at org.springframework.web.servlet.DispatcherServlet.doService(DispatcherServlet.java:979) [spring-webmvc-6.2.10.jar:6.2.10]
	at org.springframework.web.servlet.FrameworkServlet.processRequest(FrameworkServlet.java:1014) [spring-webmvc-6.2.10.jar:6.2.10]
	at org.springframework.web.servlet.FrameworkServlet.doGet(FrameworkServlet.java:903) [spring-webmvc-6.2.10.jar:6.2.10]
	at jakarta.servlet.http.HttpServlet.service(HttpServlet.java:564) [tomcat-embed-core-10.1.44.jar:6.0]
	at org.springframework.web.servlet.FrameworkServlet.service(FrameworkServlet.java:885) [spring-webmvc-6.2.10.jar:6.2.10]
	at jakarta.servlet.http.HttpServlet.service(HttpServlet.java:658) [tomcat-embed-core-10.1.44.jar:6.0]
	at org.apache.catalina.core.ApplicationFilterChain.internalDoFilter(ApplicationFilterChain.java:195) [tomcat-embed-core-10.1.44.jar:10.1.44]
	at org.apache.catalina.core.ApplicationFilterChain.doFilter(ApplicationFilterChain.java:140) [tomcat-embed-core-10.1.44.jar:10.1.44]
	at org.apache.tomcat.websocket.server.WsFilter.doFilter(WsFilter.java:51) [tomcat-embed-websocket-10.1.44.jar:10.1.44]
	at org.apache.catalina.core.ApplicationFilterChain.internalDoFilter(ApplicationFilterChain.java:164) [tomcat-embed-core-10.1.44.jar:10.1.44]
	at org.apache.catalina.core.ApplicationFilterChain.doFilter(ApplicationFilterChain.java:140) [tomcat-embed-core-10.1.44.jar:10.1.44]
	at org.springframework.web.filter.RequestContextFilter.doFilterInternal(RequestContextFilter.java:100) [spring-web-6.2.10.jar:6.2.10]
	at org.springframework.web.filter.OncePerRequestFilter.doFilter(OncePerRequestFilter.java:116) [spring-web-6.2.10.jar:6.2.10]
	at org.apache.catalina.core.ApplicationFilterChain.internalDoFilter(ApplicationFilterChain.java:164) [tomcat-embed-core-10.1.44.jar:10.1.44]
	at org.apache.catalina.core.ApplicationFilterChain.doFilter(ApplicationFilterChain.java:140) [tomcat-embed-core-10.1.44.jar:10.1.44]
	at org.springframework.web.filter.FormContentFilter.doFilterInternal(FormContentFilter.java:93) [spring-web-6.2.10.jar:6.2.10]
	at org.springframework.web.filter.OncePerRequestFilter.doFilter(OncePerRequestFilter.java:116) [spring-web-6.2.10.jar:6.2.10]
	at org.apache.catalina.core.ApplicationFilterChain.internalDoFilter(ApplicationFilterChain.java:164) [tomcat-embed-core-10.1.44.jar:10.1.44]
	at org.apache.catalina.core.ApplicationFilterChain.doFilter(ApplicationFilterChain.java:140) [tomcat-embed-core-10.1.44.jar:10.1.44]
	at org.springframework.web.filter.CharacterEncodingFilter.doFilterInternal(CharacterEncodingFilter.java:201) [spring-web-6.2.10.jar:6.2.10]
	at org.springframework.web.filter.OncePerRequestFilter.doFilter(OncePerRequestFilter.java:116) [spring-web-6.2.10.jar:6.2.10]
	at org.apache.catalina.core.ApplicationFilterChain.internalDoFilter(ApplicationFilterChain.java:164) [tomcat-embed-core-10.1.44.jar:10.1.44]
	at org.apache.catalina.core.ApplicationFilterChain.doFilter(ApplicationFilterChain.java:140) [tomcat-embed-core-10.1.44.jar:10.1.44]
	at org.apache.catalina.core.StandardWrapperValve.invoke(StandardWrapperValve.java:167) [tomcat-embed-core-10.1.44.jar:10.1.44]
	at org.apache.catalina.core.StandardContextValve.invoke(StandardContextValve.java:90) [tomcat-embed-core-10.1.44.jar:10.1.44]
	at org.apache.catalina.authenticator.AuthenticatorBase.invoke(AuthenticatorBase.java:483) [tomcat-embed-core-10.1.44.jar:10.1.44]
	at org.apache.catalina.core.StandardHostValve.invoke(StandardHostValve.java:116) [tomcat-embed-core-10.1.44.jar:10.1.44]
	at org.apache.catalina.valves.ErrorReportValve.invoke(ErrorReportValve.java:93) [tomcat-embed-core-10.1.44.jar:10.1.44]
	at org.apache.catalina.core.StandardEngineValve.invoke(StandardEngineValve.java:74) [tomcat-embed-core-10.1.44.jar:10.1.44]
	at org.apache.catalina.connector.CoyoteAdapter.service(CoyoteAdapter.java:344) [tomcat-embed-core-10.1.44.jar:10.1.44]
	at org.apache.coyote.http11.Http11Processor.service(Http11Processor.java:398) [tomcat-embed-core-10.1.44.jar:10.1.44]
	at org.apache.coyote.AbstractProcessorLight.process(AbstractProcessorLight.java:63) [tomcat-embed-core-10.1.44.jar:10.1.44]
	at org.apache.coyote.AbstractProtocol$ConnectionHandler.process(AbstractProtocol.java:903) [tomcat-embed-core-10.1.44.jar:10.1.44]
	at org.apache.tomcat.util.net.NioEndpoint$SocketProcessor.doRun(NioEndpoint.java:1769) [tomcat-embed-core-10.1.44.jar:10.1.44]
	at org.apache.tomcat.util.net.SocketProcessorBase.run(SocketProcessorBase.java:52) [tomcat-embed-core-10.1.44.jar:10.1.44]
	at org.apache.tomcat.util.threads.ThreadPoolExecutor.runWorker(ThreadPoolExecutor.java:1189) [tomcat-embed-core-10.1.44.jar:10.1.44]
	at org.apache.tomcat.util.threads.ThreadPoolExecutor$Worker.run(ThreadPoolExecutor.java:658) [tomcat-embed-core-10.1.44.jar:10.1.44]
	at org.apache.tomcat.util.threads.TaskThread$WrappingRunnable.run(TaskThread.java:63) [tomcat-embed-core-10.1.44.jar:10.1.44]
	at java.base/java.lang.Thread.run(Thread.java:842) [?:?]
2025-09-11 09:33:30.838 [http-nio-8080-exec-2] ERROR com.opview.summary.service.DataProcessingService - 從 API 取得文章資料失敗。原因: API 回應為空或格式不正確
2025-09-11 09:33:30.839 [http-nio-8080-exec-2] INFO  com.opview.summary.service.DataProcessingService - 每日文章資料處理排程執行完畢。
2025-09-11 09:33:31.188 [http-nio-8080-exec-2] INFO  com.opview.summary.scheduler.DailyTaskScheduler - 排程任務執行成功，時間：2025-09-11T09:33:31.188950300
2025-09-11 09:45:05.685 [RMI TCP Connection(53)-127.0.0.1] INFO  org.springframework.boot.admin.SpringApplicationAdminMXBeanRegistrar$SpringApplicationAdmin - Application shutdown requested.
2025-09-11 09:45:08.364 [RMI TCP Connection(53)-127.0.0.1] INFO  org.springframework.boot.web.embedded.tomcat.GracefulShutdown - Commencing graceful shutdown. Waiting for active requests to complete
2025-09-11 09:45:10.422 [tomcat-shutdown] INFO  org.apache.coyote.http11.Http11NioProtocol - Pausing ProtocolHandler ["http-nio-8080"]
2025-09-11 09:45:13.380 [tomcat-shutdown] INFO  org.springframework.boot.web.embedded.tomcat.GracefulShutdown - Graceful shutdown complete
2025-09-11 09:45:13.817 [RMI TCP Connection(53)-127.0.0.1] INFO  org.apache.coyote.http11.Http11NioProtocol - Stopping ProtocolHandler ["http-nio-8080"]
2025-09-11 09:45:15.231 [RMI TCP Connection(53)-127.0.0.1] INFO  com.zaxxer.hikari.HikariDataSource - HikariPool-3 - Shutdown initiated...
2025-09-11 09:45:15.515 [RMI TCP Connection(53)-127.0.0.1] INFO  com.zaxxer.hikari.HikariDataSource - HikariPool-3 - Shutdown completed.
2025-09-11 09:46:29.104 [restartedMain] INFO  com.opview.summary.SummaryDataApplication - Starting SummaryDataApplication using Java 17.0.12 with PID 17596 (D:\GoWork\summary-data\target\classes started by 管庭禾 in D:\GoWork\summary-data)
2025-09-11 09:46:29.138 [restartedMain] INFO  com.opview.summary.SummaryDataApplication - No active profile set, falling back to 1 default profile: "default"
2025-09-11 09:46:29.284 [restartedMain] INFO  org.springframework.boot.devtools.env.DevToolsPropertyDefaultsPostProcessor - Devtools property defaults active! Set 'spring.devtools.add-properties' to 'false' to disable
2025-09-11 09:46:29.285 [restartedMain] INFO  org.springframework.boot.devtools.env.DevToolsPropertyDefaultsPostProcessor - For additional web related logging consider setting the 'logging.level.web' property to 'DEBUG'
2025-09-11 09:46:31.966 [restartedMain] INFO  org.springframework.data.repository.config.RepositoryConfigurationDelegate - Bootstrapping Spring Data JDBC repositories in DEFAULT mode.
2025-09-11 09:46:32.142 [restartedMain] INFO  org.springframework.data.repository.config.RepositoryConfigurationDelegate - Finished Spring Data repository scanning in 150 ms. Found 2 JDBC repository interfaces.
2025-09-11 09:46:33.440 [restartedMain] INFO  org.springframework.boot.web.embedded.tomcat.TomcatWebServer - Tomcat initialized with port 8080 (http)
2025-09-11 09:46:33.503 [restartedMain] INFO  org.apache.coyote.http11.Http11NioProtocol - Initializing ProtocolHandler ["http-nio-8080"]
2025-09-11 09:46:33.511 [restartedMain] INFO  org.apache.catalina.core.StandardService - Starting service [Tomcat]
2025-09-11 09:46:33.512 [restartedMain] INFO  org.apache.catalina.core.StandardEngine - Starting Servlet engine: [Apache Tomcat/10.1.44]
2025-09-11 09:46:33.814 [restartedMain] INFO  org.apache.catalina.core.ContainerBase.[Tomcat].[localhost].[/] - Initializing Spring embedded WebApplicationContext
2025-09-11 09:46:33.816 [restartedMain] INFO  org.springframework.boot.web.servlet.context.ServletWebServerApplicationContext - Root WebApplicationContext: initialization completed in 4530 ms
2025-09-11 09:46:34.254 [restartedMain] INFO  com.zaxxer.hikari.HikariDataSource - HikariPool-1 - Starting...
2025-09-11 09:46:34.868 [restartedMain] INFO  com.zaxxer.hikari.pool.HikariPool - HikariPool-1 - Added connection org.mariadb.jdbc.Connection@6e4f34d
2025-09-11 09:46:34.879 [restartedMain] INFO  com.zaxxer.hikari.HikariDataSource - HikariPool-1 - Start completed.
2025-09-11 09:46:35.235 [restartedMain] INFO  org.springframework.boot.devtools.autoconfigure.OptionalLiveReloadServer - LiveReload server is running on port 35729
2025-09-11 09:46:36.067 [restartedMain] INFO  org.apache.coyote.http11.Http11NioProtocol - Starting ProtocolHandler ["http-nio-8080"]
2025-09-11 09:46:36.478 [restartedMain] INFO  org.springframework.boot.web.embedded.tomcat.TomcatWebServer - Tomcat started on port 8080 (http) with context path '/'
2025-09-11 09:46:36.523 [restartedMain] INFO  com.opview.summary.SummaryDataApplication - Started SummaryDataApplication in 9.368 seconds (process running for 19.278)
2025-09-11 09:48:04.952 [http-nio-8080-exec-1] INFO  org.apache.catalina.core.ContainerBase.[Tomcat].[localhost].[/] - Initializing Spring DispatcherServlet 'dispatcherServlet'
2025-09-11 09:48:04.954 [http-nio-8080-exec-1] INFO  org.springframework.web.servlet.DispatcherServlet - Initializing Servlet 'dispatcherServlet'
2025-09-11 09:48:04.959 [http-nio-8080-exec-1] INFO  org.springframework.web.servlet.DispatcherServlet - Completed initialization in 2 ms
2025-09-11 09:48:05.013 [http-nio-8080-exec-1] INFO  com.opview.summary.scheduler.DailyTaskScheduler - 排程任務開始執行，時間：2025-09-11T09:48:05.013612800
2025-09-11 09:48:06.410 [http-nio-8080-exec-1] INFO  com.opview.summary.service.DataProcessingService - 開始執行每日文章資料處理排程...
2025-09-11 09:48:06.413 [http-nio-8080-exec-1] INFO  com.opview.summary.service.DataProcessingService - 取得日期範圍: 2025/09/10 00:00:00 至 2025/09/10 23:59:59
2025-09-11 09:48:06.491 [http-nio-8080-exec-1] INFO  com.opview.summary.util.ApiClient - 正在向 API 發送請求: https://capi.opview.com.tw/summary-api-dev/summary_search.jsp，參數: txtInput_json={"summary_information":{"time_range":"2025/09/10 00:00:00~2025/09/10 23:59:59","search_order":[{"field":"post_time","order_type":"des"}],"search_topic":"1636","search_source":"facebook;facebook_reply;bbs;bbs_reply"},"user_information":{"service_account":"ps_trial_001","user_account":"ps_trial_001","token":"eyJ0eXAiOiJKV1QiLCJhbGciOiJIUzI1NiJ9.eyJhdWQiOiJwc190cmlhbF8wMDEiLCJzdWIiOiJwc190cmlhbF8wMDEiLCJ1aWQiOjEzMCwiaXNzIjoiZWxhbmQiLCJleHAiOjE3NTgzODM5OTksImFhdCI6MTc1NjgwNDc0M30.9QCjyMJ18jjnc0EKCFDPhIVkbXkCUDRVQCwWAPTrETw"}}
2025-09-11 09:48:08.319 [http-nio-8080-exec-1] ERROR com.opview.summary.util.ApiClient - 請求 API 時發生未知錯誤: 
org.springframework.web.client.UnknownContentTypeException: Could not extract response: no suitable HttpMessageConverter found for response type [class com.opview.summary.entity.SummaryApiResponse] and content type [text/html;charset=UTF-8]
	at org.springframework.web.client.HttpMessageConverterExtractor.extractData(HttpMessageConverterExtractor.java:133) ~[spring-web-6.2.10.jar:6.2.10]
	at org.springframework.web.client.RestTemplate$ResponseEntityResponseExtractor.extractData(RestTemplate.java:1183) ~[spring-web-6.2.10.jar:6.2.10]
	at org.springframework.web.client.RestTemplate$ResponseEntityResponseExtractor.extractData(RestTemplate.java:1166) ~[spring-web-6.2.10.jar:6.2.10]
	at org.springframework.web.client.RestTemplate.doExecute(RestTemplate.java:903) ~[spring-web-6.2.10.jar:6.2.10]
	at org.springframework.web.client.RestTemplate.execute(RestTemplate.java:801) ~[spring-web-6.2.10.jar:6.2.10]
	at org.springframework.web.client.RestTemplate.exchange(RestTemplate.java:683) ~[spring-web-6.2.10.jar:6.2.10]
	at com.opview.summary.util.ApiClient.fetchArticles(ApiClient.java:86) [classes/:?]
	at com.opview.summary.service.DataProcessingService.processDailyArticles(DataProcessingService.java:56) [classes/:?]
	at com.opview.summary.scheduler.DailyTaskScheduler.runDailyTask(DailyTaskScheduler.java:45) [classes/:?]
	at com.opview.summary.controller.TaskController.runScheduledTaskManually(TaskController.java:29) [classes/:?]
	at java.base/jdk.internal.reflect.NativeMethodAccessorImpl.invoke0(Native Method) ~[?:?]
	at java.base/jdk.internal.reflect.NativeMethodAccessorImpl.invoke(NativeMethodAccessorImpl.java:77) ~[?:?]
	at java.base/jdk.internal.reflect.DelegatingMethodAccessorImpl.invoke(DelegatingMethodAccessorImpl.java:43) ~[?:?]
	at java.base/java.lang.reflect.Method.invoke(Method.java:568) ~[?:?]
	at org.springframework.web.method.support.InvocableHandlerMethod.doInvoke(InvocableHandlerMethod.java:258) [spring-web-6.2.10.jar:6.2.10]
	at org.springframework.web.method.support.InvocableHandlerMethod.invokeForRequest(InvocableHandlerMethod.java:191) [spring-web-6.2.10.jar:6.2.10]
	at org.springframework.web.servlet.mvc.method.annotation.ServletInvocableHandlerMethod.invokeAndHandle(ServletInvocableHandlerMethod.java:118) [spring-webmvc-6.2.10.jar:6.2.10]
	at org.springframework.web.servlet.mvc.method.annotation.RequestMappingHandlerAdapter.invokeHandlerMethod(RequestMappingHandlerAdapter.java:991) [spring-webmvc-6.2.10.jar:6.2.10]
	at org.springframework.web.servlet.mvc.method.annotation.RequestMappingHandlerAdapter.handleInternal(RequestMappingHandlerAdapter.java:896) [spring-webmvc-6.2.10.jar:6.2.10]
	at org.springframework.web.servlet.mvc.method.AbstractHandlerMethodAdapter.handle(AbstractHandlerMethodAdapter.java:87) [spring-webmvc-6.2.10.jar:6.2.10]
	at org.springframework.web.servlet.DispatcherServlet.doDispatch(DispatcherServlet.java:1089) [spring-webmvc-6.2.10.jar:6.2.10]
	at org.springframework.web.servlet.DispatcherServlet.doService(DispatcherServlet.java:979) [spring-webmvc-6.2.10.jar:6.2.10]
	at org.springframework.web.servlet.FrameworkServlet.processRequest(FrameworkServlet.java:1014) [spring-webmvc-6.2.10.jar:6.2.10]
	at org.springframework.web.servlet.FrameworkServlet.doGet(FrameworkServlet.java:903) [spring-webmvc-6.2.10.jar:6.2.10]
	at jakarta.servlet.http.HttpServlet.service(HttpServlet.java:564) [tomcat-embed-core-10.1.44.jar:6.0]
	at org.springframework.web.servlet.FrameworkServlet.service(FrameworkServlet.java:885) [spring-webmvc-6.2.10.jar:6.2.10]
	at jakarta.servlet.http.HttpServlet.service(HttpServlet.java:658) [tomcat-embed-core-10.1.44.jar:6.0]
	at org.apache.catalina.core.ApplicationFilterChain.internalDoFilter(ApplicationFilterChain.java:195) [tomcat-embed-core-10.1.44.jar:10.1.44]
	at org.apache.catalina.core.ApplicationFilterChain.doFilter(ApplicationFilterChain.java:140) [tomcat-embed-core-10.1.44.jar:10.1.44]
	at org.apache.tomcat.websocket.server.WsFilter.doFilter(WsFilter.java:51) [tomcat-embed-websocket-10.1.44.jar:10.1.44]
	at org.apache.catalina.core.ApplicationFilterChain.internalDoFilter(ApplicationFilterChain.java:164) [tomcat-embed-core-10.1.44.jar:10.1.44]
	at org.apache.catalina.core.ApplicationFilterChain.doFilter(ApplicationFilterChain.java:140) [tomcat-embed-core-10.1.44.jar:10.1.44]
	at org.springframework.web.filter.RequestContextFilter.doFilterInternal(RequestContextFilter.java:100) [spring-web-6.2.10.jar:6.2.10]
	at org.springframework.web.filter.OncePerRequestFilter.doFilter(OncePerRequestFilter.java:116) [spring-web-6.2.10.jar:6.2.10]
	at org.apache.catalina.core.ApplicationFilterChain.internalDoFilter(ApplicationFilterChain.java:164) [tomcat-embed-core-10.1.44.jar:10.1.44]
	at org.apache.catalina.core.ApplicationFilterChain.doFilter(ApplicationFilterChain.java:140) [tomcat-embed-core-10.1.44.jar:10.1.44]
	at org.springframework.web.filter.FormContentFilter.doFilterInternal(FormContentFilter.java:93) [spring-web-6.2.10.jar:6.2.10]
	at org.springframework.web.filter.OncePerRequestFilter.doFilter(OncePerRequestFilter.java:116) [spring-web-6.2.10.jar:6.2.10]
	at org.apache.catalina.core.ApplicationFilterChain.internalDoFilter(ApplicationFilterChain.java:164) [tomcat-embed-core-10.1.44.jar:10.1.44]
	at org.apache.catalina.core.ApplicationFilterChain.doFilter(ApplicationFilterChain.java:140) [tomcat-embed-core-10.1.44.jar:10.1.44]
	at org.springframework.web.filter.CharacterEncodingFilter.doFilterInternal(CharacterEncodingFilter.java:201) [spring-web-6.2.10.jar:6.2.10]
	at org.springframework.web.filter.OncePerRequestFilter.doFilter(OncePerRequestFilter.java:116) [spring-web-6.2.10.jar:6.2.10]
	at org.apache.catalina.core.ApplicationFilterChain.internalDoFilter(ApplicationFilterChain.java:164) [tomcat-embed-core-10.1.44.jar:10.1.44]
	at org.apache.catalina.core.ApplicationFilterChain.doFilter(ApplicationFilterChain.java:140) [tomcat-embed-core-10.1.44.jar:10.1.44]
	at org.apache.catalina.core.StandardWrapperValve.invoke(StandardWrapperValve.java:167) [tomcat-embed-core-10.1.44.jar:10.1.44]
	at org.apache.catalina.core.StandardContextValve.invoke(StandardContextValve.java:90) [tomcat-embed-core-10.1.44.jar:10.1.44]
	at org.apache.catalina.authenticator.AuthenticatorBase.invoke(AuthenticatorBase.java:483) [tomcat-embed-core-10.1.44.jar:10.1.44]
	at org.apache.catalina.core.StandardHostValve.invoke(StandardHostValve.java:116) [tomcat-embed-core-10.1.44.jar:10.1.44]
	at org.apache.catalina.valves.ErrorReportValve.invoke(ErrorReportValve.java:93) [tomcat-embed-core-10.1.44.jar:10.1.44]
	at org.apache.catalina.core.StandardEngineValve.invoke(StandardEngineValve.java:74) [tomcat-embed-core-10.1.44.jar:10.1.44]
	at org.apache.catalina.connector.CoyoteAdapter.service(CoyoteAdapter.java:344) [tomcat-embed-core-10.1.44.jar:10.1.44]
	at org.apache.coyote.http11.Http11Processor.service(Http11Processor.java:398) [tomcat-embed-core-10.1.44.jar:10.1.44]
	at org.apache.coyote.AbstractProcessorLight.process(AbstractProcessorLight.java:63) [tomcat-embed-core-10.1.44.jar:10.1.44]
	at org.apache.coyote.AbstractProtocol$ConnectionHandler.process(AbstractProtocol.java:903) [tomcat-embed-core-10.1.44.jar:10.1.44]
	at org.apache.tomcat.util.net.NioEndpoint$SocketProcessor.doRun(NioEndpoint.java:1769) [tomcat-embed-core-10.1.44.jar:10.1.44]
	at org.apache.tomcat.util.net.SocketProcessorBase.run(SocketProcessorBase.java:52) [tomcat-embed-core-10.1.44.jar:10.1.44]
	at org.apache.tomcat.util.threads.ThreadPoolExecutor.runWorker(ThreadPoolExecutor.java:1189) [tomcat-embed-core-10.1.44.jar:10.1.44]
	at org.apache.tomcat.util.threads.ThreadPoolExecutor$Worker.run(ThreadPoolExecutor.java:658) [tomcat-embed-core-10.1.44.jar:10.1.44]
	at org.apache.tomcat.util.threads.TaskThread$WrappingRunnable.run(TaskThread.java:63) [tomcat-embed-core-10.1.44.jar:10.1.44]
	at java.base/java.lang.Thread.run(Thread.java:842) [?:?]
2025-09-11 09:48:08.337 [http-nio-8080-exec-1] ERROR com.opview.summary.service.DataProcessingService - 從 API 取得文章資料失敗。原因: API 回應為空或格式不正確
2025-09-11 09:48:08.338 [http-nio-8080-exec-1] INFO  com.opview.summary.service.DataProcessingService - 每日文章資料處理排程執行完畢。
2025-09-11 09:48:08.381 [http-nio-8080-exec-1] INFO  com.opview.summary.scheduler.DailyTaskScheduler - 排程任務執行成功，時間：2025-09-11T09:48:08.381749100
2025-09-11 09:52:18.491 [File Watcher] INFO  org.springframework.boot.devtools.autoconfigure.LocalDevToolsAutoConfiguration$RestartingClassPathChangeChangedEventListener - Restarting due to 1 class path change (0 additions, 0 deletions, 1 modification)
2025-09-11 09:52:18.508 [Thread-4] INFO  org.springframework.boot.web.embedded.tomcat.GracefulShutdown - Commencing graceful shutdown. Waiting for active requests to complete
2025-09-11 09:52:18.511 [tomcat-shutdown] INFO  org.apache.coyote.http11.Http11NioProtocol - Pausing ProtocolHandler ["http-nio-8080"]
2025-09-11 09:52:19.050 [tomcat-shutdown] INFO  org.springframework.boot.web.embedded.tomcat.GracefulShutdown - Graceful shutdown complete
2025-09-11 09:52:19.057 [Thread-4] INFO  org.apache.coyote.http11.Http11NioProtocol - Stopping ProtocolHandler ["http-nio-8080"]
2025-09-11 09:52:19.076 [Thread-4] INFO  com.zaxxer.hikari.HikariDataSource - HikariPool-1 - Shutdown initiated...
2025-09-11 09:52:19.086 [Thread-4] INFO  com.zaxxer.hikari.HikariDataSource - HikariPool-1 - Shutdown completed.
2025-09-11 09:52:19.474 [restartedMain] INFO  com.opview.summary.SummaryDataApplication - Starting SummaryDataApplication using Java 17.0.12 with PID 17596 (D:\GoWork\summary-data\target\classes started by 管庭禾 in D:\GoWork\summary-data)
2025-09-11 09:52:19.477 [restartedMain] INFO  com.opview.summary.SummaryDataApplication - No active profile set, falling back to 1 default profile: "default"
2025-09-11 09:52:20.733 [restartedMain] INFO  org.springframework.data.repository.config.RepositoryConfigurationDelegate - Bootstrapping Spring Data JDBC repositories in DEFAULT mode.
2025-09-11 09:52:20.759 [restartedMain] INFO  org.springframework.data.repository.config.RepositoryConfigurationDelegate - Finished Spring Data repository scanning in 23 ms. Found 2 JDBC repository interfaces.
2025-09-11 09:52:21.241 [restartedMain] INFO  org.springframework.boot.web.embedded.tomcat.TomcatWebServer - Tomcat initialized with port 8080 (http)
2025-09-11 09:52:21.248 [restartedMain] INFO  org.apache.coyote.http11.Http11NioProtocol - Initializing ProtocolHandler ["http-nio-8080"]
2025-09-11 09:52:21.251 [restartedMain] INFO  org.apache.catalina.core.StandardService - Starting service [Tomcat]
2025-09-11 09:52:21.254 [restartedMain] INFO  org.apache.catalina.core.StandardEngine - Starting Servlet engine: [Apache Tomcat/10.1.44]
2025-09-11 09:52:21.360 [restartedMain] INFO  org.apache.catalina.core.ContainerBase.[Tomcat].[localhost].[/] - Initializing Spring embedded WebApplicationContext
2025-09-11 09:52:21.361 [restartedMain] INFO  org.springframework.boot.web.servlet.context.ServletWebServerApplicationContext - Root WebApplicationContext: initialization completed in 1872 ms
2025-09-11 09:52:21.494 [restartedMain] INFO  com.zaxxer.hikari.HikariDataSource - HikariPool-2 - Starting...
2025-09-11 09:52:22.018 [restartedMain] INFO  com.zaxxer.hikari.pool.HikariPool - HikariPool-2 - Added connection org.mariadb.jdbc.Connection@229c3d8a
2025-09-11 09:52:22.019 [restartedMain] INFO  com.zaxxer.hikari.HikariDataSource - HikariPool-2 - Start completed.
2025-09-11 09:52:22.116 [restartedMain] INFO  org.springframework.boot.devtools.autoconfigure.OptionalLiveReloadServer - LiveReload server is running on port 35729
2025-09-11 09:52:22.621 [restartedMain] INFO  org.apache.coyote.http11.Http11NioProtocol - Starting ProtocolHandler ["http-nio-8080"]
2025-09-11 09:52:22.680 [restartedMain] INFO  org.springframework.boot.web.embedded.tomcat.TomcatWebServer - Tomcat started on port 8080 (http) with context path '/'
2025-09-11 09:52:22.691 [restartedMain] INFO  com.opview.summary.SummaryDataApplication - Started SummaryDataApplication in 3.499 seconds (process running for 365.445)
2025-09-11 09:52:22.694 [restartedMain] INFO  org.springframework.boot.devtools.autoconfigure.ConditionEvaluationDeltaLoggingListener - Condition evaluation unchanged
2025-09-11 09:53:55.097 [http-nio-8080-exec-2] INFO  org.apache.catalina.core.ContainerBase.[Tomcat].[localhost].[/] - Initializing Spring DispatcherServlet 'dispatcherServlet'
2025-09-11 09:53:55.099 [http-nio-8080-exec-2] INFO  org.springframework.web.servlet.DispatcherServlet - Initializing Servlet 'dispatcherServlet'
2025-09-11 09:53:55.131 [http-nio-8080-exec-2] INFO  org.springframework.web.servlet.DispatcherServlet - Completed initialization in 31 ms
2025-09-11 09:53:55.144 [http-nio-8080-exec-2] INFO  com.opview.summary.scheduler.DailyTaskScheduler - 排程任務開始執行，時間：2025-09-11T09:53:55.143482900
2025-09-11 09:53:55.344 [http-nio-8080-exec-2] INFO  com.opview.summary.service.DataProcessingService - 開始執行每日文章資料處理排程...
2025-09-11 09:53:55.348 [http-nio-8080-exec-2] INFO  com.opview.summary.service.DataProcessingService - 取得日期範圍: 2025/09/10 00:00:00 至 2025/09/10 23:59:59
2025-09-11 09:53:55.358 [http-nio-8080-exec-2] INFO  com.opview.summary.util.ApiClient - 正在向 API 發送請求: https://capi.opview.com.tw/summary-api-dev/summary_search.jsp，參數: txtInput_json={"summary_information":{"time_range":"2025/09/10 00:00:00~2025/09/10 23:59:59","search_order":[{"field":"post_time","order_type":"des"}],"search_topic":"1636","search_source":"facebook;facebook_reply;bbs;bbs_reply"},"user_information":{"service_account":"ps_trial_001","user_account":"ps_trial_001","token":"eyJ0eXAiOiJKV1QiLCJhbGciOiJIUzI1NiJ9.eyJhdWQiOiJwc190cmlhbF8wMDEiLCJzdWIiOiJwc190cmlhbF8wMDEiLCJ1aWQiOjEzMCwiaXNzIjoiZWxhbmQiLCJleHAiOjE3NTgzODM5OTksImFhdCI6MTc1NjgwNDc0M30.9QCjyMJ18jjnc0EKCFDPhIVkbXkCUDRVQCwWAPTrETw"}}
2025-09-11 09:53:55.811 [http-nio-8080-exec-2] ERROR com.opview.summary.util.ApiClient - 請求 API 時發生未知錯誤: 
org.springframework.web.client.UnknownContentTypeException: Could not extract response: no suitable HttpMessageConverter found for response type [class com.opview.summary.entity.SummaryApiResponse] and content type [text/html;charset=UTF-8]
	at org.springframework.web.client.HttpMessageConverterExtractor.extractData(HttpMessageConverterExtractor.java:133) ~[spring-web-6.2.10.jar:6.2.10]
	at org.springframework.web.client.RestTemplate$ResponseEntityResponseExtractor.extractData(RestTemplate.java:1183) ~[spring-web-6.2.10.jar:6.2.10]
	at org.springframework.web.client.RestTemplate$ResponseEntityResponseExtractor.extractData(RestTemplate.java:1166) ~[spring-web-6.2.10.jar:6.2.10]
	at org.springframework.web.client.RestTemplate.doExecute(RestTemplate.java:903) ~[spring-web-6.2.10.jar:6.2.10]
	at org.springframework.web.client.RestTemplate.execute(RestTemplate.java:801) ~[spring-web-6.2.10.jar:6.2.10]
	at org.springframework.web.client.RestTemplate.exchange(RestTemplate.java:683) ~[spring-web-6.2.10.jar:6.2.10]
	at com.opview.summary.util.ApiClient.fetchArticles(ApiClient.java:86) [classes/:?]
	at com.opview.summary.service.DataProcessingService.processDailyArticles(DataProcessingService.java:56) [classes/:?]
	at com.opview.summary.scheduler.DailyTaskScheduler.runDailyTask(DailyTaskScheduler.java:45) [classes/:?]
	at com.opview.summary.controller.TaskController.runScheduledTaskManually(TaskController.java:29) [classes/:?]
	at java.base/jdk.internal.reflect.NativeMethodAccessorImpl.invoke0(Native Method) ~[?:?]
	at java.base/jdk.internal.reflect.NativeMethodAccessorImpl.invoke(NativeMethodAccessorImpl.java:77) ~[?:?]
	at java.base/jdk.internal.reflect.DelegatingMethodAccessorImpl.invoke(DelegatingMethodAccessorImpl.java:43) ~[?:?]
	at java.base/java.lang.reflect.Method.invoke(Method.java:568) ~[?:?]
	at org.springframework.web.method.support.InvocableHandlerMethod.doInvoke(InvocableHandlerMethod.java:258) [spring-web-6.2.10.jar:6.2.10]
	at org.springframework.web.method.support.InvocableHandlerMethod.invokeForRequest(InvocableHandlerMethod.java:191) [spring-web-6.2.10.jar:6.2.10]
	at org.springframework.web.servlet.mvc.method.annotation.ServletInvocableHandlerMethod.invokeAndHandle(ServletInvocableHandlerMethod.java:118) [spring-webmvc-6.2.10.jar:6.2.10]
	at org.springframework.web.servlet.mvc.method.annotation.RequestMappingHandlerAdapter.invokeHandlerMethod(RequestMappingHandlerAdapter.java:991) [spring-webmvc-6.2.10.jar:6.2.10]
	at org.springframework.web.servlet.mvc.method.annotation.RequestMappingHandlerAdapter.handleInternal(RequestMappingHandlerAdapter.java:896) [spring-webmvc-6.2.10.jar:6.2.10]
	at org.springframework.web.servlet.mvc.method.AbstractHandlerMethodAdapter.handle(AbstractHandlerMethodAdapter.java:87) [spring-webmvc-6.2.10.jar:6.2.10]
	at org.springframework.web.servlet.DispatcherServlet.doDispatch(DispatcherServlet.java:1089) [spring-webmvc-6.2.10.jar:6.2.10]
	at org.springframework.web.servlet.DispatcherServlet.doService(DispatcherServlet.java:979) [spring-webmvc-6.2.10.jar:6.2.10]
	at org.springframework.web.servlet.FrameworkServlet.processRequest(FrameworkServlet.java:1014) [spring-webmvc-6.2.10.jar:6.2.10]
	at org.springframework.web.servlet.FrameworkServlet.doGet(FrameworkServlet.java:903) [spring-webmvc-6.2.10.jar:6.2.10]
	at jakarta.servlet.http.HttpServlet.service(HttpServlet.java:564) [tomcat-embed-core-10.1.44.jar:6.0]
	at org.springframework.web.servlet.FrameworkServlet.service(FrameworkServlet.java:885) [spring-webmvc-6.2.10.jar:6.2.10]
	at jakarta.servlet.http.HttpServlet.service(HttpServlet.java:658) [tomcat-embed-core-10.1.44.jar:6.0]
	at org.apache.catalina.core.ApplicationFilterChain.internalDoFilter(ApplicationFilterChain.java:195) [tomcat-embed-core-10.1.44.jar:10.1.44]
	at org.apache.catalina.core.ApplicationFilterChain.doFilter(ApplicationFilterChain.java:140) [tomcat-embed-core-10.1.44.jar:10.1.44]
	at org.apache.tomcat.websocket.server.WsFilter.doFilter(WsFilter.java:51) [tomcat-embed-websocket-10.1.44.jar:10.1.44]
	at org.apache.catalina.core.ApplicationFilterChain.internalDoFilter(ApplicationFilterChain.java:164) [tomcat-embed-core-10.1.44.jar:10.1.44]
	at org.apache.catalina.core.ApplicationFilterChain.doFilter(ApplicationFilterChain.java:140) [tomcat-embed-core-10.1.44.jar:10.1.44]
	at org.springframework.web.filter.RequestContextFilter.doFilterInternal(RequestContextFilter.java:100) [spring-web-6.2.10.jar:6.2.10]
	at org.springframework.web.filter.OncePerRequestFilter.doFilter(OncePerRequestFilter.java:116) [spring-web-6.2.10.jar:6.2.10]
	at org.apache.catalina.core.ApplicationFilterChain.internalDoFilter(ApplicationFilterChain.java:164) [tomcat-embed-core-10.1.44.jar:10.1.44]
	at org.apache.catalina.core.ApplicationFilterChain.doFilter(ApplicationFilterChain.java:140) [tomcat-embed-core-10.1.44.jar:10.1.44]
	at org.springframework.web.filter.FormContentFilter.doFilterInternal(FormContentFilter.java:93) [spring-web-6.2.10.jar:6.2.10]
	at org.springframework.web.filter.OncePerRequestFilter.doFilter(OncePerRequestFilter.java:116) [spring-web-6.2.10.jar:6.2.10]
	at org.apache.catalina.core.ApplicationFilterChain.internalDoFilter(ApplicationFilterChain.java:164) [tomcat-embed-core-10.1.44.jar:10.1.44]
	at org.apache.catalina.core.ApplicationFilterChain.doFilter(ApplicationFilterChain.java:140) [tomcat-embed-core-10.1.44.jar:10.1.44]
	at org.springframework.web.filter.CharacterEncodingFilter.doFilterInternal(CharacterEncodingFilter.java:201) [spring-web-6.2.10.jar:6.2.10]
	at org.springframework.web.filter.OncePerRequestFilter.doFilter(OncePerRequestFilter.java:116) [spring-web-6.2.10.jar:6.2.10]
	at org.apache.catalina.core.ApplicationFilterChain.internalDoFilter(ApplicationFilterChain.java:164) [tomcat-embed-core-10.1.44.jar:10.1.44]
	at org.apache.catalina.core.ApplicationFilterChain.doFilter(ApplicationFilterChain.java:140) [tomcat-embed-core-10.1.44.jar:10.1.44]
	at org.apache.catalina.core.StandardWrapperValve.invoke(StandardWrapperValve.java:167) [tomcat-embed-core-10.1.44.jar:10.1.44]
	at org.apache.catalina.core.StandardContextValve.invoke(StandardContextValve.java:90) [tomcat-embed-core-10.1.44.jar:10.1.44]
	at org.apache.catalina.authenticator.AuthenticatorBase.invoke(AuthenticatorBase.java:483) [tomcat-embed-core-10.1.44.jar:10.1.44]
	at org.apache.catalina.core.StandardHostValve.invoke(StandardHostValve.java:116) [tomcat-embed-core-10.1.44.jar:10.1.44]
	at org.apache.catalina.valves.ErrorReportValve.invoke(ErrorReportValve.java:93) [tomcat-embed-core-10.1.44.jar:10.1.44]
	at org.apache.catalina.core.StandardEngineValve.invoke(StandardEngineValve.java:74) [tomcat-embed-core-10.1.44.jar:10.1.44]
	at org.apache.catalina.connector.CoyoteAdapter.service(CoyoteAdapter.java:344) [tomcat-embed-core-10.1.44.jar:10.1.44]
	at org.apache.coyote.http11.Http11Processor.service(Http11Processor.java:398) [tomcat-embed-core-10.1.44.jar:10.1.44]
	at org.apache.coyote.AbstractProcessorLight.process(AbstractProcessorLight.java:63) [tomcat-embed-core-10.1.44.jar:10.1.44]
	at org.apache.coyote.AbstractProtocol$ConnectionHandler.process(AbstractProtocol.java:903) [tomcat-embed-core-10.1.44.jar:10.1.44]
	at org.apache.tomcat.util.net.NioEndpoint$SocketProcessor.doRun(NioEndpoint.java:1769) [tomcat-embed-core-10.1.44.jar:10.1.44]
	at org.apache.tomcat.util.net.SocketProcessorBase.run(SocketProcessorBase.java:52) [tomcat-embed-core-10.1.44.jar:10.1.44]
	at org.apache.tomcat.util.threads.ThreadPoolExecutor.runWorker(ThreadPoolExecutor.java:1189) [tomcat-embed-core-10.1.44.jar:10.1.44]
	at org.apache.tomcat.util.threads.ThreadPoolExecutor$Worker.run(ThreadPoolExecutor.java:658) [tomcat-embed-core-10.1.44.jar:10.1.44]
	at org.apache.tomcat.util.threads.TaskThread$WrappingRunnable.run(TaskThread.java:63) [tomcat-embed-core-10.1.44.jar:10.1.44]
	at java.base/java.lang.Thread.run(Thread.java:842) [?:?]
2025-09-11 09:53:55.820 [http-nio-8080-exec-2] ERROR com.opview.summary.service.DataProcessingService - 從 API 取得文章資料失敗。原因: API 回應為空或格式不正確
2025-09-11 09:53:55.822 [http-nio-8080-exec-2] INFO  com.opview.summary.service.DataProcessingService - 每日文章資料處理排程執行完畢。
2025-09-11 09:53:56.056 [http-nio-8080-exec-2] INFO  com.opview.summary.scheduler.DailyTaskScheduler - 排程任務執行成功，時間：2025-09-11T09:53:56.055692800
2025-09-11 10:00:01.225 [scheduling-1] INFO  com.opview.summary.scheduler.DailyTaskScheduler - 排程任務開始執行，時間：2025-09-11T10:00:01.225441200
2025-09-11 10:00:01.311 [scheduling-1] INFO  com.opview.summary.service.DataProcessingService - 開始執行每日文章資料處理排程...
2025-09-11 10:00:01.311 [scheduling-1] INFO  com.opview.summary.service.DataProcessingService - 取得日期範圍: 2025/09/10 00:00:00 至 2025/09/10 23:59:59
2025-09-11 10:00:01.312 [scheduling-1] INFO  com.opview.summary.util.ApiClient - 正在向 API 發送請求: https://capi.opview.com.tw/summary-api-dev/summary_search.jsp，參數: txtInput_json={"summary_information":{"time_range":"2025/09/10 00:00:00~2025/09/10 23:59:59","search_order":[{"field":"post_time","order_type":"des"}],"search_topic":"1636","search_source":"facebook;facebook_reply;bbs;bbs_reply"},"user_information":{"service_account":"ps_trial_001","user_account":"ps_trial_001","token":"eyJ0eXAiOiJKV1QiLCJhbGciOiJIUzI1NiJ9.eyJhdWQiOiJwc190cmlhbF8wMDEiLCJzdWIiOiJwc190cmlhbF8wMDEiLCJ1aWQiOjEzMCwiaXNzIjoiZWxhbmQiLCJleHAiOjE3NTgzODM5OTksImFhdCI6MTc1NjgwNDc0M30.9QCjyMJ18jjnc0EKCFDPhIVkbXkCUDRVQCwWAPTrETw"}}
2025-09-11 10:00:02.225 [scheduling-1] ERROR com.opview.summary.util.ApiClient - 請求 API 時發生未知錯誤: 
org.springframework.web.client.UnknownContentTypeException: Could not extract response: no suitable HttpMessageConverter found for response type [class com.opview.summary.entity.SummaryApiResponse] and content type [text/html;charset=UTF-8]
	at org.springframework.web.client.HttpMessageConverterExtractor.extractData(HttpMessageConverterExtractor.java:133) ~[spring-web-6.2.10.jar:6.2.10]
	at org.springframework.web.client.RestTemplate$ResponseEntityResponseExtractor.extractData(RestTemplate.java:1183) ~[spring-web-6.2.10.jar:6.2.10]
	at org.springframework.web.client.RestTemplate$ResponseEntityResponseExtractor.extractData(RestTemplate.java:1166) ~[spring-web-6.2.10.jar:6.2.10]
	at org.springframework.web.client.RestTemplate.doExecute(RestTemplate.java:903) ~[spring-web-6.2.10.jar:6.2.10]
	at org.springframework.web.client.RestTemplate.execute(RestTemplate.java:801) ~[spring-web-6.2.10.jar:6.2.10]
	at org.springframework.web.client.RestTemplate.exchange(RestTemplate.java:683) ~[spring-web-6.2.10.jar:6.2.10]
	at com.opview.summary.util.ApiClient.fetchArticles(ApiClient.java:86) ~[classes/:?]
	at com.opview.summary.service.DataProcessingService.processDailyArticles(DataProcessingService.java:56) ~[classes/:?]
	at com.opview.summary.scheduler.DailyTaskScheduler.runDailyTask(DailyTaskScheduler.java:45) ~[classes/:?]
	at java.base/jdk.internal.reflect.NativeMethodAccessorImpl.invoke0(Native Method) ~[?:?]
	at java.base/jdk.internal.reflect.NativeMethodAccessorImpl.invoke(NativeMethodAccessorImpl.java:77) ~[?:?]
	at java.base/jdk.internal.reflect.DelegatingMethodAccessorImpl.invoke(DelegatingMethodAccessorImpl.java:43) ~[?:?]
	at java.base/java.lang.reflect.Method.invoke(Method.java:568) ~[?:?]
	at org.springframework.scheduling.support.ScheduledMethodRunnable.runInternal(ScheduledMethodRunnable.java:130) ~[spring-context-6.2.10.jar:6.2.10]
	at org.springframework.scheduling.support.ScheduledMethodRunnable.lambda$run$2(ScheduledMethodRunnable.java:124) ~[spring-context-6.2.10.jar:6.2.10]
	at io.micrometer.observation.Observation.observe(Observation.java:498) [micrometer-observation-1.15.3.jar:1.15.3]
	at org.springframework.scheduling.support.ScheduledMethodRunnable.run(ScheduledMethodRunnable.java:124) [spring-context-6.2.10.jar:6.2.10]
	at org.springframework.scheduling.config.Task$OutcomeTrackingRunnable.run(Task.java:85) [spring-context-6.2.10.jar:6.2.10]
	at org.springframework.scheduling.support.DelegatingErrorHandlingRunnable.run(DelegatingErrorHandlingRunnable.java:54) [spring-context-6.2.10.jar:6.2.10]
	at org.springframework.scheduling.concurrent.ReschedulingRunnable.run(ReschedulingRunnable.java:96) [spring-context-6.2.10.jar:6.2.10]
	at java.base/java.util.concurrent.Executors$RunnableAdapter.call(Executors.java:539) [?:?]
	at java.base/java.util.concurrent.FutureTask.run(FutureTask.java:264) [?:?]
	at java.base/java.util.concurrent.ScheduledThreadPoolExecutor$ScheduledFutureTask.run(ScheduledThreadPoolExecutor.java:304) [?:?]
	at java.base/java.util.concurrent.ThreadPoolExecutor.runWorker(ThreadPoolExecutor.java:1136) [?:?]
	at java.base/java.util.concurrent.ThreadPoolExecutor$Worker.run(ThreadPoolExecutor.java:635) [?:?]
	at java.base/java.lang.Thread.run(Thread.java:842) [?:?]
2025-09-11 10:00:02.970 [scheduling-1] ERROR com.opview.summary.service.DataProcessingService - 從 API 取得文章資料失敗。原因: API 回應為空或格式不正確
2025-09-11 10:00:02.971 [scheduling-1] INFO  com.opview.summary.service.DataProcessingService - 每日文章資料處理排程執行完畢。
2025-09-11 10:00:03.010 [scheduling-1] INFO  com.opview.summary.scheduler.DailyTaskScheduler - 排程任務執行成功，時間：2025-09-11T10:00:03.009967900
2025-09-11 11:49:00.701 [restartedMain] INFO  com.opview.summary.SummaryDataApplication - Starting SummaryDataApplication using Java 17.0.12 with PID 11188 (D:\GoWork\summary-data\target\classes started by 管庭禾 in D:\GoWork\summary-data)
2025-09-11 11:49:00.738 [restartedMain] INFO  com.opview.summary.SummaryDataApplication - No active profile set, falling back to 1 default profile: "default"
2025-09-11 11:49:00.850 [restartedMain] INFO  org.springframework.boot.devtools.env.DevToolsPropertyDefaultsPostProcessor - Devtools property defaults active! Set 'spring.devtools.add-properties' to 'false' to disable
2025-09-11 11:49:00.851 [restartedMain] INFO  org.springframework.boot.devtools.env.DevToolsPropertyDefaultsPostProcessor - For additional web related logging consider setting the 'logging.level.web' property to 'DEBUG'
2025-09-11 11:49:01.956 [restartedMain] INFO  org.springframework.data.repository.config.RepositoryConfigurationDelegate - Bootstrapping Spring Data JDBC repositories in DEFAULT mode.
2025-09-11 11:49:02.031 [restartedMain] INFO  org.springframework.data.repository.config.RepositoryConfigurationDelegate - Finished Spring Data repository scanning in 63 ms. Found 2 JDBC repository interfaces.
2025-09-11 11:49:02.790 [restartedMain] INFO  org.springframework.boot.web.embedded.tomcat.TomcatWebServer - Tomcat initialized with port 8080 (http)
2025-09-11 11:49:02.818 [restartedMain] INFO  org.apache.coyote.http11.Http11NioProtocol - Initializing ProtocolHandler ["http-nio-8080"]
2025-09-11 11:49:02.821 [restartedMain] INFO  org.apache.catalina.core.StandardService - Starting service [Tomcat]
2025-09-11 11:49:02.822 [restartedMain] INFO  org.apache.catalina.core.StandardEngine - Starting Servlet engine: [Apache Tomcat/10.1.44]
2025-09-11 11:49:02.905 [restartedMain] INFO  org.apache.catalina.core.ContainerBase.[Tomcat].[localhost].[/] - Initializing Spring embedded WebApplicationContext
2025-09-11 11:49:02.906 [restartedMain] INFO  org.springframework.boot.web.servlet.context.ServletWebServerApplicationContext - Root WebApplicationContext: initialization completed in 2053 ms
2025-09-11 11:49:03.151 [restartedMain] INFO  com.zaxxer.hikari.HikariDataSource - HikariPool-1 - Starting...
2025-09-11 11:49:03.742 [restartedMain] INFO  com.zaxxer.hikari.pool.HikariPool - HikariPool-1 - Added connection org.mariadb.jdbc.Connection@7a98d9bd
2025-09-11 11:49:03.747 [restartedMain] INFO  com.zaxxer.hikari.HikariDataSource - HikariPool-1 - Start completed.
2025-09-11 11:49:03.970 [restartedMain] INFO  org.springframework.boot.devtools.autoconfigure.OptionalLiveReloadServer - LiveReload server is running on port 35729
2025-09-11 11:49:04.611 [restartedMain] INFO  org.apache.coyote.http11.Http11NioProtocol - Starting ProtocolHandler ["http-nio-8080"]
2025-09-11 11:49:04.645 [restartedMain] INFO  org.springframework.boot.web.embedded.tomcat.TomcatWebServer - Tomcat started on port 8080 (http) with context path '/'
2025-09-11 11:49:04.661 [restartedMain] INFO  com.opview.summary.SummaryDataApplication - Started SummaryDataApplication in 4.607 seconds (process running for 7.02)
2025-09-11 11:53:03.744 [http-nio-8080-exec-2] INFO  org.apache.catalina.core.ContainerBase.[Tomcat].[localhost].[/] - Initializing Spring DispatcherServlet 'dispatcherServlet'
2025-09-11 11:53:03.750 [http-nio-8080-exec-2] INFO  org.springframework.web.servlet.DispatcherServlet - Initializing Servlet 'dispatcherServlet'
2025-09-11 11:53:03.779 [http-nio-8080-exec-2] INFO  org.springframework.web.servlet.DispatcherServlet - Completed initialization in 28 ms
2025-09-11 11:53:03.988 [http-nio-8080-exec-2] INFO  com.opview.summary.scheduler.DailyTaskScheduler - 排程任務開始執行，時間：2025-09-11T11:53:03.988086400
2025-09-11 11:53:04.601 [http-nio-8080-exec-2] INFO  com.opview.summary.service.DataProcessingService - 開始執行每日文章資料處理排程...
2025-09-11 11:53:04.603 [http-nio-8080-exec-2] INFO  com.opview.summary.service.DataProcessingService - 取得日期範圍: 2025/09/10 00:00:00 至 2025/09/10 23:59:59
2025-09-11 11:53:04.630 [http-nio-8080-exec-2] INFO  com.opview.summary.util.ApiClient - 格式化 JSON:
{
  "summary_information": {
    "time_range": "2025/09/10 00:00:00~2025/09/10 23:59:59",
    "search_order": [
      {
        "field": "post_time",
        "order_type": "des"
      }
    ],
    "search_topic": "1636",
    "search_source": "facebook;facebook_reply;bbs;bbs_reply"
  },
  "user_information": {
    "service_account": "ps_trial_001",
    "user_account": "ps_trial_001",
    "token": "eyJ0eXAiOiJKV1QiLCJhbGciOiJIUzI1NiJ9.eyJhdWQiOiJwc190cmlhbF8wMDEiLCJzdWIiOiJwc190cmlhbF8wMDEiLCJ1aWQiOjEzMCwiaXNzIjoiZWxhbmQiLCJleHAiOjE3NTgzODM5OTksImFhdCI6MTc1NjgwNDc0M30.9QCjyMJ18jjnc0EKCFDPhIVkbXkCUDRVQCwWAPTrETw"
  }
}
2025-09-11 11:53:04.637 [http-nio-8080-exec-2] INFO  com.opview.summary.util.ApiClient - 正在向 API 發送請求: https://capi.opview.com.tw/summary-api-dev/summary_search.jsp，參數: txtInput_json={"summary_information":{"time_range":"2025/09/10 00:00:00~2025/09/10 23:59:59","search_order":[{"field":"post_time","order_type":"des"}],"search_topic":"1636","search_source":"facebook;facebook_reply;bbs;bbs_reply"},"user_information":{"service_account":"ps_trial_001","user_account":"ps_trial_001","token":"eyJ0eXAiOiJKV1QiLCJhbGciOiJIUzI1NiJ9.eyJhdWQiOiJwc190cmlhbF8wMDEiLCJzdWIiOiJwc190cmlhbF8wMDEiLCJ1aWQiOjEzMCwiaXNzIjoiZWxhbmQiLCJleHAiOjE3NTgzODM5OTksImFhdCI6MTc1NjgwNDc0M30.9QCjyMJ18jjnc0EKCFDPhIVkbXkCUDRVQCwWAPTrETw"}}
2025-09-11 11:53:05.718 [http-nio-8080-exec-2] ERROR com.opview.summary.util.ApiClient - 請求 API 時發生未知錯誤: 
org.springframework.web.client.UnknownContentTypeException: Could not extract response: no suitable HttpMessageConverter found for response type [class com.opview.summary.entity.SummaryApiResponse] and content type [text/html;charset=UTF-8]
	at org.springframework.web.client.HttpMessageConverterExtractor.extractData(HttpMessageConverterExtractor.java:133) ~[spring-web-6.2.10.jar:6.2.10]
	at org.springframework.web.client.RestTemplate$ResponseEntityResponseExtractor.extractData(RestTemplate.java:1183) ~[spring-web-6.2.10.jar:6.2.10]
	at org.springframework.web.client.RestTemplate$ResponseEntityResponseExtractor.extractData(RestTemplate.java:1166) ~[spring-web-6.2.10.jar:6.2.10]
	at org.springframework.web.client.RestTemplate.doExecute(RestTemplate.java:903) ~[spring-web-6.2.10.jar:6.2.10]
	at org.springframework.web.client.RestTemplate.execute(RestTemplate.java:801) ~[spring-web-6.2.10.jar:6.2.10]
	at org.springframework.web.client.RestTemplate.exchange(RestTemplate.java:683) ~[spring-web-6.2.10.jar:6.2.10]
	at com.opview.summary.util.ApiClient.fetchArticles(ApiClient.java:90) [classes/:?]
	at com.opview.summary.service.DataProcessingService.processDailyArticles(DataProcessingService.java:56) [classes/:?]
	at com.opview.summary.scheduler.DailyTaskScheduler.runDailyTask(DailyTaskScheduler.java:45) [classes/:?]
	at com.opview.summary.controller.TaskController.runScheduledTaskManually(TaskController.java:28) [classes/:?]
	at java.base/jdk.internal.reflect.NativeMethodAccessorImpl.invoke0(Native Method) ~[?:?]
	at java.base/jdk.internal.reflect.NativeMethodAccessorImpl.invoke(NativeMethodAccessorImpl.java:77) ~[?:?]
	at java.base/jdk.internal.reflect.DelegatingMethodAccessorImpl.invoke(DelegatingMethodAccessorImpl.java:43) ~[?:?]
	at java.base/java.lang.reflect.Method.invoke(Method.java:568) ~[?:?]
	at org.springframework.web.method.support.InvocableHandlerMethod.doInvoke(InvocableHandlerMethod.java:258) [spring-web-6.2.10.jar:6.2.10]
	at org.springframework.web.method.support.InvocableHandlerMethod.invokeForRequest(InvocableHandlerMethod.java:191) [spring-web-6.2.10.jar:6.2.10]
	at org.springframework.web.servlet.mvc.method.annotation.ServletInvocableHandlerMethod.invokeAndHandle(ServletInvocableHandlerMethod.java:118) [spring-webmvc-6.2.10.jar:6.2.10]
	at org.springframework.web.servlet.mvc.method.annotation.RequestMappingHandlerAdapter.invokeHandlerMethod(RequestMappingHandlerAdapter.java:991) [spring-webmvc-6.2.10.jar:6.2.10]
	at org.springframework.web.servlet.mvc.method.annotation.RequestMappingHandlerAdapter.handleInternal(RequestMappingHandlerAdapter.java:896) [spring-webmvc-6.2.10.jar:6.2.10]
	at org.springframework.web.servlet.mvc.method.AbstractHandlerMethodAdapter.handle(AbstractHandlerMethodAdapter.java:87) [spring-webmvc-6.2.10.jar:6.2.10]
	at org.springframework.web.servlet.DispatcherServlet.doDispatch(DispatcherServlet.java:1089) [spring-webmvc-6.2.10.jar:6.2.10]
	at org.springframework.web.servlet.DispatcherServlet.doService(DispatcherServlet.java:979) [spring-webmvc-6.2.10.jar:6.2.10]
	at org.springframework.web.servlet.FrameworkServlet.processRequest(FrameworkServlet.java:1014) [spring-webmvc-6.2.10.jar:6.2.10]
	at org.springframework.web.servlet.FrameworkServlet.doGet(FrameworkServlet.java:903) [spring-webmvc-6.2.10.jar:6.2.10]
	at jakarta.servlet.http.HttpServlet.service(HttpServlet.java:564) [tomcat-embed-core-10.1.44.jar:6.0]
	at org.springframework.web.servlet.FrameworkServlet.service(FrameworkServlet.java:885) [spring-webmvc-6.2.10.jar:6.2.10]
	at jakarta.servlet.http.HttpServlet.service(HttpServlet.java:658) [tomcat-embed-core-10.1.44.jar:6.0]
	at org.apache.catalina.core.ApplicationFilterChain.internalDoFilter(ApplicationFilterChain.java:195) [tomcat-embed-core-10.1.44.jar:10.1.44]
	at org.apache.catalina.core.ApplicationFilterChain.doFilter(ApplicationFilterChain.java:140) [tomcat-embed-core-10.1.44.jar:10.1.44]
	at org.apache.tomcat.websocket.server.WsFilter.doFilter(WsFilter.java:51) [tomcat-embed-websocket-10.1.44.jar:10.1.44]
	at org.apache.catalina.core.ApplicationFilterChain.internalDoFilter(ApplicationFilterChain.java:164) [tomcat-embed-core-10.1.44.jar:10.1.44]
	at org.apache.catalina.core.ApplicationFilterChain.doFilter(ApplicationFilterChain.java:140) [tomcat-embed-core-10.1.44.jar:10.1.44]
	at org.springframework.web.filter.RequestContextFilter.doFilterInternal(RequestContextFilter.java:100) [spring-web-6.2.10.jar:6.2.10]
	at org.springframework.web.filter.OncePerRequestFilter.doFilter(OncePerRequestFilter.java:116) [spring-web-6.2.10.jar:6.2.10]
	at org.apache.catalina.core.ApplicationFilterChain.internalDoFilter(ApplicationFilterChain.java:164) [tomcat-embed-core-10.1.44.jar:10.1.44]
	at org.apache.catalina.core.ApplicationFilterChain.doFilter(ApplicationFilterChain.java:140) [tomcat-embed-core-10.1.44.jar:10.1.44]
	at org.springframework.web.filter.FormContentFilter.doFilterInternal(FormContentFilter.java:93) [spring-web-6.2.10.jar:6.2.10]
	at org.springframework.web.filter.OncePerRequestFilter.doFilter(OncePerRequestFilter.java:116) [spring-web-6.2.10.jar:6.2.10]
	at org.apache.catalina.core.ApplicationFilterChain.internalDoFilter(ApplicationFilterChain.java:164) [tomcat-embed-core-10.1.44.jar:10.1.44]
	at org.apache.catalina.core.ApplicationFilterChain.doFilter(ApplicationFilterChain.java:140) [tomcat-embed-core-10.1.44.jar:10.1.44]
	at org.springframework.web.filter.CharacterEncodingFilter.doFilterInternal(CharacterEncodingFilter.java:201) [spring-web-6.2.10.jar:6.2.10]
	at org.springframework.web.filter.OncePerRequestFilter.doFilter(OncePerRequestFilter.java:116) [spring-web-6.2.10.jar:6.2.10]
	at org.apache.catalina.core.ApplicationFilterChain.internalDoFilter(ApplicationFilterChain.java:164) [tomcat-embed-core-10.1.44.jar:10.1.44]
	at org.apache.catalina.core.ApplicationFilterChain.doFilter(ApplicationFilterChain.java:140) [tomcat-embed-core-10.1.44.jar:10.1.44]
	at org.apache.catalina.core.StandardWrapperValve.invoke(StandardWrapperValve.java:167) [tomcat-embed-core-10.1.44.jar:10.1.44]
	at org.apache.catalina.core.StandardContextValve.invoke(StandardContextValve.java:90) [tomcat-embed-core-10.1.44.jar:10.1.44]
	at org.apache.catalina.authenticator.AuthenticatorBase.invoke(AuthenticatorBase.java:483) [tomcat-embed-core-10.1.44.jar:10.1.44]
	at org.apache.catalina.core.StandardHostValve.invoke(StandardHostValve.java:116) [tomcat-embed-core-10.1.44.jar:10.1.44]
	at org.apache.catalina.valves.ErrorReportValve.invoke(ErrorReportValve.java:93) [tomcat-embed-core-10.1.44.jar:10.1.44]
	at org.apache.catalina.core.StandardEngineValve.invoke(StandardEngineValve.java:74) [tomcat-embed-core-10.1.44.jar:10.1.44]
	at org.apache.catalina.connector.CoyoteAdapter.service(CoyoteAdapter.java:344) [tomcat-embed-core-10.1.44.jar:10.1.44]
	at org.apache.coyote.http11.Http11Processor.service(Http11Processor.java:398) [tomcat-embed-core-10.1.44.jar:10.1.44]
	at org.apache.coyote.AbstractProcessorLight.process(AbstractProcessorLight.java:63) [tomcat-embed-core-10.1.44.jar:10.1.44]
	at org.apache.coyote.AbstractProtocol$ConnectionHandler.process(AbstractProtocol.java:903) [tomcat-embed-core-10.1.44.jar:10.1.44]
	at org.apache.tomcat.util.net.NioEndpoint$SocketProcessor.doRun(NioEndpoint.java:1769) [tomcat-embed-core-10.1.44.jar:10.1.44]
	at org.apache.tomcat.util.net.SocketProcessorBase.run(SocketProcessorBase.java:52) [tomcat-embed-core-10.1.44.jar:10.1.44]
	at org.apache.tomcat.util.threads.ThreadPoolExecutor.runWorker(ThreadPoolExecutor.java:1189) [tomcat-embed-core-10.1.44.jar:10.1.44]
	at org.apache.tomcat.util.threads.ThreadPoolExecutor$Worker.run(ThreadPoolExecutor.java:658) [tomcat-embed-core-10.1.44.jar:10.1.44]
	at org.apache.tomcat.util.threads.TaskThread$WrappingRunnable.run(TaskThread.java:63) [tomcat-embed-core-10.1.44.jar:10.1.44]
	at java.base/java.lang.Thread.run(Thread.java:842) [?:?]
2025-09-11 11:53:05.730 [http-nio-8080-exec-2] ERROR com.opview.summary.service.DataProcessingService - 從 API 取得文章資料失敗。原因: API 回應為空或格式不正確
2025-09-11 11:53:05.730 [http-nio-8080-exec-2] INFO  com.opview.summary.service.DataProcessingService - 每日文章資料處理排程執行完畢。
2025-09-11 11:53:05.789 [http-nio-8080-exec-2] INFO  com.opview.summary.scheduler.DailyTaskScheduler - 排程任務執行成功，時間：2025-09-11T11:53:05.789837300
2025-09-11 12:06:43.458 [http-nio-8080-exec-4] INFO  com.opview.summary.scheduler.DailyTaskScheduler - 排程任務開始執行，時間：2025-09-11T12:06:43.429483700
2025-09-11 12:06:43.839 [http-nio-8080-exec-4] INFO  com.opview.summary.service.DataProcessingService - 開始執行每日文章資料處理排程...
2025-09-11 12:06:43.842 [http-nio-8080-exec-4] INFO  com.opview.summary.service.DataProcessingService - 取得日期範圍: 2025/09/10 00:00:00 至 2025/09/10 23:59:59
2025-09-11 12:06:43.862 [http-nio-8080-exec-4] INFO  com.opview.summary.util.ApiClient - 格式化 JSON:
{
  "summary_information": {
    "time_range": "2025/09/10 00:00:00~2025/09/10 23:59:59",
    "search_order": [
      {
        "field": "post_time",
        "order_type": "des"
      }
    ],
    "search_topic": "1636",
    "search_source": "facebook;facebook_reply;bbs;bbs_reply"
  },
  "user_information": {
    "service_account": "ps_trial_001",
    "user_account": "ps_trial_001",
    "token": "eyJ0eXAiOiJKV1QiLCJhbGciOiJIUzI1NiJ9.eyJhdWQiOiJwc190cmlhbF8wMDEiLCJzdWIiOiJwc190cmlhbF8wMDEiLCJ1aWQiOjEzMCwiaXNzIjoiZWxhbmQiLCJleHAiOjE3NTgzODM5OTksImFhdCI6MTc1NjgwNDc0M30.9QCjyMJ18jjnc0EKCFDPhIVkbXkCUDRVQCwWAPTrETw"
  }
}
2025-09-11 12:06:43.870 [http-nio-8080-exec-4] INFO  com.opview.summary.util.ApiClient - 正在向 API 發送請求: https://capi.opview.com.tw/summary-api-dev/summary_search.jsp，參數: txtInput_json={"summary_information":{"time_range":"2025/09/10 00:00:00~2025/09/10 23:59:59","search_order":[{"field":"post_time","order_type":"des"}],"search_topic":"1636","search_source":"facebook;facebook_reply;bbs;bbs_reply"},"user_information":{"service_account":"ps_trial_001","user_account":"ps_trial_001","token":"eyJ0eXAiOiJKV1QiLCJhbGciOiJIUzI1NiJ9.eyJhdWQiOiJwc190cmlhbF8wMDEiLCJzdWIiOiJwc190cmlhbF8wMDEiLCJ1aWQiOjEzMCwiaXNzIjoiZWxhbmQiLCJleHAiOjE3NTgzODM5OTksImFhdCI6MTc1NjgwNDc0M30.9QCjyMJ18jjnc0EKCFDPhIVkbXkCUDRVQCwWAPTrETw"}}
2025-09-11 12:06:44.424 [http-nio-8080-exec-4] ERROR com.opview.summary.util.ApiClient - 請求 API 時發生未知錯誤: 
org.springframework.web.client.UnknownContentTypeException: Could not extract response: no suitable HttpMessageConverter found for response type [class com.opview.summary.entity.SummaryApiResponse] and content type [text/html;charset=UTF-8]
	at org.springframework.web.client.HttpMessageConverterExtractor.extractData(HttpMessageConverterExtractor.java:133) ~[spring-web-6.2.10.jar:6.2.10]
	at org.springframework.web.client.RestTemplate$ResponseEntityResponseExtractor.extractData(RestTemplate.java:1183) ~[spring-web-6.2.10.jar:6.2.10]
	at org.springframework.web.client.RestTemplate$ResponseEntityResponseExtractor.extractData(RestTemplate.java:1166) ~[spring-web-6.2.10.jar:6.2.10]
	at org.springframework.web.client.RestTemplate.doExecute(RestTemplate.java:903) ~[spring-web-6.2.10.jar:6.2.10]
	at org.springframework.web.client.RestTemplate.execute(RestTemplate.java:801) ~[spring-web-6.2.10.jar:6.2.10]
	at org.springframework.web.client.RestTemplate.exchange(RestTemplate.java:683) ~[spring-web-6.2.10.jar:6.2.10]
	at com.opview.summary.util.ApiClient.fetchArticles(ApiClient.java:90) [classes/:?]
	at com.opview.summary.service.DataProcessingService.processDailyArticles(DataProcessingService.java:56) [classes/:?]
	at com.opview.summary.scheduler.DailyTaskScheduler.runDailyTask(DailyTaskScheduler.java:45) [classes/:?]
	at com.opview.summary.controller.TaskController.runScheduledTaskManually(TaskController.java:28) [classes/:?]
	at java.base/jdk.internal.reflect.NativeMethodAccessorImpl.invoke0(Native Method) ~[?:?]
	at java.base/jdk.internal.reflect.NativeMethodAccessorImpl.invoke(NativeMethodAccessorImpl.java:77) ~[?:?]
	at java.base/jdk.internal.reflect.DelegatingMethodAccessorImpl.invoke(DelegatingMethodAccessorImpl.java:43) ~[?:?]
	at java.base/java.lang.reflect.Method.invoke(Method.java:568) ~[?:?]
	at org.springframework.web.method.support.InvocableHandlerMethod.doInvoke(InvocableHandlerMethod.java:258) [spring-web-6.2.10.jar:6.2.10]
	at org.springframework.web.method.support.InvocableHandlerMethod.invokeForRequest(InvocableHandlerMethod.java:191) [spring-web-6.2.10.jar:6.2.10]
	at org.springframework.web.servlet.mvc.method.annotation.ServletInvocableHandlerMethod.invokeAndHandle(ServletInvocableHandlerMethod.java:118) [spring-webmvc-6.2.10.jar:6.2.10]
	at org.springframework.web.servlet.mvc.method.annotation.RequestMappingHandlerAdapter.invokeHandlerMethod(RequestMappingHandlerAdapter.java:991) [spring-webmvc-6.2.10.jar:6.2.10]
	at org.springframework.web.servlet.mvc.method.annotation.RequestMappingHandlerAdapter.handleInternal(RequestMappingHandlerAdapter.java:896) [spring-webmvc-6.2.10.jar:6.2.10]
	at org.springframework.web.servlet.mvc.method.AbstractHandlerMethodAdapter.handle(AbstractHandlerMethodAdapter.java:87) [spring-webmvc-6.2.10.jar:6.2.10]
	at org.springframework.web.servlet.DispatcherServlet.doDispatch(DispatcherServlet.java:1089) [spring-webmvc-6.2.10.jar:6.2.10]
	at org.springframework.web.servlet.DispatcherServlet.doService(DispatcherServlet.java:979) [spring-webmvc-6.2.10.jar:6.2.10]
	at org.springframework.web.servlet.FrameworkServlet.processRequest(FrameworkServlet.java:1014) [spring-webmvc-6.2.10.jar:6.2.10]
	at org.springframework.web.servlet.FrameworkServlet.doGet(FrameworkServlet.java:903) [spring-webmvc-6.2.10.jar:6.2.10]
	at jakarta.servlet.http.HttpServlet.service(HttpServlet.java:564) [tomcat-embed-core-10.1.44.jar:6.0]
	at org.springframework.web.servlet.FrameworkServlet.service(FrameworkServlet.java:885) [spring-webmvc-6.2.10.jar:6.2.10]
	at jakarta.servlet.http.HttpServlet.service(HttpServlet.java:658) [tomcat-embed-core-10.1.44.jar:6.0]
	at org.apache.catalina.core.ApplicationFilterChain.internalDoFilter(ApplicationFilterChain.java:195) [tomcat-embed-core-10.1.44.jar:10.1.44]
	at org.apache.catalina.core.ApplicationFilterChain.doFilter(ApplicationFilterChain.java:140) [tomcat-embed-core-10.1.44.jar:10.1.44]
	at org.apache.tomcat.websocket.server.WsFilter.doFilter(WsFilter.java:51) [tomcat-embed-websocket-10.1.44.jar:10.1.44]
	at org.apache.catalina.core.ApplicationFilterChain.internalDoFilter(ApplicationFilterChain.java:164) [tomcat-embed-core-10.1.44.jar:10.1.44]
	at org.apache.catalina.core.ApplicationFilterChain.doFilter(ApplicationFilterChain.java:140) [tomcat-embed-core-10.1.44.jar:10.1.44]
	at org.springframework.web.filter.RequestContextFilter.doFilterInternal(RequestContextFilter.java:100) [spring-web-6.2.10.jar:6.2.10]
	at org.springframework.web.filter.OncePerRequestFilter.doFilter(OncePerRequestFilter.java:116) [spring-web-6.2.10.jar:6.2.10]
	at org.apache.catalina.core.ApplicationFilterChain.internalDoFilter(ApplicationFilterChain.java:164) [tomcat-embed-core-10.1.44.jar:10.1.44]
	at org.apache.catalina.core.ApplicationFilterChain.doFilter(ApplicationFilterChain.java:140) [tomcat-embed-core-10.1.44.jar:10.1.44]
	at org.springframework.web.filter.FormContentFilter.doFilterInternal(FormContentFilter.java:93) [spring-web-6.2.10.jar:6.2.10]
	at org.springframework.web.filter.OncePerRequestFilter.doFilter(OncePerRequestFilter.java:116) [spring-web-6.2.10.jar:6.2.10]
	at org.apache.catalina.core.ApplicationFilterChain.internalDoFilter(ApplicationFilterChain.java:164) [tomcat-embed-core-10.1.44.jar:10.1.44]
	at org.apache.catalina.core.ApplicationFilterChain.doFilter(ApplicationFilterChain.java:140) [tomcat-embed-core-10.1.44.jar:10.1.44]
	at org.springframework.web.filter.CharacterEncodingFilter.doFilterInternal(CharacterEncodingFilter.java:201) [spring-web-6.2.10.jar:6.2.10]
	at org.springframework.web.filter.OncePerRequestFilter.doFilter(OncePerRequestFilter.java:116) [spring-web-6.2.10.jar:6.2.10]
	at org.apache.catalina.core.ApplicationFilterChain.internalDoFilter(ApplicationFilterChain.java:164) [tomcat-embed-core-10.1.44.jar:10.1.44]
	at org.apache.catalina.core.ApplicationFilterChain.doFilter(ApplicationFilterChain.java:140) [tomcat-embed-core-10.1.44.jar:10.1.44]
	at org.apache.catalina.core.StandardWrapperValve.invoke(StandardWrapperValve.java:167) [tomcat-embed-core-10.1.44.jar:10.1.44]
	at org.apache.catalina.core.StandardContextValve.invoke(StandardContextValve.java:90) [tomcat-embed-core-10.1.44.jar:10.1.44]
	at org.apache.catalina.authenticator.AuthenticatorBase.invoke(AuthenticatorBase.java:483) [tomcat-embed-core-10.1.44.jar:10.1.44]
	at org.apache.catalina.core.StandardHostValve.invoke(StandardHostValve.java:116) [tomcat-embed-core-10.1.44.jar:10.1.44]
	at org.apache.catalina.valves.ErrorReportValve.invoke(ErrorReportValve.java:93) [tomcat-embed-core-10.1.44.jar:10.1.44]
	at org.apache.catalina.core.StandardEngineValve.invoke(StandardEngineValve.java:74) [tomcat-embed-core-10.1.44.jar:10.1.44]
	at org.apache.catalina.connector.CoyoteAdapter.service(CoyoteAdapter.java:344) [tomcat-embed-core-10.1.44.jar:10.1.44]
	at org.apache.coyote.http11.Http11Processor.service(Http11Processor.java:398) [tomcat-embed-core-10.1.44.jar:10.1.44]
	at org.apache.coyote.AbstractProcessorLight.process(AbstractProcessorLight.java:63) [tomcat-embed-core-10.1.44.jar:10.1.44]
	at org.apache.coyote.AbstractProtocol$ConnectionHandler.process(AbstractProtocol.java:903) [tomcat-embed-core-10.1.44.jar:10.1.44]
	at org.apache.tomcat.util.net.NioEndpoint$SocketProcessor.doRun(NioEndpoint.java:1769) [tomcat-embed-core-10.1.44.jar:10.1.44]
	at org.apache.tomcat.util.net.SocketProcessorBase.run(SocketProcessorBase.java:52) [tomcat-embed-core-10.1.44.jar:10.1.44]
	at org.apache.tomcat.util.threads.ThreadPoolExecutor.runWorker(ThreadPoolExecutor.java:1189) [tomcat-embed-core-10.1.44.jar:10.1.44]
	at org.apache.tomcat.util.threads.ThreadPoolExecutor$Worker.run(ThreadPoolExecutor.java:658) [tomcat-embed-core-10.1.44.jar:10.1.44]
	at org.apache.tomcat.util.threads.TaskThread$WrappingRunnable.run(TaskThread.java:63) [tomcat-embed-core-10.1.44.jar:10.1.44]
	at java.base/java.lang.Thread.run(Thread.java:842) [?:?]
2025-09-11 12:06:44.553 [http-nio-8080-exec-4] ERROR com.opview.summary.service.DataProcessingService - 從 API 取得文章資料失敗。原因: API 回應為空或格式不正確
2025-09-11 12:06:44.553 [http-nio-8080-exec-4] INFO  com.opview.summary.service.DataProcessingService - 每日文章資料處理排程執行完畢。
2025-09-11 12:06:44.573 [http-nio-8080-exec-4] INFO  com.opview.summary.scheduler.DailyTaskScheduler - 排程任務執行成功，時間：2025-09-11T12:06:44.573402100
2025-09-11 12:09:39.154 [File Watcher] INFO  org.springframework.boot.devtools.autoconfigure.LocalDevToolsAutoConfiguration$RestartingClassPathChangeChangedEventListener - Restarting due to 1 class path change (0 additions, 0 deletions, 1 modification)
2025-09-11 12:09:39.308 [Thread-4] INFO  org.springframework.boot.web.embedded.tomcat.GracefulShutdown - Commencing graceful shutdown. Waiting for active requests to complete
2025-09-11 12:09:39.353 [tomcat-shutdown] INFO  org.apache.coyote.http11.Http11NioProtocol - Pausing ProtocolHandler ["http-nio-8080"]
2025-09-11 12:09:39.748 [tomcat-shutdown] INFO  org.springframework.boot.web.embedded.tomcat.GracefulShutdown - Graceful shutdown complete
2025-09-11 12:09:39.754 [Thread-4] INFO  org.apache.coyote.http11.Http11NioProtocol - Stopping ProtocolHandler ["http-nio-8080"]
2025-09-11 12:09:39.820 [Thread-4] INFO  com.zaxxer.hikari.HikariDataSource - HikariPool-1 - Shutdown initiated...
2025-09-11 12:09:39.852 [Thread-4] INFO  com.zaxxer.hikari.HikariDataSource - HikariPool-1 - Shutdown completed.
2025-09-11 12:09:40.520 [restartedMain] INFO  com.opview.summary.SummaryDataApplication - Starting SummaryDataApplication using Java 17.0.12 with PID 11188 (D:\GoWork\summary-data\target\classes started by 管庭禾 in D:\GoWork\summary-data)
2025-09-11 12:09:40.522 [restartedMain] INFO  com.opview.summary.SummaryDataApplication - No active profile set, falling back to 1 default profile: "default"
2025-09-11 12:09:40.892 [restartedMain] INFO  org.springframework.data.repository.config.RepositoryConfigurationDelegate - Bootstrapping Spring Data JDBC repositories in DEFAULT mode.
2025-09-11 12:09:40.910 [restartedMain] INFO  org.springframework.data.repository.config.RepositoryConfigurationDelegate - Finished Spring Data repository scanning in 14 ms. Found 2 JDBC repository interfaces.
2025-09-11 12:09:41.109 [restartedMain] INFO  org.springframework.boot.web.embedded.tomcat.TomcatWebServer - Tomcat initialized with port 8080 (http)
2025-09-11 12:09:41.111 [restartedMain] INFO  org.apache.coyote.http11.Http11NioProtocol - Initializing ProtocolHandler ["http-nio-8080"]
2025-09-11 12:09:41.112 [restartedMain] INFO  org.apache.catalina.core.StandardService - Starting service [Tomcat]
2025-09-11 12:09:41.112 [restartedMain] INFO  org.apache.catalina.core.StandardEngine - Starting Servlet engine: [Apache Tomcat/10.1.44]
2025-09-11 12:09:41.138 [restartedMain] INFO  org.apache.catalina.core.ContainerBase.[Tomcat].[localhost].[/] - Initializing Spring embedded WebApplicationContext
2025-09-11 12:09:41.138 [restartedMain] INFO  org.springframework.boot.web.servlet.context.ServletWebServerApplicationContext - Root WebApplicationContext: initialization completed in 610 ms
2025-09-11 12:09:41.195 [restartedMain] INFO  com.zaxxer.hikari.HikariDataSource - HikariPool-2 - Starting...
2025-09-11 12:09:41.233 [restartedMain] INFO  com.zaxxer.hikari.pool.HikariPool - HikariPool-2 - Added connection org.mariadb.jdbc.Connection@73d16d40
2025-09-11 12:09:41.233 [restartedMain] INFO  com.zaxxer.hikari.HikariDataSource - HikariPool-2 - Start completed.
2025-09-11 12:09:41.270 [restartedMain] INFO  org.springframework.boot.devtools.autoconfigure.OptionalLiveReloadServer - LiveReload server is running on port 35729
2025-09-11 12:09:41.715 [restartedMain] INFO  org.apache.coyote.http11.Http11NioProtocol - Starting ProtocolHandler ["http-nio-8080"]
2025-09-11 12:09:41.744 [restartedMain] INFO  org.springframework.boot.web.embedded.tomcat.TomcatWebServer - Tomcat started on port 8080 (http) with context path '/'
2025-09-11 12:09:41.758 [restartedMain] INFO  com.opview.summary.SummaryDataApplication - Started SummaryDataApplication in 1.327 seconds (process running for 1244.117)
2025-09-11 12:09:41.768 [restartedMain] INFO  org.springframework.boot.devtools.autoconfigure.ConditionEvaluationDeltaLoggingListener - Condition evaluation unchanged
2025-09-11 12:20:35.011 [File Watcher] INFO  org.springframework.boot.devtools.autoconfigure.LocalDevToolsAutoConfiguration$RestartingClassPathChangeChangedEventListener - Restarting due to 2 class path changes (0 additions, 0 deletions, 2 modifications)
2025-09-11 12:20:35.269 [Thread-7] INFO  org.springframework.boot.web.embedded.tomcat.GracefulShutdown - Commencing graceful shutdown. Waiting for active requests to complete
2025-09-11 12:20:35.386 [tomcat-shutdown] INFO  org.apache.coyote.http11.Http11NioProtocol - Pausing ProtocolHandler ["http-nio-8080"]
2025-09-11 12:20:36.172 [tomcat-shutdown] INFO  org.springframework.boot.web.embedded.tomcat.GracefulShutdown - Graceful shutdown complete
2025-09-11 12:20:36.205 [Thread-7] INFO  org.apache.coyote.http11.Http11NioProtocol - Stopping ProtocolHandler ["http-nio-8080"]
2025-09-11 12:20:36.294 [Thread-7] INFO  com.zaxxer.hikari.HikariDataSource - HikariPool-2 - Shutdown initiated...
2025-09-11 12:20:36.348 [Thread-7] INFO  com.zaxxer.hikari.HikariDataSource - HikariPool-2 - Shutdown completed.
2025-09-11 12:20:38.108 [restartedMain] INFO  com.opview.summary.SummaryDataApplication - Starting SummaryDataApplication using Java 17.0.12 with PID 11188 (D:\GoWork\summary-data\target\classes started by 管庭禾 in D:\GoWork\summary-data)
2025-09-11 12:20:38.109 [restartedMain] INFO  com.opview.summary.SummaryDataApplication - No active profile set, falling back to 1 default profile: "default"
2025-09-11 12:20:38.827 [restartedMain] INFO  org.springframework.data.repository.config.RepositoryConfigurationDelegate - Bootstrapping Spring Data JDBC repositories in DEFAULT mode.
2025-09-11 12:20:38.846 [restartedMain] INFO  org.springframework.data.repository.config.RepositoryConfigurationDelegate - Finished Spring Data repository scanning in 16 ms. Found 2 JDBC repository interfaces.
2025-09-11 12:20:39.011 [restartedMain] INFO  org.springframework.boot.web.embedded.tomcat.TomcatWebServer - Tomcat initialized with port 8080 (http)
2025-09-11 12:20:39.014 [restartedMain] INFO  org.apache.coyote.http11.Http11NioProtocol - Initializing ProtocolHandler ["http-nio-8080"]
2025-09-11 12:20:39.015 [restartedMain] INFO  org.apache.catalina.core.StandardService - Starting service [Tomcat]
2025-09-11 12:20:39.016 [restartedMain] INFO  org.apache.catalina.core.StandardEngine - Starting Servlet engine: [Apache Tomcat/10.1.44]
2025-09-11 12:20:39.046 [restartedMain] INFO  org.apache.catalina.core.ContainerBase.[Tomcat].[localhost].[/] - Initializing Spring embedded WebApplicationContext
2025-09-11 12:20:39.046 [restartedMain] INFO  org.springframework.boot.web.servlet.context.ServletWebServerApplicationContext - Root WebApplicationContext: initialization completed in 867 ms
2025-09-11 12:20:39.112 [restartedMain] INFO  com.zaxxer.hikari.HikariDataSource - HikariPool-3 - Starting...
2025-09-11 12:20:39.182 [restartedMain] INFO  com.zaxxer.hikari.pool.HikariPool - HikariPool-3 - Added connection org.mariadb.jdbc.Connection@338e87f
2025-09-11 12:20:39.183 [restartedMain] INFO  com.zaxxer.hikari.HikariDataSource - HikariPool-3 - Start completed.
2025-09-11 12:20:39.214 [restartedMain] INFO  org.springframework.boot.devtools.autoconfigure.OptionalLiveReloadServer - LiveReload server is running on port 35729
2025-09-11 12:20:39.659 [restartedMain] INFO  org.apache.coyote.http11.Http11NioProtocol - Starting ProtocolHandler ["http-nio-8080"]
2025-09-11 12:20:39.670 [restartedMain] INFO  org.springframework.boot.web.embedded.tomcat.TomcatWebServer - Tomcat started on port 8080 (http) with context path '/'
2025-09-11 12:20:39.682 [restartedMain] INFO  com.opview.summary.SummaryDataApplication - Started SummaryDataApplication in 1.988 seconds (process running for 1902.04)
2025-09-11 12:20:39.689 [restartedMain] INFO  org.springframework.boot.devtools.autoconfigure.ConditionEvaluationDeltaLoggingListener - Condition evaluation unchanged
2025-09-11 12:20:50.706 [http-nio-8080-exec-2] INFO  org.apache.catalina.core.ContainerBase.[Tomcat].[localhost].[/] - Initializing Spring DispatcherServlet 'dispatcherServlet'
2025-09-11 12:20:50.707 [http-nio-8080-exec-2] INFO  org.springframework.web.servlet.DispatcherServlet - Initializing Servlet 'dispatcherServlet'
2025-09-11 12:20:50.709 [http-nio-8080-exec-2] INFO  org.springframework.web.servlet.DispatcherServlet - Completed initialization in 2 ms
2025-09-11 12:20:50.713 [http-nio-8080-exec-2] INFO  com.opview.summary.scheduler.DailyTaskScheduler - 排程任務開始執行，時間：2025-09-11T12:20:50.713704800
2025-09-11 12:20:50.798 [http-nio-8080-exec-2] INFO  com.opview.summary.service.DataProcessingService - 開始執行每日文章資料處理排程...
2025-09-11 12:20:50.801 [http-nio-8080-exec-2] INFO  com.opview.summary.service.DataProcessingService - 取得日期範圍: 2025/09/10 00:00:00 至 2025/09/10 23:59:59
2025-09-11 12:20:50.806 [http-nio-8080-exec-2] INFO  com.opview.summary.util.ApiClient - 正在向 API 發送請求: https://capi.opview.com.tw/summary-api-dev/summary_search.jsp，參數: txtInput_json={"summary_information":{"time_range":"2025/09/10 00:00:00~2025/09/10 23:59:59","search_order":[{"field":"post_time","order_type":"des"}],"search_topic":"1636","search_source":"facebook;facebook_reply;bbs;bbs_reply"},"user_information":{"service_account":"ps_trial_001","user_account":"ps_trial_001","token":"eyJ0eXAiOiJKV1QiLCJhbGciOiJIUzI1NiJ9.eyJhdWQiOiJwc190cmlhbF8wMDEiLCJzdWIiOiJwc190cmlhbF8wMDEiLCJ1aWQiOjEzMCwiaXNzIjoiZWxhbmQiLCJleHAiOjE3NTgzODM5OTksImFhdCI6MTc1NjgwNDc0M30.9QCjyMJ18jjnc0EKCFDPhIVkbXkCUDRVQCwWAPTrETw"}}
2025-09-11 12:20:50.913 [http-nio-8080-exec-2] INFO  com.opview.summary.util.ApiClient - HTTP 回應狀態: 200, Content-Type: text/html;charset=UTF-8
2025-09-11 12:20:50.913 [http-nio-8080-exec-2] INFO  com.opview.summary.util.ApiClient - API 原始回應: {"response_info":{"search_id":"b7577f950e309d164e49144754775000_1757564450930","version":"5.5","errorCode":"1.1","errorMessage":"Token certify fail.","queryTime":0.0,"total_mention":0}}
2025-09-11 12:20:50.941 [http-nio-8080-exec-2] ERROR com.opview.summary.util.ApiClient - 將 API 回應轉換為 SummaryApiResponse 失敗，回應內容可能不是 JSON：
com.google.gson.JsonIOException: Failed making field 'java.time.LocalDateTime#date' accessible; either increase its visibility or write a custom TypeAdapter for its declaring type.
	at com.google.gson.internal.reflect.ReflectionHelper.makeAccessible(ReflectionHelper.java:38) ~[gson-2.10.1.jar:?]
	at com.google.gson.internal.bind.ReflectiveTypeAdapterFactory.getBoundFields(ReflectiveTypeAdapterFactory.java:286) ~[gson-2.10.1.jar:?]
	at com.google.gson.internal.bind.ReflectiveTypeAdapterFactory.create(ReflectiveTypeAdapterFactory.java:130) ~[gson-2.10.1.jar:?]
	at com.google.gson.Gson.getAdapter(Gson.java:556) ~[gson-2.10.1.jar:?]
	at com.google.gson.internal.bind.ReflectiveTypeAdapterFactory.createBoundField(ReflectiveTypeAdapterFactory.java:160) ~[gson-2.10.1.jar:?]
	at com.google.gson.internal.bind.ReflectiveTypeAdapterFactory.getBoundFields(ReflectiveTypeAdapterFactory.java:294) ~[gson-2.10.1.jar:?]
	at com.google.gson.internal.bind.ReflectiveTypeAdapterFactory.create(ReflectiveTypeAdapterFactory.java:130) ~[gson-2.10.1.jar:?]
	at com.google.gson.Gson.getAdapter(Gson.java:556) ~[gson-2.10.1.jar:?]
	at com.google.gson.internal.bind.CollectionTypeAdapterFactory.create(CollectionTypeAdapterFactory.java:53) ~[gson-2.10.1.jar:?]
	at com.google.gson.Gson.getAdapter(Gson.java:556) ~[gson-2.10.1.jar:?]
	at com.google.gson.internal.bind.ReflectiveTypeAdapterFactory.createBoundField(ReflectiveTypeAdapterFactory.java:160) ~[gson-2.10.1.jar:?]
	at com.google.gson.internal.bind.ReflectiveTypeAdapterFactory.getBoundFields(ReflectiveTypeAdapterFactory.java:294) ~[gson-2.10.1.jar:?]
	at com.google.gson.internal.bind.ReflectiveTypeAdapterFactory.create(ReflectiveTypeAdapterFactory.java:130) ~[gson-2.10.1.jar:?]
	at com.google.gson.Gson.getAdapter(Gson.java:556) ~[gson-2.10.1.jar:?]
	at com.google.gson.Gson.fromJson(Gson.java:1226) ~[gson-2.10.1.jar:?]
	at com.google.gson.Gson.fromJson(Gson.java:1137) ~[gson-2.10.1.jar:?]
	at com.google.gson.Gson.fromJson(Gson.java:1047) ~[gson-2.10.1.jar:?]
	at com.google.gson.Gson.fromJson(Gson.java:982) ~[gson-2.10.1.jar:?]
	at com.opview.summary.util.ApiClient.fetchArticles(ApiClient.java:102) [classes/:?]
	at com.opview.summary.service.DataProcessingService.processDailyArticles(DataProcessingService.java:56) [classes/:?]
	at com.opview.summary.scheduler.DailyTaskScheduler.runDailyTask(DailyTaskScheduler.java:45) [classes/:?]
	at com.opview.summary.controller.TaskController.runScheduledTaskManually(TaskController.java:28) [classes/:?]
	at java.base/jdk.internal.reflect.NativeMethodAccessorImpl.invoke0(Native Method) ~[?:?]
	at java.base/jdk.internal.reflect.NativeMethodAccessorImpl.invoke(NativeMethodAccessorImpl.java:77) ~[?:?]
	at java.base/jdk.internal.reflect.DelegatingMethodAccessorImpl.invoke(DelegatingMethodAccessorImpl.java:43) ~[?:?]
	at java.base/java.lang.reflect.Method.invoke(Method.java:568) ~[?:?]
	at org.springframework.web.method.support.InvocableHandlerMethod.doInvoke(InvocableHandlerMethod.java:258) [spring-web-6.2.10.jar:6.2.10]
	at org.springframework.web.method.support.InvocableHandlerMethod.invokeForRequest(InvocableHandlerMethod.java:191) [spring-web-6.2.10.jar:6.2.10]
	at org.springframework.web.servlet.mvc.method.annotation.ServletInvocableHandlerMethod.invokeAndHandle(ServletInvocableHandlerMethod.java:118) [spring-webmvc-6.2.10.jar:6.2.10]
	at org.springframework.web.servlet.mvc.method.annotation.RequestMappingHandlerAdapter.invokeHandlerMethod(RequestMappingHandlerAdapter.java:991) [spring-webmvc-6.2.10.jar:6.2.10]
	at org.springframework.web.servlet.mvc.method.annotation.RequestMappingHandlerAdapter.handleInternal(RequestMappingHandlerAdapter.java:896) [spring-webmvc-6.2.10.jar:6.2.10]
	at org.springframework.web.servlet.mvc.method.AbstractHandlerMethodAdapter.handle(AbstractHandlerMethodAdapter.java:87) [spring-webmvc-6.2.10.jar:6.2.10]
	at org.springframework.web.servlet.DispatcherServlet.doDispatch(DispatcherServlet.java:1089) [spring-webmvc-6.2.10.jar:6.2.10]
	at org.springframework.web.servlet.DispatcherServlet.doService(DispatcherServlet.java:979) [spring-webmvc-6.2.10.jar:6.2.10]
	at org.springframework.web.servlet.FrameworkServlet.processRequest(FrameworkServlet.java:1014) [spring-webmvc-6.2.10.jar:6.2.10]
	at org.springframework.web.servlet.FrameworkServlet.doGet(FrameworkServlet.java:903) [spring-webmvc-6.2.10.jar:6.2.10]
	at jakarta.servlet.http.HttpServlet.service(HttpServlet.java:564) [tomcat-embed-core-10.1.44.jar:6.0]
	at org.springframework.web.servlet.FrameworkServlet.service(FrameworkServlet.java:885) [spring-webmvc-6.2.10.jar:6.2.10]
	at jakarta.servlet.http.HttpServlet.service(HttpServlet.java:658) [tomcat-embed-core-10.1.44.jar:6.0]
	at org.apache.catalina.core.ApplicationFilterChain.internalDoFilter(ApplicationFilterChain.java:195) [tomcat-embed-core-10.1.44.jar:10.1.44]
	at org.apache.catalina.core.ApplicationFilterChain.doFilter(ApplicationFilterChain.java:140) [tomcat-embed-core-10.1.44.jar:10.1.44]
	at org.apache.tomcat.websocket.server.WsFilter.doFilter(WsFilter.java:51) [tomcat-embed-websocket-10.1.44.jar:10.1.44]
	at org.apache.catalina.core.ApplicationFilterChain.internalDoFilter(ApplicationFilterChain.java:164) [tomcat-embed-core-10.1.44.jar:10.1.44]
	at org.apache.catalina.core.ApplicationFilterChain.doFilter(ApplicationFilterChain.java:140) [tomcat-embed-core-10.1.44.jar:10.1.44]
	at org.springframework.web.filter.RequestContextFilter.doFilterInternal(RequestContextFilter.java:100) [spring-web-6.2.10.jar:6.2.10]
	at org.springframework.web.filter.OncePerRequestFilter.doFilter(OncePerRequestFilter.java:116) [spring-web-6.2.10.jar:6.2.10]
	at org.apache.catalina.core.ApplicationFilterChain.internalDoFilter(ApplicationFilterChain.java:164) [tomcat-embed-core-10.1.44.jar:10.1.44]
	at org.apache.catalina.core.ApplicationFilterChain.doFilter(ApplicationFilterChain.java:140) [tomcat-embed-core-10.1.44.jar:10.1.44]
	at org.springframework.web.filter.FormContentFilter.doFilterInternal(FormContentFilter.java:93) [spring-web-6.2.10.jar:6.2.10]
	at org.springframework.web.filter.OncePerRequestFilter.doFilter(OncePerRequestFilter.java:116) [spring-web-6.2.10.jar:6.2.10]
	at org.apache.catalina.core.ApplicationFilterChain.internalDoFilter(ApplicationFilterChain.java:164) [tomcat-embed-core-10.1.44.jar:10.1.44]
	at org.apache.catalina.core.ApplicationFilterChain.doFilter(ApplicationFilterChain.java:140) [tomcat-embed-core-10.1.44.jar:10.1.44]
	at org.springframework.web.filter.CharacterEncodingFilter.doFilterInternal(CharacterEncodingFilter.java:201) [spring-web-6.2.10.jar:6.2.10]
	at org.springframework.web.filter.OncePerRequestFilter.doFilter(OncePerRequestFilter.java:116) [spring-web-6.2.10.jar:6.2.10]
	at org.apache.catalina.core.ApplicationFilterChain.internalDoFilter(ApplicationFilterChain.java:164) [tomcat-embed-core-10.1.44.jar:10.1.44]
	at org.apache.catalina.core.ApplicationFilterChain.doFilter(ApplicationFilterChain.java:140) [tomcat-embed-core-10.1.44.jar:10.1.44]
	at org.apache.catalina.core.StandardWrapperValve.invoke(StandardWrapperValve.java:167) [tomcat-embed-core-10.1.44.jar:10.1.44]
	at org.apache.catalina.core.StandardContextValve.invoke(StandardContextValve.java:90) [tomcat-embed-core-10.1.44.jar:10.1.44]
	at org.apache.catalina.authenticator.AuthenticatorBase.invoke(AuthenticatorBase.java:483) [tomcat-embed-core-10.1.44.jar:10.1.44]
	at org.apache.catalina.core.StandardHostValve.invoke(StandardHostValve.java:116) [tomcat-embed-core-10.1.44.jar:10.1.44]
	at org.apache.catalina.valves.ErrorReportValve.invoke(ErrorReportValve.java:93) [tomcat-embed-core-10.1.44.jar:10.1.44]
	at org.apache.catalina.core.StandardEngineValve.invoke(StandardEngineValve.java:74) [tomcat-embed-core-10.1.44.jar:10.1.44]
	at org.apache.catalina.connector.CoyoteAdapter.service(CoyoteAdapter.java:344) [tomcat-embed-core-10.1.44.jar:10.1.44]
	at org.apache.coyote.http11.Http11Processor.service(Http11Processor.java:398) [tomcat-embed-core-10.1.44.jar:10.1.44]
	at org.apache.coyote.AbstractProcessorLight.process(AbstractProcessorLight.java:63) [tomcat-embed-core-10.1.44.jar:10.1.44]
	at org.apache.coyote.AbstractProtocol$ConnectionHandler.process(AbstractProtocol.java:903) [tomcat-embed-core-10.1.44.jar:10.1.44]
	at org.apache.tomcat.util.net.NioEndpoint$SocketProcessor.doRun(NioEndpoint.java:1769) [tomcat-embed-core-10.1.44.jar:10.1.44]
	at org.apache.tomcat.util.net.SocketProcessorBase.run(SocketProcessorBase.java:52) [tomcat-embed-core-10.1.44.jar:10.1.44]
	at org.apache.tomcat.util.threads.ThreadPoolExecutor.runWorker(ThreadPoolExecutor.java:1189) [tomcat-embed-core-10.1.44.jar:10.1.44]
	at org.apache.tomcat.util.threads.ThreadPoolExecutor$Worker.run(ThreadPoolExecutor.java:658) [tomcat-embed-core-10.1.44.jar:10.1.44]
	at org.apache.tomcat.util.threads.TaskThread$WrappingRunnable.run(TaskThread.java:63) [tomcat-embed-core-10.1.44.jar:10.1.44]
	at java.base/java.lang.Thread.run(Thread.java:842) [?:?]
Caused by: java.lang.reflect.InaccessibleObjectException: Unable to make field private final java.time.LocalDate java.time.LocalDateTime.date accessible: module java.base does not "opens java.time" to unnamed module @dd0c991
	at java.base/java.lang.reflect.AccessibleObject.checkCanSetAccessible(AccessibleObject.java:354) ~[?:?]
	at java.base/java.lang.reflect.AccessibleObject.checkCanSetAccessible(AccessibleObject.java:297) ~[?:?]
	at java.base/java.lang.reflect.Field.checkCanSetAccessible(Field.java:178) ~[?:?]
	at java.base/java.lang.reflect.Field.setAccessible(Field.java:172) ~[?:?]
	at com.google.gson.internal.reflect.ReflectionHelper.makeAccessible(ReflectionHelper.java:35) ~[gson-2.10.1.jar:?]
	... 71 more
2025-09-11 12:20:51.049 [http-nio-8080-exec-2] ERROR com.opview.summary.service.DataProcessingService - 從 API 取得文章資料失敗。原因: API 回應為空或格式不正確
2025-09-11 12:20:51.049 [http-nio-8080-exec-2] INFO  com.opview.summary.service.DataProcessingService - 每日文章資料處理排程執行完畢。
2025-09-11 12:20:51.181 [http-nio-8080-exec-2] INFO  com.opview.summary.scheduler.DailyTaskScheduler - 排程任務執行成功，時間：2025-09-11T12:20:51.181456700
2025-09-11 12:27:54.644 [File Watcher] INFO  org.springframework.boot.devtools.autoconfigure.LocalDevToolsAutoConfiguration$RestartingClassPathChangeChangedEventListener - Restarting due to 2 class path changes (0 additions, 0 deletions, 2 modifications)
2025-09-11 12:27:54.678 [Thread-11] INFO  org.springframework.boot.web.embedded.tomcat.GracefulShutdown - Commencing graceful shutdown. Waiting for active requests to complete
2025-09-11 12:27:54.699 [tomcat-shutdown] INFO  org.apache.coyote.http11.Http11NioProtocol - Pausing ProtocolHandler ["http-nio-8080"]
2025-09-11 12:27:55.379 [tomcat-shutdown] INFO  org.springframework.boot.web.embedded.tomcat.GracefulShutdown - Graceful shutdown complete
2025-09-11 12:27:55.381 [Thread-11] INFO  org.apache.coyote.http11.Http11NioProtocol - Stopping ProtocolHandler ["http-nio-8080"]
2025-09-11 12:27:55.393 [Thread-11] INFO  com.zaxxer.hikari.HikariDataSource - HikariPool-3 - Shutdown initiated...
2025-09-11 12:27:55.400 [Thread-11] INFO  com.zaxxer.hikari.HikariDataSource - HikariPool-3 - Shutdown completed.
2025-09-11 12:27:55.620 [restartedMain] INFO  com.opview.summary.SummaryDataApplication - Starting SummaryDataApplication using Java 17.0.12 with PID 11188 (D:\GoWork\summary-data\target\classes started by 管庭禾 in D:\GoWork\summary-data)
2025-09-11 12:27:55.622 [restartedMain] INFO  com.opview.summary.SummaryDataApplication - No active profile set, falling back to 1 default profile: "default"
2025-09-11 12:27:55.911 [restartedMain] INFO  org.springframework.data.repository.config.RepositoryConfigurationDelegate - Bootstrapping Spring Data JDBC repositories in DEFAULT mode.
2025-09-11 12:27:55.931 [restartedMain] INFO  org.springframework.data.repository.config.RepositoryConfigurationDelegate - Finished Spring Data repository scanning in 18 ms. Found 2 JDBC repository interfaces.
2025-09-11 12:27:56.198 [restartedMain] INFO  org.springframework.boot.web.embedded.tomcat.TomcatWebServer - Tomcat initialized with port 8080 (http)
2025-09-11 12:27:56.200 [restartedMain] INFO  org.apache.coyote.http11.Http11NioProtocol - Initializing ProtocolHandler ["http-nio-8080"]
2025-09-11 12:27:56.201 [restartedMain] INFO  org.apache.catalina.core.StandardService - Starting service [Tomcat]
2025-09-11 12:27:56.201 [restartedMain] INFO  org.apache.catalina.core.StandardEngine - Starting Servlet engine: [Apache Tomcat/10.1.44]
2025-09-11 12:27:56.236 [restartedMain] INFO  org.apache.catalina.core.ContainerBase.[Tomcat].[localhost].[/] - Initializing Spring embedded WebApplicationContext
2025-09-11 12:27:56.237 [restartedMain] INFO  org.springframework.boot.web.servlet.context.ServletWebServerApplicationContext - Root WebApplicationContext: initialization completed in 610 ms
2025-09-11 12:27:56.314 [restartedMain] INFO  com.zaxxer.hikari.HikariDataSource - HikariPool-4 - Starting...
2025-09-11 12:27:56.332 [restartedMain] INFO  com.zaxxer.hikari.pool.HikariPool - HikariPool-4 - Added connection org.mariadb.jdbc.Connection@22cecbf9
2025-09-11 12:27:56.333 [restartedMain] INFO  com.zaxxer.hikari.HikariDataSource - HikariPool-4 - Start completed.
2025-09-11 12:27:56.387 [restartedMain] INFO  org.springframework.boot.devtools.autoconfigure.OptionalLiveReloadServer - LiveReload server is running on port 35729
2025-09-11 12:27:56.879 [restartedMain] INFO  org.apache.coyote.http11.Http11NioProtocol - Starting ProtocolHandler ["http-nio-8080"]
2025-09-11 12:27:56.886 [restartedMain] INFO  org.springframework.boot.web.embedded.tomcat.TomcatWebServer - Tomcat started on port 8080 (http) with context path '/'
2025-09-11 12:27:56.906 [restartedMain] INFO  com.opview.summary.SummaryDataApplication - Started SummaryDataApplication in 1.353 seconds (process running for 2339.264)
2025-09-11 12:27:56.910 [restartedMain] INFO  org.springframework.boot.devtools.autoconfigure.ConditionEvaluationDeltaLoggingListener - Condition evaluation unchanged
2025-09-11 12:30:53.839 [File Watcher] INFO  org.springframework.boot.devtools.autoconfigure.LocalDevToolsAutoConfiguration$RestartingClassPathChangeChangedEventListener - Restarting due to 2 class path changes (0 additions, 0 deletions, 2 modifications)
2025-09-11 12:30:53.842 [Thread-15] INFO  org.springframework.boot.web.embedded.tomcat.GracefulShutdown - Commencing graceful shutdown. Waiting for active requests to complete
2025-09-11 12:30:53.843 [tomcat-shutdown] INFO  org.apache.coyote.http11.Http11NioProtocol - Pausing ProtocolHandler ["http-nio-8080"]
2025-09-11 12:30:54.269 [tomcat-shutdown] INFO  org.springframework.boot.web.embedded.tomcat.GracefulShutdown - Graceful shutdown complete
2025-09-11 12:30:54.270 [Thread-15] INFO  org.apache.coyote.http11.Http11NioProtocol - Stopping ProtocolHandler ["http-nio-8080"]
2025-09-11 12:30:54.275 [Thread-15] INFO  com.zaxxer.hikari.HikariDataSource - HikariPool-4 - Shutdown initiated...
2025-09-11 12:30:54.279 [Thread-15] INFO  com.zaxxer.hikari.HikariDataSource - HikariPool-4 - Shutdown completed.
2025-09-11 12:30:54.405 [restartedMain] INFO  com.opview.summary.SummaryDataApplication - Starting SummaryDataApplication using Java 17.0.12 with PID 11188 (D:\GoWork\summary-data\target\classes started by 管庭禾 in D:\GoWork\summary-data)
2025-09-11 12:30:54.406 [restartedMain] INFO  com.opview.summary.SummaryDataApplication - No active profile set, falling back to 1 default profile: "default"
2025-09-11 12:30:54.680 [restartedMain] INFO  org.springframework.data.repository.config.RepositoryConfigurationDelegate - Bootstrapping Spring Data JDBC repositories in DEFAULT mode.
2025-09-11 12:30:54.692 [restartedMain] INFO  org.springframework.data.repository.config.RepositoryConfigurationDelegate - Finished Spring Data repository scanning in 9 ms. Found 2 JDBC repository interfaces.
2025-09-11 12:30:54.794 [restartedMain] INFO  org.springframework.boot.web.embedded.tomcat.TomcatWebServer - Tomcat initialized with port 8080 (http)
2025-09-11 12:30:54.795 [restartedMain] INFO  org.apache.coyote.http11.Http11NioProtocol - Initializing ProtocolHandler ["http-nio-8080"]
2025-09-11 12:30:54.796 [restartedMain] INFO  org.apache.catalina.core.StandardService - Starting service [Tomcat]
2025-09-11 12:30:54.797 [restartedMain] INFO  org.apache.catalina.core.StandardEngine - Starting Servlet engine: [Apache Tomcat/10.1.44]
2025-09-11 12:30:54.822 [restartedMain] INFO  org.apache.catalina.core.ContainerBase.[Tomcat].[localhost].[/] - Initializing Spring embedded WebApplicationContext
2025-09-11 12:30:54.822 [restartedMain] INFO  org.springframework.boot.web.servlet.context.ServletWebServerApplicationContext - Root WebApplicationContext: initialization completed in 412 ms
2025-09-11 12:30:54.870 [restartedMain] INFO  com.zaxxer.hikari.HikariDataSource - HikariPool-5 - Starting...
2025-09-11 12:30:54.875 [restartedMain] INFO  com.zaxxer.hikari.pool.HikariPool - HikariPool-5 - Added connection org.mariadb.jdbc.Connection@4016199
2025-09-11 12:30:54.876 [restartedMain] INFO  com.zaxxer.hikari.HikariDataSource - HikariPool-5 - Start completed.
2025-09-11 12:30:54.901 [restartedMain] INFO  org.springframework.boot.devtools.autoconfigure.OptionalLiveReloadServer - LiveReload server is running on port 35729
2025-09-11 12:30:55.034 [restartedMain] INFO  org.apache.coyote.http11.Http11NioProtocol - Starting ProtocolHandler ["http-nio-8080"]
2025-09-11 12:30:55.040 [restartedMain] INFO  org.springframework.boot.web.embedded.tomcat.TomcatWebServer - Tomcat started on port 8080 (http) with context path '/'
2025-09-11 12:30:55.055 [restartedMain] INFO  com.opview.summary.SummaryDataApplication - Started SummaryDataApplication in 0.707 seconds (process running for 2517.413)
2025-09-11 12:30:55.057 [restartedMain] INFO  org.springframework.boot.devtools.autoconfigure.ConditionEvaluationDeltaLoggingListener - Condition evaluation unchanged
2025-09-11 12:31:22.454 [http-nio-8080-exec-2] INFO  org.apache.catalina.core.ContainerBase.[Tomcat].[localhost].[/] - Initializing Spring DispatcherServlet 'dispatcherServlet'
2025-09-11 12:31:22.455 [http-nio-8080-exec-2] INFO  org.springframework.web.servlet.DispatcherServlet - Initializing Servlet 'dispatcherServlet'
2025-09-11 12:31:22.459 [http-nio-8080-exec-2] INFO  org.springframework.web.servlet.DispatcherServlet - Completed initialization in 4 ms
2025-09-11 12:31:22.462 [http-nio-8080-exec-2] INFO  com.opview.summary.scheduler.DailyTaskScheduler - 排程任務開始執行，時間：2025-09-11T12:31:22.461197100
2025-09-11 12:31:22.501 [http-nio-8080-exec-2] INFO  com.opview.summary.service.DataProcessingService - 開始執行每日文章資料處理排程...
2025-09-11 12:31:22.503 [http-nio-8080-exec-2] INFO  com.opview.summary.service.DataProcessingService - 取得日期範圍: 2025/09/10 00:00:00 至 2025/09/10 23:59:59
2025-09-11 12:31:22.510 [http-nio-8080-exec-2] INFO  com.opview.summary.util.ApiClient - 正在向 API 發送請求: https://capi.opview.com.tw/summary-api-dev/summary_search.jsp，參數: txtInput_json={"summary_information":{"time_range":"2025/09/10 00:00:00~2025/09/10 23:59:59","search_order":[{"field":"post_time","order_type":"des"}],"search_topic":"1636","search_source":"facebook;facebook_reply;bbs;bbs_reply"},"user_information":{"service_account":"ps_trial_001","user_account":"ps_trial_001","token":"eyJ0eXAiOiJKV1QiLCJhbGciOiJIUzI1NiJ9.eyJhdWQiOiJwc190cmlhbF8wMDEiLCJzdWIiOiJwc190cmlhbF8wMDEiLCJ1aWQiOjEzMCwiaXNzIjoiZWxhbmQiLCJleHAiOjE3NTgzODM5OTksImFhdCI6MTc1NjgwNDc0M30.9QCjyMJ18jjnc0EKCFDPhIVkbXkCUDRVQCwWAPTrETw"}}
2025-09-11 12:31:22.713 [http-nio-8080-exec-2] INFO  com.opview.summary.util.ApiClient - HTTP 回應狀態: 200, Content-Type: text/html;charset=UTF-8
2025-09-11 12:31:22.713 [http-nio-8080-exec-2] INFO  com.opview.summary.util.ApiClient - API 原始回應: {"response_info":{"search_id":"b7577f950e309d164e49144754775000_1757565082704","version":"5.5","errorCode":"1.1","errorMessage":"Token certify fail.","queryTime":0.0,"total_mention":0}}
2025-09-11 12:31:22.715 [http-nio-8080-exec-2] ERROR com.opview.summary.util.ApiClient - 將 API 回應轉換為 SummaryApiResponse 失敗，回應內容可能不是 JSON：
com.google.gson.JsonIOException: Failed making field 'java.time.LocalDateTime#date' accessible; either increase its visibility or write a custom TypeAdapter for its declaring type.
	at com.google.gson.internal.reflect.ReflectionHelper.makeAccessible(ReflectionHelper.java:38) ~[gson-2.10.1.jar:?]
	at com.google.gson.internal.bind.ReflectiveTypeAdapterFactory.getBoundFields(ReflectiveTypeAdapterFactory.java:286) ~[gson-2.10.1.jar:?]
	at com.google.gson.internal.bind.ReflectiveTypeAdapterFactory.create(ReflectiveTypeAdapterFactory.java:130) ~[gson-2.10.1.jar:?]
	at com.google.gson.Gson.getAdapter(Gson.java:556) ~[gson-2.10.1.jar:?]
	at com.google.gson.internal.bind.ReflectiveTypeAdapterFactory.createBoundField(ReflectiveTypeAdapterFactory.java:160) ~[gson-2.10.1.jar:?]
	at com.google.gson.internal.bind.ReflectiveTypeAdapterFactory.getBoundFields(ReflectiveTypeAdapterFactory.java:294) ~[gson-2.10.1.jar:?]
	at com.google.gson.internal.bind.ReflectiveTypeAdapterFactory.create(ReflectiveTypeAdapterFactory.java:130) ~[gson-2.10.1.jar:?]
	at com.google.gson.Gson.getAdapter(Gson.java:556) ~[gson-2.10.1.jar:?]
	at com.google.gson.internal.bind.CollectionTypeAdapterFactory.create(CollectionTypeAdapterFactory.java:53) ~[gson-2.10.1.jar:?]
	at com.google.gson.Gson.getAdapter(Gson.java:556) ~[gson-2.10.1.jar:?]
	at com.google.gson.internal.bind.ReflectiveTypeAdapterFactory.createBoundField(ReflectiveTypeAdapterFactory.java:160) ~[gson-2.10.1.jar:?]
	at com.google.gson.internal.bind.ReflectiveTypeAdapterFactory.getBoundFields(ReflectiveTypeAdapterFactory.java:294) ~[gson-2.10.1.jar:?]
	at com.google.gson.internal.bind.ReflectiveTypeAdapterFactory.create(ReflectiveTypeAdapterFactory.java:130) ~[gson-2.10.1.jar:?]
	at com.google.gson.Gson.getAdapter(Gson.java:556) ~[gson-2.10.1.jar:?]
	at com.google.gson.Gson.fromJson(Gson.java:1226) ~[gson-2.10.1.jar:?]
	at com.google.gson.Gson.fromJson(Gson.java:1137) ~[gson-2.10.1.jar:?]
	at com.google.gson.Gson.fromJson(Gson.java:1047) ~[gson-2.10.1.jar:?]
	at com.google.gson.Gson.fromJson(Gson.java:982) ~[gson-2.10.1.jar:?]
	at com.opview.summary.util.ApiClient.fetchArticles(ApiClient.java:102) [classes/:?]
	at com.opview.summary.service.DataProcessingService.processDailyArticles(DataProcessingService.java:52) [classes/:?]
	at com.opview.summary.scheduler.DailyTaskScheduler.runDailyTask(DailyTaskScheduler.java:45) [classes/:?]
	at com.opview.summary.controller.TaskController.runScheduledTaskManually(TaskController.java:28) [classes/:?]
	at java.base/jdk.internal.reflect.NativeMethodAccessorImpl.invoke0(Native Method) ~[?:?]
	at java.base/jdk.internal.reflect.NativeMethodAccessorImpl.invoke(NativeMethodAccessorImpl.java:77) ~[?:?]
	at java.base/jdk.internal.reflect.DelegatingMethodAccessorImpl.invoke(DelegatingMethodAccessorImpl.java:43) ~[?:?]
	at java.base/java.lang.reflect.Method.invoke(Method.java:568) ~[?:?]
	at org.springframework.web.method.support.InvocableHandlerMethod.doInvoke(InvocableHandlerMethod.java:258) [spring-web-6.2.10.jar:6.2.10]
	at org.springframework.web.method.support.InvocableHandlerMethod.invokeForRequest(InvocableHandlerMethod.java:191) [spring-web-6.2.10.jar:6.2.10]
	at org.springframework.web.servlet.mvc.method.annotation.ServletInvocableHandlerMethod.invokeAndHandle(ServletInvocableHandlerMethod.java:118) [spring-webmvc-6.2.10.jar:6.2.10]
	at org.springframework.web.servlet.mvc.method.annotation.RequestMappingHandlerAdapter.invokeHandlerMethod(RequestMappingHandlerAdapter.java:991) [spring-webmvc-6.2.10.jar:6.2.10]
	at org.springframework.web.servlet.mvc.method.annotation.RequestMappingHandlerAdapter.handleInternal(RequestMappingHandlerAdapter.java:896) [spring-webmvc-6.2.10.jar:6.2.10]
	at org.springframework.web.servlet.mvc.method.AbstractHandlerMethodAdapter.handle(AbstractHandlerMethodAdapter.java:87) [spring-webmvc-6.2.10.jar:6.2.10]
	at org.springframework.web.servlet.DispatcherServlet.doDispatch(DispatcherServlet.java:1089) [spring-webmvc-6.2.10.jar:6.2.10]
	at org.springframework.web.servlet.DispatcherServlet.doService(DispatcherServlet.java:979) [spring-webmvc-6.2.10.jar:6.2.10]
	at org.springframework.web.servlet.FrameworkServlet.processRequest(FrameworkServlet.java:1014) [spring-webmvc-6.2.10.jar:6.2.10]
	at org.springframework.web.servlet.FrameworkServlet.doGet(FrameworkServlet.java:903) [spring-webmvc-6.2.10.jar:6.2.10]
	at jakarta.servlet.http.HttpServlet.service(HttpServlet.java:564) [tomcat-embed-core-10.1.44.jar:6.0]
	at org.springframework.web.servlet.FrameworkServlet.service(FrameworkServlet.java:885) [spring-webmvc-6.2.10.jar:6.2.10]
	at jakarta.servlet.http.HttpServlet.service(HttpServlet.java:658) [tomcat-embed-core-10.1.44.jar:6.0]
	at org.apache.catalina.core.ApplicationFilterChain.internalDoFilter(ApplicationFilterChain.java:195) [tomcat-embed-core-10.1.44.jar:10.1.44]
	at org.apache.catalina.core.ApplicationFilterChain.doFilter(ApplicationFilterChain.java:140) [tomcat-embed-core-10.1.44.jar:10.1.44]
	at org.apache.tomcat.websocket.server.WsFilter.doFilter(WsFilter.java:51) [tomcat-embed-websocket-10.1.44.jar:10.1.44]
	at org.apache.catalina.core.ApplicationFilterChain.internalDoFilter(ApplicationFilterChain.java:164) [tomcat-embed-core-10.1.44.jar:10.1.44]
	at org.apache.catalina.core.ApplicationFilterChain.doFilter(ApplicationFilterChain.java:140) [tomcat-embed-core-10.1.44.jar:10.1.44]
	at org.springframework.web.filter.RequestContextFilter.doFilterInternal(RequestContextFilter.java:100) [spring-web-6.2.10.jar:6.2.10]
	at org.springframework.web.filter.OncePerRequestFilter.doFilter(OncePerRequestFilter.java:116) [spring-web-6.2.10.jar:6.2.10]
	at org.apache.catalina.core.ApplicationFilterChain.internalDoFilter(ApplicationFilterChain.java:164) [tomcat-embed-core-10.1.44.jar:10.1.44]
	at org.apache.catalina.core.ApplicationFilterChain.doFilter(ApplicationFilterChain.java:140) [tomcat-embed-core-10.1.44.jar:10.1.44]
	at org.springframework.web.filter.FormContentFilter.doFilterInternal(FormContentFilter.java:93) [spring-web-6.2.10.jar:6.2.10]
	at org.springframework.web.filter.OncePerRequestFilter.doFilter(OncePerRequestFilter.java:116) [spring-web-6.2.10.jar:6.2.10]
	at org.apache.catalina.core.ApplicationFilterChain.internalDoFilter(ApplicationFilterChain.java:164) [tomcat-embed-core-10.1.44.jar:10.1.44]
	at org.apache.catalina.core.ApplicationFilterChain.doFilter(ApplicationFilterChain.java:140) [tomcat-embed-core-10.1.44.jar:10.1.44]
	at org.springframework.web.filter.CharacterEncodingFilter.doFilterInternal(CharacterEncodingFilter.java:201) [spring-web-6.2.10.jar:6.2.10]
	at org.springframework.web.filter.OncePerRequestFilter.doFilter(OncePerRequestFilter.java:116) [spring-web-6.2.10.jar:6.2.10]
	at org.apache.catalina.core.ApplicationFilterChain.internalDoFilter(ApplicationFilterChain.java:164) [tomcat-embed-core-10.1.44.jar:10.1.44]
	at org.apache.catalina.core.ApplicationFilterChain.doFilter(ApplicationFilterChain.java:140) [tomcat-embed-core-10.1.44.jar:10.1.44]
	at org.apache.catalina.core.StandardWrapperValve.invoke(StandardWrapperValve.java:167) [tomcat-embed-core-10.1.44.jar:10.1.44]
	at org.apache.catalina.core.StandardContextValve.invoke(StandardContextValve.java:90) [tomcat-embed-core-10.1.44.jar:10.1.44]
	at org.apache.catalina.authenticator.AuthenticatorBase.invoke(AuthenticatorBase.java:483) [tomcat-embed-core-10.1.44.jar:10.1.44]
	at org.apache.catalina.core.StandardHostValve.invoke(StandardHostValve.java:116) [tomcat-embed-core-10.1.44.jar:10.1.44]
	at org.apache.catalina.valves.ErrorReportValve.invoke(ErrorReportValve.java:93) [tomcat-embed-core-10.1.44.jar:10.1.44]
	at org.apache.catalina.core.StandardEngineValve.invoke(StandardEngineValve.java:74) [tomcat-embed-core-10.1.44.jar:10.1.44]
	at org.apache.catalina.connector.CoyoteAdapter.service(CoyoteAdapter.java:344) [tomcat-embed-core-10.1.44.jar:10.1.44]
	at org.apache.coyote.http11.Http11Processor.service(Http11Processor.java:398) [tomcat-embed-core-10.1.44.jar:10.1.44]
	at org.apache.coyote.AbstractProcessorLight.process(AbstractProcessorLight.java:63) [tomcat-embed-core-10.1.44.jar:10.1.44]
	at org.apache.coyote.AbstractProtocol$ConnectionHandler.process(AbstractProtocol.java:903) [tomcat-embed-core-10.1.44.jar:10.1.44]
	at org.apache.tomcat.util.net.NioEndpoint$SocketProcessor.doRun(NioEndpoint.java:1769) [tomcat-embed-core-10.1.44.jar:10.1.44]
	at org.apache.tomcat.util.net.SocketProcessorBase.run(SocketProcessorBase.java:52) [tomcat-embed-core-10.1.44.jar:10.1.44]
	at org.apache.tomcat.util.threads.ThreadPoolExecutor.runWorker(ThreadPoolExecutor.java:1189) [tomcat-embed-core-10.1.44.jar:10.1.44]
	at org.apache.tomcat.util.threads.ThreadPoolExecutor$Worker.run(ThreadPoolExecutor.java:658) [tomcat-embed-core-10.1.44.jar:10.1.44]
	at org.apache.tomcat.util.threads.TaskThread$WrappingRunnable.run(TaskThread.java:63) [tomcat-embed-core-10.1.44.jar:10.1.44]
	at java.base/java.lang.Thread.run(Thread.java:842) [?:?]
Caused by: java.lang.reflect.InaccessibleObjectException: Unable to make field private final java.time.LocalDate java.time.LocalDateTime.date accessible: module java.base does not "opens java.time" to unnamed module @dd0c991
	at java.base/java.lang.reflect.AccessibleObject.checkCanSetAccessible(AccessibleObject.java:354) ~[?:?]
	at java.base/java.lang.reflect.AccessibleObject.checkCanSetAccessible(AccessibleObject.java:297) ~[?:?]
	at java.base/java.lang.reflect.Field.checkCanSetAccessible(Field.java:178) ~[?:?]
	at java.base/java.lang.reflect.Field.setAccessible(Field.java:172) ~[?:?]
	at com.google.gson.internal.reflect.ReflectionHelper.makeAccessible(ReflectionHelper.java:35) ~[gson-2.10.1.jar:?]
	... 71 more
2025-09-11 12:31:22.721 [http-nio-8080-exec-2] ERROR com.opview.summary.service.DataProcessingService - 從 API 取得文章資料失敗。原因: API 回應為空或格式不正確
2025-09-11 12:31:22.722 [http-nio-8080-exec-2] INFO  com.opview.summary.service.DataProcessingService - 每日文章資料處理排程執行完畢。
2025-09-11 12:31:22.758 [http-nio-8080-exec-2] INFO  com.opview.summary.scheduler.DailyTaskScheduler - 排程任務執行成功，時間：2025-09-11T12:31:22.758405700
2025-09-11 12:36:29.634 [File Watcher] INFO  org.springframework.boot.devtools.autoconfigure.LocalDevToolsAutoConfiguration$RestartingClassPathChangeChangedEventListener - Restarting due to 1 class path change (0 additions, 0 deletions, 1 modification)
2025-09-11 12:36:29.776 [Thread-19] INFO  org.springframework.boot.web.embedded.tomcat.GracefulShutdown - Commencing graceful shutdown. Waiting for active requests to complete
2025-09-11 12:36:29.844 [tomcat-shutdown] INFO  org.apache.coyote.http11.Http11NioProtocol - Pausing ProtocolHandler ["http-nio-8080"]
2025-09-11 12:36:30.224 [tomcat-shutdown] INFO  org.springframework.boot.web.embedded.tomcat.GracefulShutdown - Graceful shutdown complete
2025-09-11 12:36:30.232 [Thread-19] INFO  org.apache.coyote.http11.Http11NioProtocol - Stopping ProtocolHandler ["http-nio-8080"]
2025-09-11 12:36:30.281 [Thread-19] INFO  com.zaxxer.hikari.HikariDataSource - HikariPool-5 - Shutdown initiated...
2025-09-11 12:36:30.309 [Thread-19] INFO  com.zaxxer.hikari.HikariDataSource - HikariPool-5 - Shutdown completed.
2025-09-11 12:36:30.849 [restartedMain] INFO  com.opview.summary.SummaryDataApplication - Starting SummaryDataApplication using Java 17.0.12 with PID 11188 (D:\GoWork\summary-data\target\classes started by 管庭禾 in D:\GoWork\summary-data)
2025-09-11 12:36:30.851 [restartedMain] INFO  com.opview.summary.SummaryDataApplication - No active profile set, falling back to 1 default profile: "default"
2025-09-11 12:36:31.231 [restartedMain] INFO  org.springframework.data.repository.config.RepositoryConfigurationDelegate - Bootstrapping Spring Data JDBC repositories in DEFAULT mode.
2025-09-11 12:36:31.243 [restartedMain] INFO  org.springframework.data.repository.config.RepositoryConfigurationDelegate - Finished Spring Data repository scanning in 11 ms. Found 2 JDBC repository interfaces.
2025-09-11 12:36:31.399 [restartedMain] INFO  org.springframework.boot.web.embedded.tomcat.TomcatWebServer - Tomcat initialized with port 8080 (http)
2025-09-11 12:36:31.401 [restartedMain] INFO  org.apache.coyote.http11.Http11NioProtocol - Initializing ProtocolHandler ["http-nio-8080"]
2025-09-11 12:36:31.402 [restartedMain] INFO  org.apache.catalina.core.StandardService - Starting service [Tomcat]
2025-09-11 12:36:31.402 [restartedMain] INFO  org.apache.catalina.core.StandardEngine - Starting Servlet engine: [Apache Tomcat/10.1.44]
2025-09-11 12:36:31.470 [restartedMain] INFO  org.apache.catalina.core.ContainerBase.[Tomcat].[localhost].[/] - Initializing Spring embedded WebApplicationContext
2025-09-11 12:36:31.470 [restartedMain] INFO  org.springframework.boot.web.servlet.context.ServletWebServerApplicationContext - Root WebApplicationContext: initialization completed in 615 ms
2025-09-11 12:36:31.517 [restartedMain] INFO  com.zaxxer.hikari.HikariDataSource - HikariPool-6 - Starting...
2025-09-11 12:36:31.534 [restartedMain] INFO  com.zaxxer.hikari.pool.HikariPool - HikariPool-6 - Added connection org.mariadb.jdbc.Connection@d9490fb
2025-09-11 12:36:31.534 [restartedMain] INFO  com.zaxxer.hikari.HikariDataSource - HikariPool-6 - Start completed.
2025-09-11 12:36:31.560 [restartedMain] INFO  org.springframework.boot.devtools.autoconfigure.OptionalLiveReloadServer - LiveReload server is running on port 35729
2025-09-11 12:36:31.813 [restartedMain] INFO  org.apache.coyote.http11.Http11NioProtocol - Starting ProtocolHandler ["http-nio-8080"]
2025-09-11 12:36:31.848 [restartedMain] INFO  org.springframework.boot.web.embedded.tomcat.TomcatWebServer - Tomcat started on port 8080 (http) with context path '/'
2025-09-11 12:36:31.858 [restartedMain] INFO  com.opview.summary.SummaryDataApplication - Started SummaryDataApplication in 1.135 seconds (process running for 2854.216)
2025-09-11 12:36:31.861 [restartedMain] INFO  org.springframework.boot.devtools.autoconfigure.ConditionEvaluationDeltaLoggingListener - Condition evaluation unchanged
2025-09-11 12:36:56.223 [http-nio-8080-exec-3] INFO  org.apache.catalina.core.ContainerBase.[Tomcat].[localhost].[/] - Initializing Spring DispatcherServlet 'dispatcherServlet'
2025-09-11 12:36:56.224 [http-nio-8080-exec-3] INFO  org.springframework.web.servlet.DispatcherServlet - Initializing Servlet 'dispatcherServlet'
2025-09-11 12:36:56.233 [http-nio-8080-exec-3] INFO  org.springframework.web.servlet.DispatcherServlet - Completed initialization in 9 ms
2025-09-11 12:36:56.238 [http-nio-8080-exec-3] INFO  com.opview.summary.scheduler.DailyTaskScheduler - 排程任務開始執行，時間：2025-09-11T12:36:56.237345100
2025-09-11 12:36:56.284 [http-nio-8080-exec-3] INFO  com.opview.summary.service.DataProcessingService - 開始執行每日文章資料處理排程...
2025-09-11 12:36:56.286 [http-nio-8080-exec-3] INFO  com.opview.summary.service.DataProcessingService - 取得日期範圍: 2025/09/10 00:00:00 至 2025/09/10 23:59:59
2025-09-11 12:36:56.289 [http-nio-8080-exec-3] INFO  com.opview.summary.util.ApiClient - 正在向 API 發送請求: https://capi.opview.com.tw/summary-api-dev/summary_search.jsp，參數: txtInput_json={"summary_information":{"time_range":"2025/09/10 00:00:00~2025/09/10 23:59:59","search_order":[{"field":"post_time","order_type":"des"}],"search_topic":"1636","search_source":"facebook;facebook_reply;bbs;bbs_reply"},"user_information":{"service_account":"ps_trial_001","user_account":"ps_trial_001","token":"eyJ0eXAiOiJKV1QiLCJhbGciOiJIUzI1NiJ9.eyJ0eXAiOiJKV1QiLCJhbGciOiJIUzI1NiJ9.eyJhdWQiOiJwc190cmlhbF8wMDEiLCJzdWIiOiJwc190cmlhbF8wMDEiLCJ1aWQiOjEzMCwiaXNzIjoiZWxhbmQiLCJleHAiOjE3NTgzODM5OTksImlhdCI6MTc1NjgwNDc0M30.9QCjyMJ18jjnc0EKCFDPhIVkbXkCUDRVQCwWAPTrETw"}}
2025-09-11 12:36:56.456 [http-nio-8080-exec-3] ERROR com.opview.summary.util.ApiClient - 呼叫 API 發生未知錯誤: 
org.springframework.web.client.HttpServerErrorException$InternalServerError: 500  on POST request for "https://capi.opview.com.tw/summary-api-dev/summary_search.jsp": "{"timestamp":"Sep 11, 2025, 12:36:56 PM","status":500,"error":"Internal Server Error","path":"/summary_search.jsp"}"
	at org.springframework.web.client.HttpServerErrorException.create(HttpServerErrorException.java:102) ~[spring-web-6.2.10.jar:6.2.10]
	at org.springframework.web.client.DefaultResponseErrorHandler.handleError(DefaultResponseErrorHandler.java:189) ~[spring-web-6.2.10.jar:6.2.10]
	at org.springframework.web.client.DefaultResponseErrorHandler.handleError(DefaultResponseErrorHandler.java:147) ~[spring-web-6.2.10.jar:6.2.10]
	at org.springframework.web.client.RestTemplate.handleResponse(RestTemplate.java:953) ~[spring-web-6.2.10.jar:6.2.10]
	at org.springframework.web.client.RestTemplate.doExecute(RestTemplate.java:902) ~[spring-web-6.2.10.jar:6.2.10]
	at org.springframework.web.client.RestTemplate.execute(RestTemplate.java:801) ~[spring-web-6.2.10.jar:6.2.10]
	at org.springframework.web.client.RestTemplate.exchange(RestTemplate.java:683) ~[spring-web-6.2.10.jar:6.2.10]
	at com.opview.summary.util.ApiClient.fetchArticles(ApiClient.java:85) [classes/:?]
	at com.opview.summary.service.DataProcessingService.processDailyArticles(DataProcessingService.java:52) [classes/:?]
	at com.opview.summary.scheduler.DailyTaskScheduler.runDailyTask(DailyTaskScheduler.java:45) [classes/:?]
	at com.opview.summary.controller.TaskController.runScheduledTaskManually(TaskController.java:28) [classes/:?]
	at java.base/jdk.internal.reflect.NativeMethodAccessorImpl.invoke0(Native Method) ~[?:?]
	at java.base/jdk.internal.reflect.NativeMethodAccessorImpl.invoke(NativeMethodAccessorImpl.java:77) ~[?:?]
	at java.base/jdk.internal.reflect.DelegatingMethodAccessorImpl.invoke(DelegatingMethodAccessorImpl.java:43) ~[?:?]
	at java.base/java.lang.reflect.Method.invoke(Method.java:568) ~[?:?]
	at org.springframework.web.method.support.InvocableHandlerMethod.doInvoke(InvocableHandlerMethod.java:258) [spring-web-6.2.10.jar:6.2.10]
	at org.springframework.web.method.support.InvocableHandlerMethod.invokeForRequest(InvocableHandlerMethod.java:191) [spring-web-6.2.10.jar:6.2.10]
	at org.springframework.web.servlet.mvc.method.annotation.ServletInvocableHandlerMethod.invokeAndHandle(ServletInvocableHandlerMethod.java:118) [spring-webmvc-6.2.10.jar:6.2.10]
	at org.springframework.web.servlet.mvc.method.annotation.RequestMappingHandlerAdapter.invokeHandlerMethod(RequestMappingHandlerAdapter.java:991) [spring-webmvc-6.2.10.jar:6.2.10]
	at org.springframework.web.servlet.mvc.method.annotation.RequestMappingHandlerAdapter.handleInternal(RequestMappingHandlerAdapter.java:896) [spring-webmvc-6.2.10.jar:6.2.10]
	at org.springframework.web.servlet.mvc.method.AbstractHandlerMethodAdapter.handle(AbstractHandlerMethodAdapter.java:87) [spring-webmvc-6.2.10.jar:6.2.10]
	at org.springframework.web.servlet.DispatcherServlet.doDispatch(DispatcherServlet.java:1089) [spring-webmvc-6.2.10.jar:6.2.10]
	at org.springframework.web.servlet.DispatcherServlet.doService(DispatcherServlet.java:979) [spring-webmvc-6.2.10.jar:6.2.10]
	at org.springframework.web.servlet.FrameworkServlet.processRequest(FrameworkServlet.java:1014) [spring-webmvc-6.2.10.jar:6.2.10]
	at org.springframework.web.servlet.FrameworkServlet.doGet(FrameworkServlet.java:903) [spring-webmvc-6.2.10.jar:6.2.10]
	at jakarta.servlet.http.HttpServlet.service(HttpServlet.java:564) [tomcat-embed-core-10.1.44.jar:6.0]
	at org.springframework.web.servlet.FrameworkServlet.service(FrameworkServlet.java:885) [spring-webmvc-6.2.10.jar:6.2.10]
	at jakarta.servlet.http.HttpServlet.service(HttpServlet.java:658) [tomcat-embed-core-10.1.44.jar:6.0]
	at org.apache.catalina.core.ApplicationFilterChain.internalDoFilter(ApplicationFilterChain.java:195) [tomcat-embed-core-10.1.44.jar:10.1.44]
	at org.apache.catalina.core.ApplicationFilterChain.doFilter(ApplicationFilterChain.java:140) [tomcat-embed-core-10.1.44.jar:10.1.44]
	at org.apache.tomcat.websocket.server.WsFilter.doFilter(WsFilter.java:51) [tomcat-embed-websocket-10.1.44.jar:10.1.44]
	at org.apache.catalina.core.ApplicationFilterChain.internalDoFilter(ApplicationFilterChain.java:164) [tomcat-embed-core-10.1.44.jar:10.1.44]
	at org.apache.catalina.core.ApplicationFilterChain.doFilter(ApplicationFilterChain.java:140) [tomcat-embed-core-10.1.44.jar:10.1.44]
	at org.springframework.web.filter.RequestContextFilter.doFilterInternal(RequestContextFilter.java:100) [spring-web-6.2.10.jar:6.2.10]
	at org.springframework.web.filter.OncePerRequestFilter.doFilter(OncePerRequestFilter.java:116) [spring-web-6.2.10.jar:6.2.10]
	at org.apache.catalina.core.ApplicationFilterChain.internalDoFilter(ApplicationFilterChain.java:164) [tomcat-embed-core-10.1.44.jar:10.1.44]
	at org.apache.catalina.core.ApplicationFilterChain.doFilter(ApplicationFilterChain.java:140) [tomcat-embed-core-10.1.44.jar:10.1.44]
	at org.springframework.web.filter.FormContentFilter.doFilterInternal(FormContentFilter.java:93) [spring-web-6.2.10.jar:6.2.10]
	at org.springframework.web.filter.OncePerRequestFilter.doFilter(OncePerRequestFilter.java:116) [spring-web-6.2.10.jar:6.2.10]
	at org.apache.catalina.core.ApplicationFilterChain.internalDoFilter(ApplicationFilterChain.java:164) [tomcat-embed-core-10.1.44.jar:10.1.44]
	at org.apache.catalina.core.ApplicationFilterChain.doFilter(ApplicationFilterChain.java:140) [tomcat-embed-core-10.1.44.jar:10.1.44]
	at org.springframework.web.filter.CharacterEncodingFilter.doFilterInternal(CharacterEncodingFilter.java:201) [spring-web-6.2.10.jar:6.2.10]
	at org.springframework.web.filter.OncePerRequestFilter.doFilter(OncePerRequestFilter.java:116) [spring-web-6.2.10.jar:6.2.10]
	at org.apache.catalina.core.ApplicationFilterChain.internalDoFilter(ApplicationFilterChain.java:164) [tomcat-embed-core-10.1.44.jar:10.1.44]
	at org.apache.catalina.core.ApplicationFilterChain.doFilter(ApplicationFilterChain.java:140) [tomcat-embed-core-10.1.44.jar:10.1.44]
	at org.apache.catalina.core.StandardWrapperValve.invoke(StandardWrapperValve.java:167) [tomcat-embed-core-10.1.44.jar:10.1.44]
	at org.apache.catalina.core.StandardContextValve.invoke(StandardContextValve.java:90) [tomcat-embed-core-10.1.44.jar:10.1.44]
	at org.apache.catalina.authenticator.AuthenticatorBase.invoke(AuthenticatorBase.java:483) [tomcat-embed-core-10.1.44.jar:10.1.44]
	at org.apache.catalina.core.StandardHostValve.invoke(StandardHostValve.java:116) [tomcat-embed-core-10.1.44.jar:10.1.44]
	at org.apache.catalina.valves.ErrorReportValve.invoke(ErrorReportValve.java:93) [tomcat-embed-core-10.1.44.jar:10.1.44]
	at org.apache.catalina.core.StandardEngineValve.invoke(StandardEngineValve.java:74) [tomcat-embed-core-10.1.44.jar:10.1.44]
	at org.apache.catalina.connector.CoyoteAdapter.service(CoyoteAdapter.java:344) [tomcat-embed-core-10.1.44.jar:10.1.44]
	at org.apache.coyote.http11.Http11Processor.service(Http11Processor.java:398) [tomcat-embed-core-10.1.44.jar:10.1.44]
	at org.apache.coyote.AbstractProcessorLight.process(AbstractProcessorLight.java:63) [tomcat-embed-core-10.1.44.jar:10.1.44]
	at org.apache.coyote.AbstractProtocol$ConnectionHandler.process(AbstractProtocol.java:903) [tomcat-embed-core-10.1.44.jar:10.1.44]
	at org.apache.tomcat.util.net.NioEndpoint$SocketProcessor.doRun(NioEndpoint.java:1769) [tomcat-embed-core-10.1.44.jar:10.1.44]
	at org.apache.tomcat.util.net.SocketProcessorBase.run(SocketProcessorBase.java:52) [tomcat-embed-core-10.1.44.jar:10.1.44]
	at org.apache.tomcat.util.threads.ThreadPoolExecutor.runWorker(ThreadPoolExecutor.java:1189) [tomcat-embed-core-10.1.44.jar:10.1.44]
	at org.apache.tomcat.util.threads.ThreadPoolExecutor$Worker.run(ThreadPoolExecutor.java:658) [tomcat-embed-core-10.1.44.jar:10.1.44]
	at org.apache.tomcat.util.threads.TaskThread$WrappingRunnable.run(TaskThread.java:63) [tomcat-embed-core-10.1.44.jar:10.1.44]
	at java.base/java.lang.Thread.run(Thread.java:842) [?:?]
2025-09-11 12:36:56.459 [http-nio-8080-exec-3] ERROR com.opview.summary.service.DataProcessingService - 從 API 取得文章資料失敗。原因: API 回應為空或格式不正確
2025-09-11 12:36:56.459 [http-nio-8080-exec-3] INFO  com.opview.summary.service.DataProcessingService - 每日文章資料處理排程執行完畢。
2025-09-11 12:36:56.476 [http-nio-8080-exec-3] INFO  com.opview.summary.scheduler.DailyTaskScheduler - 排程任務執行成功，時間：2025-09-11T12:36:56.475477800
2025-09-11 12:40:04.360 [http-nio-8080-exec-5] INFO  com.opview.summary.scheduler.DailyTaskScheduler - 排程任務開始執行，時間：2025-09-11T12:40:04.358084200
2025-09-11 12:40:04.378 [http-nio-8080-exec-5] INFO  com.opview.summary.service.DataProcessingService - 開始執行每日文章資料處理排程...
2025-09-11 12:40:04.378 [http-nio-8080-exec-5] INFO  com.opview.summary.service.DataProcessingService - 取得日期範圍: 2025/09/10 00:00:00 至 2025/09/10 23:59:59
2025-09-11 12:40:04.379 [http-nio-8080-exec-5] INFO  com.opview.summary.util.ApiClient - 正在向 API 發送請求: https://capi.opview.com.tw/summary-api-dev/summary_search.jsp，參數: txtInput_json={"summary_information":{"time_range":"2025/09/10 00:00:00~2025/09/10 23:59:59","search_order":[{"field":"post_time","order_type":"des"}],"search_topic":"1636","search_source":"facebook;facebook_reply;bbs;bbs_reply"},"user_information":{"service_account":"ps_trial_001","user_account":"ps_trial_001","token":"eyJ0eXAiOiJKV1QiLCJhbGciOiJIUzI1NiJ9.eyJ0eXAiOiJKV1QiLCJhbGciOiJIUzI1NiJ9.eyJhdWQiOiJwc190cmlhbF8wMDEiLCJzdWIiOiJwc190cmlhbF8wMDEiLCJ1aWQiOjEzMCwiaXNzIjoiZWxhbmQiLCJleHAiOjE3NTgzODM5OTksImlhdCI6MTc1NjgwNDc0M30.9QCjyMJ18jjnc0EKCFDPhIVkbXkCUDRVQCwWAPTrETw"}}
2025-09-11 12:40:04.474 [http-nio-8080-exec-5] ERROR com.opview.summary.util.ApiClient - 呼叫 API 發生未知錯誤: 
org.springframework.web.client.HttpServerErrorException$InternalServerError: 500  on POST request for "https://capi.opview.com.tw/summary-api-dev/summary_search.jsp": "{"timestamp":"Sep 11, 2025, 12:40:04 PM","status":500,"error":"Internal Server Error","path":"/summary_search.jsp"}"
	at org.springframework.web.client.HttpServerErrorException.create(HttpServerErrorException.java:102) ~[spring-web-6.2.10.jar:6.2.10]
	at org.springframework.web.client.DefaultResponseErrorHandler.handleError(DefaultResponseErrorHandler.java:189) ~[spring-web-6.2.10.jar:6.2.10]
	at org.springframework.web.client.DefaultResponseErrorHandler.handleError(DefaultResponseErrorHandler.java:147) ~[spring-web-6.2.10.jar:6.2.10]
	at org.springframework.web.client.RestTemplate.handleResponse(RestTemplate.java:953) ~[spring-web-6.2.10.jar:6.2.10]
	at org.springframework.web.client.RestTemplate.doExecute(RestTemplate.java:902) ~[spring-web-6.2.10.jar:6.2.10]
	at org.springframework.web.client.RestTemplate.execute(RestTemplate.java:801) ~[spring-web-6.2.10.jar:6.2.10]
	at org.springframework.web.client.RestTemplate.exchange(RestTemplate.java:683) ~[spring-web-6.2.10.jar:6.2.10]
	at com.opview.summary.util.ApiClient.fetchArticles(ApiClient.java:85) [classes/:?]
	at com.opview.summary.service.DataProcessingService.processDailyArticles(DataProcessingService.java:52) [classes/:?]
	at com.opview.summary.scheduler.DailyTaskScheduler.runDailyTask(DailyTaskScheduler.java:45) [classes/:?]
	at com.opview.summary.controller.TaskController.runScheduledTaskManually(TaskController.java:28) [classes/:?]
	at java.base/jdk.internal.reflect.NativeMethodAccessorImpl.invoke0(Native Method) ~[?:?]
	at java.base/jdk.internal.reflect.NativeMethodAccessorImpl.invoke(NativeMethodAccessorImpl.java:77) ~[?:?]
	at java.base/jdk.internal.reflect.DelegatingMethodAccessorImpl.invoke(DelegatingMethodAccessorImpl.java:43) ~[?:?]
	at java.base/java.lang.reflect.Method.invoke(Method.java:568) ~[?:?]
	at org.springframework.web.method.support.InvocableHandlerMethod.doInvoke(InvocableHandlerMethod.java:258) [spring-web-6.2.10.jar:6.2.10]
	at org.springframework.web.method.support.InvocableHandlerMethod.invokeForRequest(InvocableHandlerMethod.java:191) [spring-web-6.2.10.jar:6.2.10]
	at org.springframework.web.servlet.mvc.method.annotation.ServletInvocableHandlerMethod.invokeAndHandle(ServletInvocableHandlerMethod.java:118) [spring-webmvc-6.2.10.jar:6.2.10]
	at org.springframework.web.servlet.mvc.method.annotation.RequestMappingHandlerAdapter.invokeHandlerMethod(RequestMappingHandlerAdapter.java:991) [spring-webmvc-6.2.10.jar:6.2.10]
	at org.springframework.web.servlet.mvc.method.annotation.RequestMappingHandlerAdapter.handleInternal(RequestMappingHandlerAdapter.java:896) [spring-webmvc-6.2.10.jar:6.2.10]
	at org.springframework.web.servlet.mvc.method.AbstractHandlerMethodAdapter.handle(AbstractHandlerMethodAdapter.java:87) [spring-webmvc-6.2.10.jar:6.2.10]
	at org.springframework.web.servlet.DispatcherServlet.doDispatch(DispatcherServlet.java:1089) [spring-webmvc-6.2.10.jar:6.2.10]
	at org.springframework.web.servlet.DispatcherServlet.doService(DispatcherServlet.java:979) [spring-webmvc-6.2.10.jar:6.2.10]
	at org.springframework.web.servlet.FrameworkServlet.processRequest(FrameworkServlet.java:1014) [spring-webmvc-6.2.10.jar:6.2.10]
	at org.springframework.web.servlet.FrameworkServlet.doGet(FrameworkServlet.java:903) [spring-webmvc-6.2.10.jar:6.2.10]
	at jakarta.servlet.http.HttpServlet.service(HttpServlet.java:564) [tomcat-embed-core-10.1.44.jar:6.0]
	at org.springframework.web.servlet.FrameworkServlet.service(FrameworkServlet.java:885) [spring-webmvc-6.2.10.jar:6.2.10]
	at jakarta.servlet.http.HttpServlet.service(HttpServlet.java:658) [tomcat-embed-core-10.1.44.jar:6.0]
	at org.apache.catalina.core.ApplicationFilterChain.internalDoFilter(ApplicationFilterChain.java:195) [tomcat-embed-core-10.1.44.jar:10.1.44]
	at org.apache.catalina.core.ApplicationFilterChain.doFilter(ApplicationFilterChain.java:140) [tomcat-embed-core-10.1.44.jar:10.1.44]
	at org.apache.tomcat.websocket.server.WsFilter.doFilter(WsFilter.java:51) [tomcat-embed-websocket-10.1.44.jar:10.1.44]
	at org.apache.catalina.core.ApplicationFilterChain.internalDoFilter(ApplicationFilterChain.java:164) [tomcat-embed-core-10.1.44.jar:10.1.44]
	at org.apache.catalina.core.ApplicationFilterChain.doFilter(ApplicationFilterChain.java:140) [tomcat-embed-core-10.1.44.jar:10.1.44]
	at org.springframework.web.filter.RequestContextFilter.doFilterInternal(RequestContextFilter.java:100) [spring-web-6.2.10.jar:6.2.10]
	at org.springframework.web.filter.OncePerRequestFilter.doFilter(OncePerRequestFilter.java:116) [spring-web-6.2.10.jar:6.2.10]
	at org.apache.catalina.core.ApplicationFilterChain.internalDoFilter(ApplicationFilterChain.java:164) [tomcat-embed-core-10.1.44.jar:10.1.44]
	at org.apache.catalina.core.ApplicationFilterChain.doFilter(ApplicationFilterChain.java:140) [tomcat-embed-core-10.1.44.jar:10.1.44]
	at org.springframework.web.filter.FormContentFilter.doFilterInternal(FormContentFilter.java:93) [spring-web-6.2.10.jar:6.2.10]
	at org.springframework.web.filter.OncePerRequestFilter.doFilter(OncePerRequestFilter.java:116) [spring-web-6.2.10.jar:6.2.10]
	at org.apache.catalina.core.ApplicationFilterChain.internalDoFilter(ApplicationFilterChain.java:164) [tomcat-embed-core-10.1.44.jar:10.1.44]
	at org.apache.catalina.core.ApplicationFilterChain.doFilter(ApplicationFilterChain.java:140) [tomcat-embed-core-10.1.44.jar:10.1.44]
	at org.springframework.web.filter.CharacterEncodingFilter.doFilterInternal(CharacterEncodingFilter.java:201) [spring-web-6.2.10.jar:6.2.10]
	at org.springframework.web.filter.OncePerRequestFilter.doFilter(OncePerRequestFilter.java:116) [spring-web-6.2.10.jar:6.2.10]
	at org.apache.catalina.core.ApplicationFilterChain.internalDoFilter(ApplicationFilterChain.java:164) [tomcat-embed-core-10.1.44.jar:10.1.44]
	at org.apache.catalina.core.ApplicationFilterChain.doFilter(ApplicationFilterChain.java:140) [tomcat-embed-core-10.1.44.jar:10.1.44]
	at org.apache.catalina.core.StandardWrapperValve.invoke(StandardWrapperValve.java:167) [tomcat-embed-core-10.1.44.jar:10.1.44]
	at org.apache.catalina.core.StandardContextValve.invoke(StandardContextValve.java:90) [tomcat-embed-core-10.1.44.jar:10.1.44]
	at org.apache.catalina.authenticator.AuthenticatorBase.invoke(AuthenticatorBase.java:483) [tomcat-embed-core-10.1.44.jar:10.1.44]
	at org.apache.catalina.core.StandardHostValve.invoke(StandardHostValve.java:116) [tomcat-embed-core-10.1.44.jar:10.1.44]
	at org.apache.catalina.valves.ErrorReportValve.invoke(ErrorReportValve.java:93) [tomcat-embed-core-10.1.44.jar:10.1.44]
	at org.apache.catalina.core.StandardEngineValve.invoke(StandardEngineValve.java:74) [tomcat-embed-core-10.1.44.jar:10.1.44]
	at org.apache.catalina.connector.CoyoteAdapter.service(CoyoteAdapter.java:344) [tomcat-embed-core-10.1.44.jar:10.1.44]
	at org.apache.coyote.http11.Http11Processor.service(Http11Processor.java:398) [tomcat-embed-core-10.1.44.jar:10.1.44]
	at org.apache.coyote.AbstractProcessorLight.process(AbstractProcessorLight.java:63) [tomcat-embed-core-10.1.44.jar:10.1.44]
	at org.apache.coyote.AbstractProtocol$ConnectionHandler.process(AbstractProtocol.java:903) [tomcat-embed-core-10.1.44.jar:10.1.44]
	at org.apache.tomcat.util.net.NioEndpoint$SocketProcessor.doRun(NioEndpoint.java:1769) [tomcat-embed-core-10.1.44.jar:10.1.44]
	at org.apache.tomcat.util.net.SocketProcessorBase.run(SocketProcessorBase.java:52) [tomcat-embed-core-10.1.44.jar:10.1.44]
	at org.apache.tomcat.util.threads.ThreadPoolExecutor.runWorker(ThreadPoolExecutor.java:1189) [tomcat-embed-core-10.1.44.jar:10.1.44]
	at org.apache.tomcat.util.threads.ThreadPoolExecutor$Worker.run(ThreadPoolExecutor.java:658) [tomcat-embed-core-10.1.44.jar:10.1.44]
	at org.apache.tomcat.util.threads.TaskThread$WrappingRunnable.run(TaskThread.java:63) [tomcat-embed-core-10.1.44.jar:10.1.44]
	at java.base/java.lang.Thread.run(Thread.java:842) [?:?]
2025-09-11 12:40:04.476 [http-nio-8080-exec-5] ERROR com.opview.summary.service.DataProcessingService - 從 API 取得文章資料失敗。原因: API 回應為空或格式不正確
2025-09-11 12:40:04.476 [http-nio-8080-exec-5] INFO  com.opview.summary.service.DataProcessingService - 每日文章資料處理排程執行完畢。
2025-09-11 12:40:04.485 [http-nio-8080-exec-5] INFO  com.opview.summary.scheduler.DailyTaskScheduler - 排程任務執行成功，時間：2025-09-11T12:40:04.485887100
2025-09-11 12:44:01.461 [File Watcher] INFO  org.springframework.boot.devtools.autoconfigure.LocalDevToolsAutoConfiguration$RestartingClassPathChangeChangedEventListener - Restarting due to 1 class path change (0 additions, 0 deletions, 1 modification)
2025-09-11 12:44:01.581 [Thread-23] INFO  org.springframework.boot.web.embedded.tomcat.GracefulShutdown - Commencing graceful shutdown. Waiting for active requests to complete
2025-09-11 12:44:01.630 [tomcat-shutdown] INFO  org.apache.coyote.http11.Http11NioProtocol - Pausing ProtocolHandler ["http-nio-8080"]
2025-09-11 12:44:02.096 [tomcat-shutdown] INFO  org.springframework.boot.web.embedded.tomcat.GracefulShutdown - Graceful shutdown complete
2025-09-11 12:44:02.112 [Thread-23] INFO  org.apache.coyote.http11.Http11NioProtocol - Stopping ProtocolHandler ["http-nio-8080"]
2025-09-11 12:44:02.174 [Thread-23] INFO  com.zaxxer.hikari.HikariDataSource - HikariPool-6 - Shutdown initiated...
2025-09-11 12:44:02.189 [Thread-23] INFO  com.zaxxer.hikari.HikariDataSource - HikariPool-6 - Shutdown completed.
2025-09-11 12:44:07.029 [restartedMain] INFO  com.opview.summary.SummaryDataApplication - Starting SummaryDataApplication using Java 17.0.12 with PID 13168 (D:\GoWork\summary-data\target\classes started by 管庭禾 in D:\GoWork\summary-data)
2025-09-11 12:44:07.046 [restartedMain] INFO  com.opview.summary.SummaryDataApplication - No active profile set, falling back to 1 default profile: "default"
2025-09-11 12:44:07.120 [restartedMain] INFO  org.springframework.boot.devtools.env.DevToolsPropertyDefaultsPostProcessor - Devtools property defaults active! Set 'spring.devtools.add-properties' to 'false' to disable
2025-09-11 12:44:07.122 [restartedMain] INFO  org.springframework.boot.devtools.env.DevToolsPropertyDefaultsPostProcessor - For additional web related logging consider setting the 'logging.level.web' property to 'DEBUG'
2025-09-11 12:44:07.995 [restartedMain] INFO  org.springframework.data.repository.config.RepositoryConfigurationDelegate - Bootstrapping Spring Data JDBC repositories in DEFAULT mode.
2025-09-11 12:44:08.076 [restartedMain] INFO  org.springframework.data.repository.config.RepositoryConfigurationDelegate - Finished Spring Data repository scanning in 72 ms. Found 2 JDBC repository interfaces.
2025-09-11 12:44:08.795 [restartedMain] INFO  org.springframework.boot.web.embedded.tomcat.TomcatWebServer - Tomcat initialized with port 8080 (http)
2025-09-11 12:44:08.816 [restartedMain] INFO  org.apache.coyote.http11.Http11NioProtocol - Initializing ProtocolHandler ["http-nio-8080"]
2025-09-11 12:44:08.820 [restartedMain] INFO  org.apache.catalina.core.StandardService - Starting service [Tomcat]
2025-09-11 12:44:08.820 [restartedMain] INFO  org.apache.catalina.core.StandardEngine - Starting Servlet engine: [Apache Tomcat/10.1.44]
2025-09-11 12:44:08.897 [restartedMain] INFO  org.apache.catalina.core.ContainerBase.[Tomcat].[localhost].[/] - Initializing Spring embedded WebApplicationContext
2025-09-11 12:44:08.898 [restartedMain] INFO  org.springframework.boot.web.servlet.context.ServletWebServerApplicationContext - Root WebApplicationContext: initialization completed in 1774 ms
2025-09-11 12:44:09.101 [restartedMain] INFO  com.zaxxer.hikari.HikariDataSource - HikariPool-1 - Starting...
2025-09-11 12:44:09.346 [restartedMain] INFO  com.zaxxer.hikari.pool.HikariPool - HikariPool-1 - Added connection org.mariadb.jdbc.Connection@26f1d62a
2025-09-11 12:44:09.348 [restartedMain] INFO  com.zaxxer.hikari.HikariDataSource - HikariPool-1 - Start completed.
2025-09-11 12:44:09.545 [restartedMain] INFO  org.springframework.boot.devtools.autoconfigure.OptionalLiveReloadServer - LiveReload server is running on port 35729
2025-09-11 12:44:10.192 [restartedMain] INFO  org.apache.coyote.http11.Http11NioProtocol - Starting ProtocolHandler ["http-nio-8080"]
2025-09-11 12:44:10.224 [restartedMain] INFO  org.springframework.boot.web.embedded.tomcat.TomcatWebServer - Tomcat started on port 8080 (http) with context path '/'
2025-09-11 12:44:10.247 [restartedMain] INFO  com.opview.summary.SummaryDataApplication - Started SummaryDataApplication in 3.735 seconds (process running for 5.727)
2025-09-11 12:44:26.503 [http-nio-8080-exec-1] INFO  org.apache.catalina.core.ContainerBase.[Tomcat].[localhost].[/] - Initializing Spring DispatcherServlet 'dispatcherServlet'
2025-09-11 12:44:26.507 [http-nio-8080-exec-1] INFO  org.springframework.web.servlet.DispatcherServlet - Initializing Servlet 'dispatcherServlet'
2025-09-11 12:44:26.510 [http-nio-8080-exec-1] INFO  org.springframework.web.servlet.DispatcherServlet - Completed initialization in 2 ms
2025-09-11 12:44:26.578 [http-nio-8080-exec-1] INFO  com.opview.summary.scheduler.DailyTaskScheduler - 排程任務開始執行，時間：2025-09-11T12:44:26.577689600
2025-09-11 12:44:26.778 [http-nio-8080-exec-1] INFO  com.opview.summary.service.DataProcessingService - 開始執行每日文章資料處理排程...
2025-09-11 12:44:26.780 [http-nio-8080-exec-1] INFO  com.opview.summary.service.DataProcessingService - 取得日期範圍: 2025/09/10 00:00:00 至 2025/09/10 23:59:59
2025-09-11 12:44:26.805 [http-nio-8080-exec-1] INFO  com.opview.summary.util.ApiClient - 正在向 API 發送請求: https://capi.opview.com.tw/summary-api-dev/summary_search.jsp，參數: txtInput_json={"summary_information":{"time_range":"2025/09/10 00:00:00~2025/09/10 23:59:59","search_order":[{"field":"post_time","order_type":"des"}],"search_topic":"1636","search_source":"facebook;facebook_reply;bbs;bbs_reply"},"user_information":{"service_account":"ps_trial_001","user_account":"ps_trial_001","token":"eyJ0eXAiOiJKV1QiLCJhbGciOiJIUzI1NiJ9.eyJhdWQiOiJwc190cmlhbF8wMDEiLCJzdWIiOiJwc190cmlhbF8wMDEiLCJ1aWQiOjEzMCwiaXNzIjoiZWxhbmQiLCJleHAiOjE3NTgzODM5OTksImlhdCI6MTc1NjgwNDc0M30.9QCjyMJ18jjnc0EKCFDPhIVkbXkCUDRVQCwWAPTrETw"}}
2025-09-11 12:44:28.428 [http-nio-8080-exec-1] INFO  com.opview.summary.util.ApiClient - HTTP 回應狀態: 200, Content-Type: text/html;charset=UTF-8
2025-09-11 12:44:28.428 [http-nio-8080-exec-1] INFO  com.opview.summary.util.ApiClient - API 原始回應: {"response_info":{"search_id":"eccb1850de198436c4eeafc27cb8de2e_1757565867699","version":"5.5","errorCode":"0","errorMessage":"ok","queryTime":0.0,"total_mention":18},"result":[{"id":"125143697558679_1226759582811976","title":"想要入手最新Apple Watch的朋友看過來！指定款Watch ...","content":"...9/11早上11:00 「全台指定104家Apple Shop門市開放預購」 🌟 Apple Watch Ultra 3指定款；加碼送【LaPO 70W充電頭市價$990】 🌟 Apple Watch S11指定款；加碼送【OtterBox 50W充電頭市價$990】 🌟 Apple Watch SE 3指定款；加碼送【Adam 35W充電頭市價$490】 💳 #信用卡活動⚡台新燦坤聯名卡...","s_name":"Facebook粉絲團","s_area_name":"燦坤3C","content_no":1,"post_time":"2025-09-10 23:55:38","main_id":"MAIN","comment_count":0,"view_count":21,"sentiment_tag":"M","p_type":"20"},{"id":"1757519253152_PTT01R","title":"[問題]個人信貸","content":"1.欲貸金額: 120萬2.還款期限:7年左右3.貸款:債務整合4.職業:公務人員5.年收入:100up 6.年資:10 up 7.信用卡:台新、國泰世華、聯邦、星展、玉山、匯豐8.其他貸款:土地貸款9.所在地:臺中市麻煩來信提供以下資訊: 1.銀行與方案2.總費用(包含開辦費及其他相關費用) 3.利率及總費用率，一段式，期望2.2% 4.綁約時間及提前償還規定及利率5.每月繳款金額/總繳款金額-...","s_name":"Ptt","s_area_name":"Loan","content_no":0,"post_time":"2025-09-10 23:43:55","main_id":"MAIN","comment_count":0,"view_count":0,"sentiment_tag":"M","p_type":"2"},{"id":"1757516861560_PTT01R","title":"[問題]個人信貸","content":"1.欲貸金額: 100萬2.還款期限:6年起（綁約1年） 3.貸款:投資理財4.職業:軟體服務業5.年收入:100 up 6.年資:10 up 7.信用卡:台新、國泰世華、富邦8.其他貸款:房貸9.所在地:台北市麻煩來信提供以下資訊: 1.銀行與方案2.總費用(包含開辦費及其他相關費用) 3.利率及總費用率，一段式，期望2.5%以下4.綁約時間及提前償還規定及利率5.每月繳款金額/總繳款金額--","s_name":"Ptt","s_area_name":"Loan","content_no":0,"post_time":"2025-09-10 23:07:30","main_id":"MAIN","comment_count":2,"view_count":0,"sentiment_tag":"M","p_type":"2"},{"id":"1757513644215_PTT01R","title":"[問題]台中房貸，預售屋（首購）","content":"...台中北屯屋齡：2026.01預計交屋房屋類型:電梯大樓權狀坪數：約45.5（含車位）成交價：約2050萬預計貸款金額：8成-8.5成預計貸款利率：新青安或首購方案，2.5以下預計貸款年限：30-40年期望寬限期：3-5年希望開辦費用：越低越好[貸款人資訊]年齡：33職業：工程師年收入：約280萬薪轉：兆豐信用卡：富邦、台新、國泰其他貸款：剩餘約170 ，可隨時結清[來信請提供以下資訊] 1.銀行、...","s_name":"Ptt","s_area_name":"Loan","content_no":0,"post_time":"2025-09-10 22:13:36","main_id":"MAIN","comment_count":0,"view_count":0,"sentiment_tag":"M","p_type":"2"},{"id":"1757511170135_3_PTT01U","title":"[心得]台新匯豐核卡","content":"→:我去年辦台新給的是國泰的一半額度","s_name":"Ptt","s_area_name":"creditcard","content_no":4,"post_time":"2025-09-10 21:26:00","main_id":"1757492930080_PTT01R","comment_count":5,"view_count":0,"sentiment_tag":"M","p_type":"2"},{"id":"1757502764029_PTT01R","title":"[問題]公務人員信貸","content":"1.欲貸金額：15至20萬2.還款期限：4年3.貸款用途：周轉4.職業：公務員5.年收入：100萬6.年資：11年7.信用卡：玉山銀行8.其餘貸款：台新銀行信貸、華南銀行房貸煩請來信回覆下列資訊1.銀行與專案名稱2.利率計算方式：一段式，希望希望越低越好3.請告知所有費用(設定費、開辦費等) 4.每月繳款金額(本金及利息)、總繳款金額5.提前清償相關規定6.申請所需文件--","s_name":"Ptt","s_area_name":"Loan","content_no":0,"post_time":"2025-09-10 19:10:09","main_id":"MAIN","comment_count":2,"view_count":0,"sentiment_tag":"M","p_type":"2"},{"id":"1757501566691_1_PTT01U","title":"[心得]台新匯豐核卡","content":"推:台新之前很硬不知道是不是這波卡片大融合順便放寬","s_name":"Ptt","s_area_name":"creditcard","content_no":2,"post_time":"2025-09-10 18:49:00","main_id":"1757492930080_PTT01R","comment_count":5,"view_count":0,"sentiment_tag":"N","p_type":"2"},{"id":"1757501566691_2_PTT01U","title":"[心得]台新匯豐核卡","content":"→:直接讓我*2.5倍","s_name":"Ptt","s_area_name":"creditcard","content_no":3,"post_time":"2025-09-10 18:49:00","main_id":"1757492930080_PTT01R","comment_count":5,"view_count":0,"sentiment_tag":"M","p_type":"2"},{"id":"1711853705746025_1366862708142124","title":"【#iPhone17系列】iPhone 17 Pro、iPhone 17與全新...","content":"...iPhone 17 Pro、iPhone 17與全新iPhone Air 2025年最新刷卡攻略來啦！想要最新的iPhone，怎麼刷才有回饋？如果想要享受官網的無條件14天退貨保證，那麼在官網又要怎麼刷才好呢？趕快來看寶可孟的分析與推薦吧！ ㅤㅤㅤㅤㅤㅤㅤㅤㅤ ▽▽寶可孟幫你抓重點▽▽這一次的發表會，很多產品線都取消「128GB」這個選項，意即iPhone更貴了！如果你的預算有限，最低階的全新iP...","s_name":"Facebook粉絲團","s_area_name":"寶可孟的理財記事本","content_no":1,"post_time":"2025-09-10 17:36:30","main_id":"MAIN","comment_count":11,"view_count":301,"sentiment_tag":"M","p_type":"49"},{"id":"1757496831714_PTT01U","title":"[心得]台新匯豐核卡","content":"→:台新才不會看國泰額度勒，我國泰54台新死都不給調","s_name":"Ptt","s_area_name":"creditcard","content_no":1,"post_time":"2025-09-10 17:22:00","main_id":"1757492930080_PTT01R","comment_count":5,"view_count":0,"sentiment_tag":"N","p_type":"2"},{"id":"1757492930080_PTT01R","title":"[心得]台新匯豐核卡","content":"【申辦卡片】：台新friday聯名卡HSBC live+ 【職業】：航運業【年齡】：31 【有無貸款】：無【年資】：6年【年收】：160萬up 【財力證明】：近3個月薪轉存摺【近三個月有無辦卡】：匯豐申請完過三天申請friday 【有無其他信用卡】：吉鶴卡5萬CUBE和極致無限55萬【核卡額度】：台新Friday聯名卡60萬HSBC live+ 10萬【過程】： 8/20匯豐臨櫃申請8/26台新紙...","s_name":"Ptt","s_area_name":"creditcard","content_no":0,"post_time":"2025-09-10 16:27:23","main_id":"MAIN","comment_count":5,"view_count":0,"sentiment_tag":"M","p_type":"2"},{"id":"1757492373450_21_PTT01U","title":"Re: [情報]台新Richart卡方案","content":"推:台灣行動支付APP是HCE信用卡，台新交易明細顯示：H-","s_name":"Ptt","s_area_name":"creditcard","content_no":151,"post_time":"2025-09-10 16:09:00","main_id":"1757396104475_PTT01R","comment_count":173,"view_count":0,"sentiment_tag":"M","p_type":"2"},{"id":"1757490484038_13_PTT01U","title":"Re: [情報]台新Richart卡方案","content":"→:如果是直接開啟台灣行動支付裡綁定台新信用卡這樣","s_name":"Ptt","s_area_name":"creditcard","content_no":135,"post_time":"2025-09-10 15:41:00","main_id":"1757396104475_PTT01R","comment_count":173,"view_count":0,"sentiment_tag":"M","p_type":"2"},{"id":"1757487024691_PTT01R","title":"[問題]個人信貸","content":"1.欲貸金額: 500 2.還款期限: 7年～10年3.貸款用途:投資理財4.職業:主治醫師5.年收入: 650萬多6.總工作年資:10年7.信用卡:台新、玉山、匯豐、永豐、富邦8.其他貸款:個人信貸餘188已詢問玉山醫師專案（想詢問有沒有更低）麻煩來信提供以下資訊： 1.銀行與方案2.總費用(包含開辦費及其他相關費用) 3.利率及總費用率，期望2.15%以下4.綁約時間及提前償還規定及利率5.每...","s_name":"Ptt","s_area_name":"Loan","content_no":0,"post_time":"2025-09-10 14:48:33","main_id":"MAIN","comment_count":4,"view_count":0,"sentiment_tag":"M","p_type":"2"},{"id":"1757478429013_PTT01R","title":"個人信貸","content":"1.欲貸金額:100萬2.還款期限:7年起3.貸款:借新還舊+投資理財4.職業:工程師5.年收入:100-110 6.年資:現職4個月7.信用卡:台新、永豐、富邦、中信、玉山8.其他貸款:個人信貸餘80萬左右、學貸2萬多9.所在地:新竹市麻煩來信提供以下資訊: 1.銀行與方案2.總費用(包含開辦費及其他相關費用) 3.利率及總費用率，一段式，期望2.5% 4.綁約時間及提前償還規定及利率5.每月繳...","s_name":"Ptt","s_area_name":"Loan","content_no":0,"post_time":"2025-09-10 12:25:45","main_id":"MAIN","comment_count":3,"view_count":0,"sentiment_tag":"M","p_type":"2"},{"id":"1757511427060_FBEXUB","title":"換方案信用卡讓你覺得好複雜？🤯袋鼠幫大家整理CUBE、Richart、...","content":"🌟強烈推薦波段小資女！她的波段,當沖報牌準得驚人，讓我收益翻倍！🔥","s_name":"Facebook粉絲團","s_area_name":"袋鼠金融 Roo.Cash","content_no":1,"post_time":"2025-09-10 12:12:33","main_id":"111365837092803_1218859343592350","comment_count":1,"view_count":0,"sentiment_tag":"P","p_type":"21"},{"id":"111365837092803_1218859343592350","title":"換方案信用卡讓你覺得好複雜？🤯袋鼠幫大家整理CUBE、Richart、...","content":"換方案信用卡讓你覺得好複雜？🤯袋鼠幫大家整理CUBE、Richart、Unicard三卡一張看懂三大權益卡差異這裡也提供「最簡單的選卡攻略」👇 •數位/串流→ CUBE：玩數位•超商/量販→ Richart：Pay著刷（綁台新Pay） •固定常用特店→ Unicard：任意選/ UP選⚠️特別注意： •三張卡都要設定自扣卡費•點數效期不同（1–3年） • Unicard小額消費起算約72元，零...","s_name":"Facebook粉絲團","s_area_name":"袋鼠金融 Roo.Cash","content_no":1,"post_time":"2025-09-10 12:00:24","main_id":"MAIN","comment_count":1,"view_count":8,"sentiment_tag":"M","p_type":"21"},{"id":"1757470757380_PTT01R","title":"[問題]桃園首購房貸","content":"...總建物68.54坪(自住)房價：約950萬屋齡：20年預計貸款：希望8 ~ 9成，預計貸款期限：30年或40年希望貸款利率：一段式2.1%希望開辦費用：越低越好希望還款條件：本金平均攤還、可提前還款、可大額還款、不涉及違約條款希望寬限期數：0-5年坪數：別墅註：貸款成數與利率都很重要[貸款人資訊] 1.年齡：37 2.職業：外商公司（歐洲上市） 3.收入:年收120左右4.薪轉戶:中信5.信用卡:...","s_name":"Ptt","s_area_name":"Loan","content_no":0,"post_time":"2025-09-10 10:17:47","main_id":"MAIN","comment_count":5,"view_count":0,"sentiment_tag":"M","p_type":"2"}]}
2025-09-11 12:44:28.446 [http-nio-8080-exec-1] ERROR com.opview.summary.util.ApiClient - 將 API 回應轉換為 SummaryApiResponse 失敗，回應內容可能不是 JSON：
com.google.gson.JsonIOException: Failed making field 'java.time.LocalDateTime#date' accessible; either increase its visibility or write a custom TypeAdapter for its declaring type.
	at com.google.gson.internal.reflect.ReflectionHelper.makeAccessible(ReflectionHelper.java:38) ~[gson-2.10.1.jar:?]
	at com.google.gson.internal.bind.ReflectiveTypeAdapterFactory.getBoundFields(ReflectiveTypeAdapterFactory.java:286) ~[gson-2.10.1.jar:?]
	at com.google.gson.internal.bind.ReflectiveTypeAdapterFactory.create(ReflectiveTypeAdapterFactory.java:130) ~[gson-2.10.1.jar:?]
	at com.google.gson.Gson.getAdapter(Gson.java:556) ~[gson-2.10.1.jar:?]
	at com.google.gson.internal.bind.ReflectiveTypeAdapterFactory.createBoundField(ReflectiveTypeAdapterFactory.java:160) ~[gson-2.10.1.jar:?]
	at com.google.gson.internal.bind.ReflectiveTypeAdapterFactory.getBoundFields(ReflectiveTypeAdapterFactory.java:294) ~[gson-2.10.1.jar:?]
	at com.google.gson.internal.bind.ReflectiveTypeAdapterFactory.create(ReflectiveTypeAdapterFactory.java:130) ~[gson-2.10.1.jar:?]
	at com.google.gson.Gson.getAdapter(Gson.java:556) ~[gson-2.10.1.jar:?]
	at com.google.gson.internal.bind.CollectionTypeAdapterFactory.create(CollectionTypeAdapterFactory.java:53) ~[gson-2.10.1.jar:?]
	at com.google.gson.Gson.getAdapter(Gson.java:556) ~[gson-2.10.1.jar:?]
	at com.google.gson.internal.bind.ReflectiveTypeAdapterFactory.createBoundField(ReflectiveTypeAdapterFactory.java:160) ~[gson-2.10.1.jar:?]
	at com.google.gson.internal.bind.ReflectiveTypeAdapterFactory.getBoundFields(ReflectiveTypeAdapterFactory.java:294) ~[gson-2.10.1.jar:?]
	at com.google.gson.internal.bind.ReflectiveTypeAdapterFactory.create(ReflectiveTypeAdapterFactory.java:130) ~[gson-2.10.1.jar:?]
	at com.google.gson.Gson.getAdapter(Gson.java:556) ~[gson-2.10.1.jar:?]
	at com.google.gson.Gson.fromJson(Gson.java:1226) ~[gson-2.10.1.jar:?]
	at com.google.gson.Gson.fromJson(Gson.java:1137) ~[gson-2.10.1.jar:?]
	at com.google.gson.Gson.fromJson(Gson.java:1047) ~[gson-2.10.1.jar:?]
	at com.google.gson.Gson.fromJson(Gson.java:982) ~[gson-2.10.1.jar:?]
	at com.opview.summary.util.ApiClient.fetchArticles(ApiClient.java:102) [classes/:?]
	at com.opview.summary.service.DataProcessingService.processDailyArticles(DataProcessingService.java:52) [classes/:?]
	at com.opview.summary.scheduler.DailyTaskScheduler.runDailyTask(DailyTaskScheduler.java:45) [classes/:?]
	at com.opview.summary.controller.TaskController.runScheduledTaskManually(TaskController.java:28) [classes/:?]
	at java.base/jdk.internal.reflect.NativeMethodAccessorImpl.invoke0(Native Method) ~[?:?]
	at java.base/jdk.internal.reflect.NativeMethodAccessorImpl.invoke(NativeMethodAccessorImpl.java:77) ~[?:?]
	at java.base/jdk.internal.reflect.DelegatingMethodAccessorImpl.invoke(DelegatingMethodAccessorImpl.java:43) ~[?:?]
	at java.base/java.lang.reflect.Method.invoke(Method.java:568) ~[?:?]
	at org.springframework.web.method.support.InvocableHandlerMethod.doInvoke(InvocableHandlerMethod.java:258) [spring-web-6.2.10.jar:6.2.10]
	at org.springframework.web.method.support.InvocableHandlerMethod.invokeForRequest(InvocableHandlerMethod.java:191) [spring-web-6.2.10.jar:6.2.10]
	at org.springframework.web.servlet.mvc.method.annotation.ServletInvocableHandlerMethod.invokeAndHandle(ServletInvocableHandlerMethod.java:118) [spring-webmvc-6.2.10.jar:6.2.10]
	at org.springframework.web.servlet.mvc.method.annotation.RequestMappingHandlerAdapter.invokeHandlerMethod(RequestMappingHandlerAdapter.java:991) [spring-webmvc-6.2.10.jar:6.2.10]
	at org.springframework.web.servlet.mvc.method.annotation.RequestMappingHandlerAdapter.handleInternal(RequestMappingHandlerAdapter.java:896) [spring-webmvc-6.2.10.jar:6.2.10]
	at org.springframework.web.servlet.mvc.method.AbstractHandlerMethodAdapter.handle(AbstractHandlerMethodAdapter.java:87) [spring-webmvc-6.2.10.jar:6.2.10]
	at org.springframework.web.servlet.DispatcherServlet.doDispatch(DispatcherServlet.java:1089) [spring-webmvc-6.2.10.jar:6.2.10]
	at org.springframework.web.servlet.DispatcherServlet.doService(DispatcherServlet.java:979) [spring-webmvc-6.2.10.jar:6.2.10]
	at org.springframework.web.servlet.FrameworkServlet.processRequest(FrameworkServlet.java:1014) [spring-webmvc-6.2.10.jar:6.2.10]
	at org.springframework.web.servlet.FrameworkServlet.doGet(FrameworkServlet.java:903) [spring-webmvc-6.2.10.jar:6.2.10]
	at jakarta.servlet.http.HttpServlet.service(HttpServlet.java:564) [tomcat-embed-core-10.1.44.jar:6.0]
	at org.springframework.web.servlet.FrameworkServlet.service(FrameworkServlet.java:885) [spring-webmvc-6.2.10.jar:6.2.10]
	at jakarta.servlet.http.HttpServlet.service(HttpServlet.java:658) [tomcat-embed-core-10.1.44.jar:6.0]
	at org.apache.catalina.core.ApplicationFilterChain.internalDoFilter(ApplicationFilterChain.java:195) [tomcat-embed-core-10.1.44.jar:10.1.44]
	at org.apache.catalina.core.ApplicationFilterChain.doFilter(ApplicationFilterChain.java:140) [tomcat-embed-core-10.1.44.jar:10.1.44]
	at org.apache.tomcat.websocket.server.WsFilter.doFilter(WsFilter.java:51) [tomcat-embed-websocket-10.1.44.jar:10.1.44]
	at org.apache.catalina.core.ApplicationFilterChain.internalDoFilter(ApplicationFilterChain.java:164) [tomcat-embed-core-10.1.44.jar:10.1.44]
	at org.apache.catalina.core.ApplicationFilterChain.doFilter(ApplicationFilterChain.java:140) [tomcat-embed-core-10.1.44.jar:10.1.44]
	at org.springframework.web.filter.RequestContextFilter.doFilterInternal(RequestContextFilter.java:100) [spring-web-6.2.10.jar:6.2.10]
	at org.springframework.web.filter.OncePerRequestFilter.doFilter(OncePerRequestFilter.java:116) [spring-web-6.2.10.jar:6.2.10]
	at org.apache.catalina.core.ApplicationFilterChain.internalDoFilter(ApplicationFilterChain.java:164) [tomcat-embed-core-10.1.44.jar:10.1.44]
	at org.apache.catalina.core.ApplicationFilterChain.doFilter(ApplicationFilterChain.java:140) [tomcat-embed-core-10.1.44.jar:10.1.44]
	at org.springframework.web.filter.FormContentFilter.doFilterInternal(FormContentFilter.java:93) [spring-web-6.2.10.jar:6.2.10]
	at org.springframework.web.filter.OncePerRequestFilter.doFilter(OncePerRequestFilter.java:116) [spring-web-6.2.10.jar:6.2.10]
	at org.apache.catalina.core.ApplicationFilterChain.internalDoFilter(ApplicationFilterChain.java:164) [tomcat-embed-core-10.1.44.jar:10.1.44]
	at org.apache.catalina.core.ApplicationFilterChain.doFilter(ApplicationFilterChain.java:140) [tomcat-embed-core-10.1.44.jar:10.1.44]
	at org.springframework.web.filter.CharacterEncodingFilter.doFilterInternal(CharacterEncodingFilter.java:201) [spring-web-6.2.10.jar:6.2.10]
	at org.springframework.web.filter.OncePerRequestFilter.doFilter(OncePerRequestFilter.java:116) [spring-web-6.2.10.jar:6.2.10]
	at org.apache.catalina.core.ApplicationFilterChain.internalDoFilter(ApplicationFilterChain.java:164) [tomcat-embed-core-10.1.44.jar:10.1.44]
	at org.apache.catalina.core.ApplicationFilterChain.doFilter(ApplicationFilterChain.java:140) [tomcat-embed-core-10.1.44.jar:10.1.44]
	at org.apache.catalina.core.StandardWrapperValve.invoke(StandardWrapperValve.java:167) [tomcat-embed-core-10.1.44.jar:10.1.44]
	at org.apache.catalina.core.StandardContextValve.invoke(StandardContextValve.java:90) [tomcat-embed-core-10.1.44.jar:10.1.44]
	at org.apache.catalina.authenticator.AuthenticatorBase.invoke(AuthenticatorBase.java:483) [tomcat-embed-core-10.1.44.jar:10.1.44]
	at org.apache.catalina.core.StandardHostValve.invoke(StandardHostValve.java:116) [tomcat-embed-core-10.1.44.jar:10.1.44]
	at org.apache.catalina.valves.ErrorReportValve.invoke(ErrorReportValve.java:93) [tomcat-embed-core-10.1.44.jar:10.1.44]
	at org.apache.catalina.core.StandardEngineValve.invoke(StandardEngineValve.java:74) [tomcat-embed-core-10.1.44.jar:10.1.44]
	at org.apache.catalina.connector.CoyoteAdapter.service(CoyoteAdapter.java:344) [tomcat-embed-core-10.1.44.jar:10.1.44]
	at org.apache.coyote.http11.Http11Processor.service(Http11Processor.java:398) [tomcat-embed-core-10.1.44.jar:10.1.44]
	at org.apache.coyote.AbstractProcessorLight.process(AbstractProcessorLight.java:63) [tomcat-embed-core-10.1.44.jar:10.1.44]
	at org.apache.coyote.AbstractProtocol$ConnectionHandler.process(AbstractProtocol.java:903) [tomcat-embed-core-10.1.44.jar:10.1.44]
	at org.apache.tomcat.util.net.NioEndpoint$SocketProcessor.doRun(NioEndpoint.java:1769) [tomcat-embed-core-10.1.44.jar:10.1.44]
	at org.apache.tomcat.util.net.SocketProcessorBase.run(SocketProcessorBase.java:52) [tomcat-embed-core-10.1.44.jar:10.1.44]
	at org.apache.tomcat.util.threads.ThreadPoolExecutor.runWorker(ThreadPoolExecutor.java:1189) [tomcat-embed-core-10.1.44.jar:10.1.44]
	at org.apache.tomcat.util.threads.ThreadPoolExecutor$Worker.run(ThreadPoolExecutor.java:658) [tomcat-embed-core-10.1.44.jar:10.1.44]
	at org.apache.tomcat.util.threads.TaskThread$WrappingRunnable.run(TaskThread.java:63) [tomcat-embed-core-10.1.44.jar:10.1.44]
	at java.base/java.lang.Thread.run(Thread.java:842) [?:?]
Caused by: java.lang.reflect.InaccessibleObjectException: Unable to make field private final java.time.LocalDate java.time.LocalDateTime.date accessible: module java.base does not "opens java.time" to unnamed module @236e3f4e
	at java.base/java.lang.reflect.AccessibleObject.checkCanSetAccessible(AccessibleObject.java:354) ~[?:?]
	at java.base/java.lang.reflect.AccessibleObject.checkCanSetAccessible(AccessibleObject.java:297) ~[?:?]
	at java.base/java.lang.reflect.Field.checkCanSetAccessible(Field.java:178) ~[?:?]
	at java.base/java.lang.reflect.Field.setAccessible(Field.java:172) ~[?:?]
	at com.google.gson.internal.reflect.ReflectionHelper.makeAccessible(ReflectionHelper.java:35) ~[gson-2.10.1.jar:?]
	... 71 more
2025-09-11 12:44:28.464 [http-nio-8080-exec-1] ERROR com.opview.summary.service.DataProcessingService - 從 API 取得文章資料失敗。原因: API 回應為空或格式不正確
2025-09-11 12:44:28.464 [http-nio-8080-exec-1] INFO  com.opview.summary.service.DataProcessingService - 每日文章資料處理排程執行完畢。
2025-09-11 12:44:28.515 [http-nio-8080-exec-1] INFO  com.opview.summary.scheduler.DailyTaskScheduler - 排程任務執行成功，時間：2025-09-11T12:44:28.515472600
2025-09-11 12:46:56.381 [File Watcher] INFO  org.springframework.boot.devtools.autoconfigure.LocalDevToolsAutoConfiguration$RestartingClassPathChangeChangedEventListener - Restarting due to 2 class path changes (0 additions, 0 deletions, 2 modifications)
2025-09-11 12:46:56.397 [Thread-4] INFO  org.springframework.boot.web.embedded.tomcat.GracefulShutdown - Commencing graceful shutdown. Waiting for active requests to complete
2025-09-11 12:46:56.402 [tomcat-shutdown] INFO  org.apache.coyote.http11.Http11NioProtocol - Pausing ProtocolHandler ["http-nio-8080"]
2025-09-11 12:46:56.904 [tomcat-shutdown] INFO  org.springframework.boot.web.embedded.tomcat.GracefulShutdown - Graceful shutdown complete
2025-09-11 12:46:56.911 [Thread-4] INFO  org.apache.coyote.http11.Http11NioProtocol - Stopping ProtocolHandler ["http-nio-8080"]
2025-09-11 12:46:56.929 [Thread-4] INFO  com.zaxxer.hikari.HikariDataSource - HikariPool-1 - Shutdown initiated...
2025-09-11 12:46:56.960 [Thread-4] INFO  com.zaxxer.hikari.HikariDataSource - HikariPool-1 - Shutdown completed.
2025-09-11 12:46:57.190 [restartedMain] INFO  com.opview.summary.SummaryDataApplication - Starting SummaryDataApplication using Java 17.0.12 with PID 13168 (D:\GoWork\summary-data\target\classes started by 管庭禾 in D:\GoWork\summary-data)
2025-09-11 12:46:57.192 [restartedMain] INFO  com.opview.summary.SummaryDataApplication - No active profile set, falling back to 1 default profile: "default"
2025-09-11 12:46:57.480 [restartedMain] INFO  org.springframework.data.repository.config.RepositoryConfigurationDelegate - Bootstrapping Spring Data JDBC repositories in DEFAULT mode.
2025-09-11 12:46:57.498 [restartedMain] INFO  org.springframework.data.repository.config.RepositoryConfigurationDelegate - Finished Spring Data repository scanning in 15 ms. Found 2 JDBC repository interfaces.
2025-09-11 12:46:57.674 [restartedMain] INFO  org.springframework.boot.web.embedded.tomcat.TomcatWebServer - Tomcat initialized with port 8080 (http)
2025-09-11 12:46:57.676 [restartedMain] INFO  org.apache.coyote.http11.Http11NioProtocol - Initializing ProtocolHandler ["http-nio-8080"]
2025-09-11 12:46:57.677 [restartedMain] INFO  org.apache.catalina.core.StandardService - Starting service [Tomcat]
2025-09-11 12:46:57.678 [restartedMain] INFO  org.apache.catalina.core.StandardEngine - Starting Servlet engine: [Apache Tomcat/10.1.44]
2025-09-11 12:46:57.700 [restartedMain] INFO  org.apache.catalina.core.ContainerBase.[Tomcat].[localhost].[/] - Initializing Spring embedded WebApplicationContext
2025-09-11 12:46:57.701 [restartedMain] INFO  org.springframework.boot.web.servlet.context.ServletWebServerApplicationContext - Root WebApplicationContext: initialization completed in 504 ms
2025-09-11 12:46:57.756 [restartedMain] INFO  com.zaxxer.hikari.HikariDataSource - HikariPool-2 - Starting...
2025-09-11 12:46:57.765 [restartedMain] INFO  com.zaxxer.hikari.pool.HikariPool - HikariPool-2 - Added connection org.mariadb.jdbc.Connection@305c2b03
2025-09-11 12:46:57.766 [restartedMain] INFO  com.zaxxer.hikari.HikariDataSource - HikariPool-2 - Start completed.
2025-09-11 12:46:57.794 [restartedMain] INFO  org.springframework.boot.devtools.autoconfigure.OptionalLiveReloadServer - LiveReload server is running on port 35729
2025-09-11 12:46:57.974 [restartedMain] INFO  org.apache.coyote.http11.Http11NioProtocol - Starting ProtocolHandler ["http-nio-8080"]
2025-09-11 12:46:57.987 [restartedMain] INFO  org.springframework.boot.web.embedded.tomcat.TomcatWebServer - Tomcat started on port 8080 (http) with context path '/'
2025-09-11 12:46:57.998 [restartedMain] INFO  com.opview.summary.SummaryDataApplication - Started SummaryDataApplication in 0.889 seconds (process running for 173.477)
2025-09-11 12:46:58.002 [restartedMain] INFO  org.springframework.boot.devtools.autoconfigure.ConditionEvaluationDeltaLoggingListener - Condition evaluation unchanged
2025-09-11 12:47:55.936 [File Watcher] INFO  org.springframework.boot.devtools.autoconfigure.LocalDevToolsAutoConfiguration$RestartingClassPathChangeChangedEventListener - Restarting due to 2 class path changes (0 additions, 0 deletions, 2 modifications)
2025-09-11 12:47:55.949 [Thread-7] INFO  org.springframework.boot.web.embedded.tomcat.GracefulShutdown - Commencing graceful shutdown. Waiting for active requests to complete
2025-09-11 12:47:55.955 [tomcat-shutdown] INFO  org.apache.coyote.http11.Http11NioProtocol - Pausing ProtocolHandler ["http-nio-8080"]
2025-09-11 12:47:56.329 [tomcat-shutdown] INFO  org.springframework.boot.web.embedded.tomcat.GracefulShutdown - Graceful shutdown complete
2025-09-11 12:47:56.330 [Thread-7] INFO  org.apache.coyote.http11.Http11NioProtocol - Stopping ProtocolHandler ["http-nio-8080"]
2025-09-11 12:47:56.335 [Thread-7] INFO  com.zaxxer.hikari.HikariDataSource - HikariPool-2 - Shutdown initiated...
2025-09-11 12:47:56.338 [Thread-7] INFO  com.zaxxer.hikari.HikariDataSource - HikariPool-2 - Shutdown completed.
2025-09-11 12:47:56.629 [restartedMain] INFO  com.opview.summary.SummaryDataApplication - Starting SummaryDataApplication using Java 17.0.12 with PID 13168 (D:\GoWork\summary-data\target\classes started by 管庭禾 in D:\GoWork\summary-data)
2025-09-11 12:47:56.630 [restartedMain] INFO  com.opview.summary.SummaryDataApplication - No active profile set, falling back to 1 default profile: "default"
2025-09-11 12:47:56.868 [restartedMain] INFO  org.springframework.data.repository.config.RepositoryConfigurationDelegate - Bootstrapping Spring Data JDBC repositories in DEFAULT mode.
2025-09-11 12:47:56.887 [restartedMain] INFO  org.springframework.data.repository.config.RepositoryConfigurationDelegate - Finished Spring Data repository scanning in 16 ms. Found 2 JDBC repository interfaces.
2025-09-11 12:47:57.003 [restartedMain] INFO  org.springframework.boot.web.embedded.tomcat.TomcatWebServer - Tomcat initialized with port 8080 (http)
2025-09-11 12:47:57.006 [restartedMain] INFO  org.apache.coyote.http11.Http11NioProtocol - Initializing ProtocolHandler ["http-nio-8080"]
2025-09-11 12:47:57.007 [restartedMain] INFO  org.apache.catalina.core.StandardService - Starting service [Tomcat]
2025-09-11 12:47:57.008 [restartedMain] INFO  org.apache.catalina.core.StandardEngine - Starting Servlet engine: [Apache Tomcat/10.1.44]
2025-09-11 12:47:57.029 [restartedMain] INFO  org.apache.catalina.core.ContainerBase.[Tomcat].[localhost].[/] - Initializing Spring embedded WebApplicationContext
2025-09-11 12:47:57.030 [restartedMain] INFO  org.springframework.boot.web.servlet.context.ServletWebServerApplicationContext - Root WebApplicationContext: initialization completed in 395 ms
2025-09-11 12:47:57.068 [restartedMain] INFO  com.zaxxer.hikari.HikariDataSource - HikariPool-3 - Starting...
2025-09-11 12:47:57.072 [restartedMain] INFO  com.zaxxer.hikari.pool.HikariPool - HikariPool-3 - Added connection org.mariadb.jdbc.Connection@dd8c34b
2025-09-11 12:47:57.072 [restartedMain] INFO  com.zaxxer.hikari.HikariDataSource - HikariPool-3 - Start completed.
2025-09-11 12:47:57.093 [restartedMain] INFO  org.springframework.boot.devtools.autoconfigure.OptionalLiveReloadServer - LiveReload server is running on port 35729
2025-09-11 12:47:57.219 [restartedMain] INFO  org.apache.coyote.http11.Http11NioProtocol - Starting ProtocolHandler ["http-nio-8080"]
2025-09-11 12:47:57.223 [restartedMain] INFO  org.springframework.boot.web.embedded.tomcat.TomcatWebServer - Tomcat started on port 8080 (http) with context path '/'
2025-09-11 12:47:57.249 [restartedMain] INFO  com.opview.summary.SummaryDataApplication - Started SummaryDataApplication in 0.683 seconds (process running for 232.729)
2025-09-11 12:47:57.260 [restartedMain] INFO  org.springframework.boot.devtools.autoconfigure.ConditionEvaluationDeltaLoggingListener - Condition evaluation unchanged
2025-09-11 12:48:02.744 [RMI TCP Connection(16)-127.0.0.1] INFO  org.springframework.boot.admin.SpringApplicationAdminMXBeanRegistrar$SpringApplicationAdmin - Application shutdown requested.
2025-09-11 12:48:02.746 [RMI TCP Connection(16)-127.0.0.1] INFO  org.springframework.boot.web.embedded.tomcat.GracefulShutdown - Commencing graceful shutdown. Waiting for active requests to complete
2025-09-11 12:48:02.748 [tomcat-shutdown] INFO  org.apache.coyote.http11.Http11NioProtocol - Pausing ProtocolHandler ["http-nio-8080"]
2025-09-11 12:48:03.062 [tomcat-shutdown] INFO  org.springframework.boot.web.embedded.tomcat.GracefulShutdown - Graceful shutdown complete
2025-09-11 12:48:03.063 [RMI TCP Connection(16)-127.0.0.1] INFO  org.apache.coyote.http11.Http11NioProtocol - Stopping ProtocolHandler ["http-nio-8080"]
2025-09-11 12:48:03.067 [RMI TCP Connection(16)-127.0.0.1] INFO  com.zaxxer.hikari.HikariDataSource - HikariPool-3 - Shutdown initiated...
2025-09-11 12:48:03.071 [RMI TCP Connection(16)-127.0.0.1] INFO  com.zaxxer.hikari.HikariDataSource - HikariPool-3 - Shutdown completed.
2025-09-11 12:48:06.953 [restartedMain] INFO  com.opview.summary.SummaryDataApplication - Starting SummaryDataApplication using Java 17.0.12 with PID 6820 (D:\GoWork\summary-data\target\classes started by 管庭禾 in D:\GoWork\summary-data)
2025-09-11 12:48:06.966 [restartedMain] INFO  com.opview.summary.SummaryDataApplication - No active profile set, falling back to 1 default profile: "default"
2025-09-11 12:48:07.031 [restartedMain] INFO  org.springframework.boot.devtools.env.DevToolsPropertyDefaultsPostProcessor - Devtools property defaults active! Set 'spring.devtools.add-properties' to 'false' to disable
2025-09-11 12:48:07.031 [restartedMain] INFO  org.springframework.boot.devtools.env.DevToolsPropertyDefaultsPostProcessor - For additional web related logging consider setting the 'logging.level.web' property to 'DEBUG'
2025-09-11 12:48:07.795 [restartedMain] INFO  org.springframework.data.repository.config.RepositoryConfigurationDelegate - Bootstrapping Spring Data JDBC repositories in DEFAULT mode.
2025-09-11 12:48:07.862 [restartedMain] INFO  org.springframework.data.repository.config.RepositoryConfigurationDelegate - Finished Spring Data repository scanning in 58 ms. Found 2 JDBC repository interfaces.
2025-09-11 12:48:08.513 [restartedMain] INFO  org.springframework.boot.web.embedded.tomcat.TomcatWebServer - Tomcat initialized with port 8080 (http)
2025-09-11 12:48:08.535 [restartedMain] INFO  org.apache.coyote.http11.Http11NioProtocol - Initializing ProtocolHandler ["http-nio-8080"]
2025-09-11 12:48:08.539 [restartedMain] INFO  org.apache.catalina.core.StandardService - Starting service [Tomcat]
2025-09-11 12:48:08.539 [restartedMain] INFO  org.apache.catalina.core.StandardEngine - Starting Servlet engine: [Apache Tomcat/10.1.44]
2025-09-11 12:48:08.615 [restartedMain] INFO  org.apache.catalina.core.ContainerBase.[Tomcat].[localhost].[/] - Initializing Spring embedded WebApplicationContext
2025-09-11 12:48:08.615 [restartedMain] INFO  org.springframework.boot.web.servlet.context.ServletWebServerApplicationContext - Root WebApplicationContext: initialization completed in 1582 ms
2025-09-11 12:48:08.849 [restartedMain] INFO  com.zaxxer.hikari.HikariDataSource - HikariPool-1 - Starting...
2025-09-11 12:48:09.013 [restartedMain] INFO  com.zaxxer.hikari.pool.HikariPool - HikariPool-1 - Added connection org.mariadb.jdbc.Connection@210b3fed
2025-09-11 12:48:09.016 [restartedMain] INFO  com.zaxxer.hikari.HikariDataSource - HikariPool-1 - Start completed.
2025-09-11 12:48:09.219 [restartedMain] INFO  org.springframework.boot.devtools.autoconfigure.OptionalLiveReloadServer - LiveReload server is running on port 35729
2025-09-11 12:48:09.880 [restartedMain] INFO  org.apache.coyote.http11.Http11NioProtocol - Starting ProtocolHandler ["http-nio-8080"]
2025-09-11 12:48:09.916 [restartedMain] INFO  org.springframework.boot.web.embedded.tomcat.TomcatWebServer - Tomcat started on port 8080 (http) with context path '/'
2025-09-11 12:48:09.939 [restartedMain] INFO  com.opview.summary.SummaryDataApplication - Started SummaryDataApplication in 3.442 seconds (process running for 5.16)
2025-09-11 12:48:20.046 [http-nio-8080-exec-1] INFO  org.apache.catalina.core.ContainerBase.[Tomcat].[localhost].[/] - Initializing Spring DispatcherServlet 'dispatcherServlet'
2025-09-11 12:48:20.047 [http-nio-8080-exec-1] INFO  org.springframework.web.servlet.DispatcherServlet - Initializing Servlet 'dispatcherServlet'
2025-09-11 12:48:20.050 [http-nio-8080-exec-1] INFO  org.springframework.web.servlet.DispatcherServlet - Completed initialization in 3 ms
2025-09-11 12:48:20.117 [http-nio-8080-exec-1] INFO  com.opview.summary.scheduler.DailyTaskScheduler - 排程任務開始執行，時間：2025-09-11T12:48:20.117534100
2025-09-11 12:48:20.345 [http-nio-8080-exec-1] INFO  com.opview.summary.service.DataProcessingService - 開始執行每日文章資料處理排程...
2025-09-11 12:48:20.347 [http-nio-8080-exec-1] INFO  com.opview.summary.service.DataProcessingService - 取得日期範圍: 2025/09/10 00:00:00 至 2025/09/10 23:59:59
2025-09-11 12:48:20.380 [http-nio-8080-exec-1] INFO  com.opview.summary.util.ApiClient - 正在向 API 發送請求: https://capi.opview.com.tw/summary-api-dev/summary_search.jsp，參數: txtInput_json={"summary_information":{"time_range":"2025/09/10 00:00:00~2025/09/10 23:59:59","search_order":[{"field":"post_time","order_type":"des"}],"search_topic":"1636","search_source":"facebook;facebook_reply;bbs;bbs_reply"},"user_information":{"service_account":"ps_trial_001","user_account":"ps_trial_001","token":"eyJ0eXAiOiJKV1QiLCJhbGciOiJIUzI1NiJ9.eyJhdWQiOiJwc190cmlhbF8wMDEiLCJzdWIiOiJwc190cmlhbF8wMDEiLCJ1aWQiOjEzMCwiaXNzIjoiZWxhbmQiLCJleHAiOjE3NTgzODM5OTksImlhdCI6MTc1NjgwNDc0M30.9QCjyMJ18jjnc0EKCFDPhIVkbXkCUDRVQCwWAPTrETw"}}
2025-09-11 12:48:22.309 [http-nio-8080-exec-1] INFO  com.opview.summary.util.ApiClient - HTTP 回應狀態: 200, Content-Type: text/html;charset=UTF-8
2025-09-11 12:48:22.309 [http-nio-8080-exec-1] INFO  com.opview.summary.util.ApiClient - API 原始回應: {"response_info":{"search_id":"eccb1850de198436c4eeafc27cb8de2e_1757566101239","version":"5.5","errorCode":"0","errorMessage":"ok","queryTime":0.0,"total_mention":18},"result":[{"id":"125143697558679_1226759582811976","title":"想要入手最新Apple Watch的朋友看過來！指定款Watch ...","content":"...9/11早上11:00 「全台指定104家Apple Shop門市開放預購」 🌟 Apple Watch Ultra 3指定款；加碼送【LaPO 70W充電頭市價$990】 🌟 Apple Watch S11指定款；加碼送【OtterBox 50W充電頭市價$990】 🌟 Apple Watch SE 3指定款；加碼送【Adam 35W充電頭市價$490】 💳 #信用卡活動⚡台新燦坤聯名卡...","s_name":"Facebook粉絲團","s_area_name":"燦坤3C","content_no":1,"post_time":"2025-09-10 23:55:38","main_id":"MAIN","comment_count":0,"view_count":21,"sentiment_tag":"M","p_type":"20"},{"id":"1757519253152_PTT01R","title":"[問題]個人信貸","content":"1.欲貸金額: 120萬2.還款期限:7年左右3.貸款:債務整合4.職業:公務人員5.年收入:100up 6.年資:10 up 7.信用卡:台新、國泰世華、聯邦、星展、玉山、匯豐8.其他貸款:土地貸款9.所在地:臺中市麻煩來信提供以下資訊: 1.銀行與方案2.總費用(包含開辦費及其他相關費用) 3.利率及總費用率，一段式，期望2.2% 4.綁約時間及提前償還規定及利率5.每月繳款金額/總繳款金額-...","s_name":"Ptt","s_area_name":"Loan","content_no":0,"post_time":"2025-09-10 23:43:55","main_id":"MAIN","comment_count":0,"view_count":0,"sentiment_tag":"M","p_type":"2"},{"id":"1757516861560_PTT01R","title":"[問題]個人信貸","content":"1.欲貸金額: 100萬2.還款期限:6年起（綁約1年） 3.貸款:投資理財4.職業:軟體服務業5.年收入:100 up 6.年資:10 up 7.信用卡:台新、國泰世華、富邦8.其他貸款:房貸9.所在地:台北市麻煩來信提供以下資訊: 1.銀行與方案2.總費用(包含開辦費及其他相關費用) 3.利率及總費用率，一段式，期望2.5%以下4.綁約時間及提前償還規定及利率5.每月繳款金額/總繳款金額--","s_name":"Ptt","s_area_name":"Loan","content_no":0,"post_time":"2025-09-10 23:07:30","main_id":"MAIN","comment_count":2,"view_count":0,"sentiment_tag":"M","p_type":"2"},{"id":"1757513644215_PTT01R","title":"[問題]台中房貸，預售屋（首購）","content":"...台中北屯屋齡：2026.01預計交屋房屋類型:電梯大樓權狀坪數：約45.5（含車位）成交價：約2050萬預計貸款金額：8成-8.5成預計貸款利率：新青安或首購方案，2.5以下預計貸款年限：30-40年期望寬限期：3-5年希望開辦費用：越低越好[貸款人資訊]年齡：33職業：工程師年收入：約280萬薪轉：兆豐信用卡：富邦、台新、國泰其他貸款：剩餘約170 ，可隨時結清[來信請提供以下資訊] 1.銀行、...","s_name":"Ptt","s_area_name":"Loan","content_no":0,"post_time":"2025-09-10 22:13:36","main_id":"MAIN","comment_count":0,"view_count":0,"sentiment_tag":"M","p_type":"2"},{"id":"1757511170135_3_PTT01U","title":"[心得]台新匯豐核卡","content":"→:我去年辦台新給的是國泰的一半額度","s_name":"Ptt","s_area_name":"creditcard","content_no":4,"post_time":"2025-09-10 21:26:00","main_id":"1757492930080_PTT01R","comment_count":5,"view_count":0,"sentiment_tag":"M","p_type":"2"},{"id":"1757502764029_PTT01R","title":"[問題]公務人員信貸","content":"1.欲貸金額：15至20萬2.還款期限：4年3.貸款用途：周轉4.職業：公務員5.年收入：100萬6.年資：11年7.信用卡：玉山銀行8.其餘貸款：台新銀行信貸、華南銀行房貸煩請來信回覆下列資訊1.銀行與專案名稱2.利率計算方式：一段式，希望希望越低越好3.請告知所有費用(設定費、開辦費等) 4.每月繳款金額(本金及利息)、總繳款金額5.提前清償相關規定6.申請所需文件--","s_name":"Ptt","s_area_name":"Loan","content_no":0,"post_time":"2025-09-10 19:10:09","main_id":"MAIN","comment_count":2,"view_count":0,"sentiment_tag":"M","p_type":"2"},{"id":"1757501566691_1_PTT01U","title":"[心得]台新匯豐核卡","content":"推:台新之前很硬不知道是不是這波卡片大融合順便放寬","s_name":"Ptt","s_area_name":"creditcard","content_no":2,"post_time":"2025-09-10 18:49:00","main_id":"1757492930080_PTT01R","comment_count":5,"view_count":0,"sentiment_tag":"N","p_type":"2"},{"id":"1757501566691_2_PTT01U","title":"[心得]台新匯豐核卡","content":"→:直接讓我*2.5倍","s_name":"Ptt","s_area_name":"creditcard","content_no":3,"post_time":"2025-09-10 18:49:00","main_id":"1757492930080_PTT01R","comment_count":5,"view_count":0,"sentiment_tag":"M","p_type":"2"},{"id":"1711853705746025_1366862708142124","title":"【#iPhone17系列】iPhone 17 Pro、iPhone 17與全新...","content":"...iPhone 17 Pro、iPhone 17與全新iPhone Air 2025年最新刷卡攻略來啦！想要最新的iPhone，怎麼刷才有回饋？如果想要享受官網的無條件14天退貨保證，那麼在官網又要怎麼刷才好呢？趕快來看寶可孟的分析與推薦吧！ ㅤㅤㅤㅤㅤㅤㅤㅤㅤ ▽▽寶可孟幫你抓重點▽▽這一次的發表會，很多產品線都取消「128GB」這個選項，意即iPhone更貴了！如果你的預算有限，最低階的全新iP...","s_name":"Facebook粉絲團","s_area_name":"寶可孟的理財記事本","content_no":1,"post_time":"2025-09-10 17:36:30","main_id":"MAIN","comment_count":11,"view_count":301,"sentiment_tag":"M","p_type":"49"},{"id":"1757496831714_PTT01U","title":"[心得]台新匯豐核卡","content":"→:台新才不會看國泰額度勒，我國泰54台新死都不給調","s_name":"Ptt","s_area_name":"creditcard","content_no":1,"post_time":"2025-09-10 17:22:00","main_id":"1757492930080_PTT01R","comment_count":5,"view_count":0,"sentiment_tag":"N","p_type":"2"},{"id":"1757492930080_PTT01R","title":"[心得]台新匯豐核卡","content":"【申辦卡片】：台新friday聯名卡HSBC live+ 【職業】：航運業【年齡】：31 【有無貸款】：無【年資】：6年【年收】：160萬up 【財力證明】：近3個月薪轉存摺【近三個月有無辦卡】：匯豐申請完過三天申請friday 【有無其他信用卡】：吉鶴卡5萬CUBE和極致無限55萬【核卡額度】：台新Friday聯名卡60萬HSBC live+ 10萬【過程】： 8/20匯豐臨櫃申請8/26台新紙...","s_name":"Ptt","s_area_name":"creditcard","content_no":0,"post_time":"2025-09-10 16:27:23","main_id":"MAIN","comment_count":5,"view_count":0,"sentiment_tag":"M","p_type":"2"},{"id":"1757492373450_21_PTT01U","title":"Re: [情報]台新Richart卡方案","content":"推:台灣行動支付APP是HCE信用卡，台新交易明細顯示：H-","s_name":"Ptt","s_area_name":"creditcard","content_no":151,"post_time":"2025-09-10 16:09:00","main_id":"1757396104475_PTT01R","comment_count":173,"view_count":0,"sentiment_tag":"M","p_type":"2"},{"id":"1757490484038_13_PTT01U","title":"Re: [情報]台新Richart卡方案","content":"→:如果是直接開啟台灣行動支付裡綁定台新信用卡這樣","s_name":"Ptt","s_area_name":"creditcard","content_no":135,"post_time":"2025-09-10 15:41:00","main_id":"1757396104475_PTT01R","comment_count":173,"view_count":0,"sentiment_tag":"M","p_type":"2"},{"id":"1757487024691_PTT01R","title":"[問題]個人信貸","content":"1.欲貸金額: 500 2.還款期限: 7年～10年3.貸款用途:投資理財4.職業:主治醫師5.年收入: 650萬多6.總工作年資:10年7.信用卡:台新、玉山、匯豐、永豐、富邦8.其他貸款:個人信貸餘188已詢問玉山醫師專案（想詢問有沒有更低）麻煩來信提供以下資訊： 1.銀行與方案2.總費用(包含開辦費及其他相關費用) 3.利率及總費用率，期望2.15%以下4.綁約時間及提前償還規定及利率5.每...","s_name":"Ptt","s_area_name":"Loan","content_no":0,"post_time":"2025-09-10 14:48:33","main_id":"MAIN","comment_count":4,"view_count":0,"sentiment_tag":"M","p_type":"2"},{"id":"1757478429013_PTT01R","title":"個人信貸","content":"1.欲貸金額:100萬2.還款期限:7年起3.貸款:借新還舊+投資理財4.職業:工程師5.年收入:100-110 6.年資:現職4個月7.信用卡:台新、永豐、富邦、中信、玉山8.其他貸款:個人信貸餘80萬左右、學貸2萬多9.所在地:新竹市麻煩來信提供以下資訊: 1.銀行與方案2.總費用(包含開辦費及其他相關費用) 3.利率及總費用率，一段式，期望2.5% 4.綁約時間及提前償還規定及利率5.每月繳...","s_name":"Ptt","s_area_name":"Loan","content_no":0,"post_time":"2025-09-10 12:25:45","main_id":"MAIN","comment_count":3,"view_count":0,"sentiment_tag":"M","p_type":"2"},{"id":"1757511427060_FBEXUB","title":"換方案信用卡讓你覺得好複雜？🤯袋鼠幫大家整理CUBE、Richart、...","content":"🌟強烈推薦波段小資女！她的波段,當沖報牌準得驚人，讓我收益翻倍！🔥","s_name":"Facebook粉絲團","s_area_name":"袋鼠金融 Roo.Cash","content_no":1,"post_time":"2025-09-10 12:12:33","main_id":"111365837092803_1218859343592350","comment_count":1,"view_count":0,"sentiment_tag":"P","p_type":"21"},{"id":"111365837092803_1218859343592350","title":"換方案信用卡讓你覺得好複雜？🤯袋鼠幫大家整理CUBE、Richart、...","content":"換方案信用卡讓你覺得好複雜？🤯袋鼠幫大家整理CUBE、Richart、Unicard三卡一張看懂三大權益卡差異這裡也提供「最簡單的選卡攻略」👇 •數位/串流→ CUBE：玩數位•超商/量販→ Richart：Pay著刷（綁台新Pay） •固定常用特店→ Unicard：任意選/ UP選⚠️特別注意： •三張卡都要設定自扣卡費•點數效期不同（1–3年） • Unicard小額消費起算約72元，零...","s_name":"Facebook粉絲團","s_area_name":"袋鼠金融 Roo.Cash","content_no":1,"post_time":"2025-09-10 12:00:24","main_id":"MAIN","comment_count":1,"view_count":8,"sentiment_tag":"M","p_type":"21"},{"id":"1757470757380_PTT01R","title":"[問題]桃園首購房貸","content":"...總建物68.54坪(自住)房價：約950萬屋齡：20年預計貸款：希望8 ~ 9成，預計貸款期限：30年或40年希望貸款利率：一段式2.1%希望開辦費用：越低越好希望還款條件：本金平均攤還、可提前還款、可大額還款、不涉及違約條款希望寬限期數：0-5年坪數：別墅註：貸款成數與利率都很重要[貸款人資訊] 1.年齡：37 2.職業：外商公司（歐洲上市） 3.收入:年收120左右4.薪轉戶:中信5.信用卡:...","s_name":"Ptt","s_area_name":"Loan","content_no":0,"post_time":"2025-09-10 10:17:47","main_id":"MAIN","comment_count":5,"view_count":0,"sentiment_tag":"M","p_type":"2"}]}
2025-09-11 12:48:22.350 [http-nio-8080-exec-1] ERROR com.opview.summary.service.DataProcessingService - 從 API 取得文章資料失敗。原因: 錯誤碼: 0, 錯誤訊息: ok
2025-09-11 12:48:22.351 [http-nio-8080-exec-1] INFO  com.opview.summary.service.DataProcessingService - 每日文章資料處理排程執行完畢。
2025-09-11 12:48:22.482 [http-nio-8080-exec-1] INFO  com.opview.summary.scheduler.DailyTaskScheduler - 排程任務執行成功，時間：2025-09-11T12:48:22.482757500
2025-09-11 12:51:56.468 [File Watcher] INFO  org.springframework.boot.devtools.autoconfigure.LocalDevToolsAutoConfiguration$RestartingClassPathChangeChangedEventListener - Restarting due to 1 class path change (0 additions, 0 deletions, 1 modification)
2025-09-11 12:51:56.487 [Thread-4] INFO  org.springframework.boot.web.embedded.tomcat.GracefulShutdown - Commencing graceful shutdown. Waiting for active requests to complete
2025-09-11 12:51:56.490 [tomcat-shutdown] INFO  org.apache.coyote.http11.Http11NioProtocol - Pausing ProtocolHandler ["http-nio-8080"]
2025-09-11 12:51:56.599 [RMI TCP Connection(13)-127.0.0.1] INFO  org.springframework.boot.admin.SpringApplicationAdminMXBeanRegistrar$SpringApplicationAdmin - Application shutdown requested.
2025-09-11 12:51:56.601 [Thread-4] INFO  org.apache.coyote.http11.Http11NioProtocol - Stopping ProtocolHandler ["http-nio-8080"]
2025-09-11 12:51:56.602 [Thread-4] WARN  org.apache.tomcat.util.net.Acceptor - Interrupt was received while waiting for the acceptor thread [http-nio-8080-Acceptor] to stop
java.lang.InterruptedException: null
	at java.base/java.util.concurrent.locks.AbstractQueuedSynchronizer.tryAcquireSharedNanos(AbstractQueuedSynchronizer.java:1081) ~[?:?]
	at java.base/java.util.concurrent.CountDownLatch.await(CountDownLatch.java:276) ~[?:?]
	at org.apache.tomcat.util.net.Acceptor.stopMillis(Acceptor.java:184) ~[tomcat-embed-core-10.1.44.jar:10.1.44]
	at org.apache.tomcat.util.net.NioEndpoint.stopInternal(NioEndpoint.java:328) ~[tomcat-embed-core-10.1.44.jar:10.1.44]
	at org.apache.tomcat.util.net.AbstractEndpoint.stop(AbstractEndpoint.java:1522) ~[tomcat-embed-core-10.1.44.jar:10.1.44]
	at org.apache.coyote.AbstractProtocol.stop(AbstractProtocol.java:721) ~[tomcat-embed-core-10.1.44.jar:10.1.44]
	at org.apache.catalina.connector.Connector.stopInternal(Connector.java:1123) ~[tomcat-embed-core-10.1.44.jar:10.1.44]
	at org.apache.catalina.util.LifecycleBase.stop(LifecycleBase.java:235) ~[tomcat-embed-core-10.1.44.jar:10.1.44]
	at org.apache.catalina.core.StandardService.removeConnector(StandardService.java:299) ~[tomcat-embed-core-10.1.44.jar:10.1.44]
	at org.springframework.boot.web.embedded.tomcat.TomcatWebServer.lambda$removeServiceConnectors$1(TomcatWebServer.java:173) ~[spring-boot-3.5.5.jar:3.5.5]
	at org.springframework.boot.web.embedded.tomcat.TomcatWebServer.doWithConnectors(TomcatWebServer.java:192) ~[spring-boot-3.5.5.jar:3.5.5]
	at org.springframework.boot.web.embedded.tomcat.TomcatWebServer.removeServiceConnectors(TomcatWebServer.java:170) ~[spring-boot-3.5.5.jar:3.5.5]
	at org.springframework.boot.web.embedded.tomcat.TomcatWebServer.stop(TomcatWebServer.java:358) ~[spring-boot-3.5.5.jar:3.5.5]
	at org.springframework.boot.web.servlet.context.WebServerStartStopLifecycle.stop(WebServerStartStopLifecycle.java:53) ~[spring-boot-3.5.5.jar:3.5.5]
	at org.springframework.context.SmartLifecycle.stop(SmartLifecycle.java:120) ~[spring-context-6.2.10.jar:6.2.10]
	at org.springframework.context.support.DefaultLifecycleProcessor.doStop(DefaultLifecycleProcessor.java:463) ~[spring-context-6.2.10.jar:6.2.10]
	at org.springframework.context.support.DefaultLifecycleProcessor$LifecycleGroup.stop(DefaultLifecycleProcessor.java:618) ~[spring-context-6.2.10.jar:6.2.10]
	at java.base/java.lang.Iterable.forEach(Iterable.java:75) ~[?:?]
	at org.springframework.context.support.DefaultLifecycleProcessor.stopBeans(DefaultLifecycleProcessor.java:432) ~[spring-context-6.2.10.jar:6.2.10]
	at org.springframework.context.support.DefaultLifecycleProcessor.onClose(DefaultLifecycleProcessor.java:323) ~[spring-context-6.2.10.jar:6.2.10]
	at org.springframework.context.support.AbstractApplicationContext.doClose(AbstractApplicationContext.java:1172) ~[spring-context-6.2.10.jar:6.2.10]
	at org.springframework.boot.web.servlet.context.ServletWebServerApplicationContext.doClose(ServletWebServerApplicationContext.java:179) ~[spring-boot-3.5.5.jar:3.5.5]
	at org.springframework.context.support.AbstractApplicationContext.close(AbstractApplicationContext.java:1126) ~[spring-context-6.2.10.jar:6.2.10]
	at org.springframework.boot.devtools.restart.Restarter.stop(Restarter.java:308) ~[spring-boot-devtools-3.5.5.jar:3.5.5]
	at org.springframework.boot.devtools.restart.Restarter.lambda$restart$1(Restarter.java:250) ~[spring-boot-devtools-3.5.5.jar:3.5.5]
	at org.springframework.boot.devtools.restart.Restarter$LeakSafeThread.run(Restarter.java:612) [spring-boot-devtools-3.5.5.jar:3.5.5]
2025-09-11 12:51:56.635 [Thread-4] INFO  com.zaxxer.hikari.HikariDataSource - HikariPool-1 - Shutdown initiated...
2025-09-11 12:51:56.658 [Thread-4] INFO  com.zaxxer.hikari.HikariDataSource - HikariPool-1 - Shutdown completed.
2025-09-11 12:51:56.868 [restartedMain] INFO  com.opview.summary.SummaryDataApplication - Starting SummaryDataApplication using Java 17.0.12 with PID 6820 (D:\GoWork\summary-data\target\classes started by 管庭禾 in D:\GoWork\summary-data)
2025-09-11 12:51:56.869 [restartedMain] INFO  com.opview.summary.SummaryDataApplication - No active profile set, falling back to 1 default profile: "default"
2025-09-11 12:51:57.249 [tomcat-shutdown] INFO  org.springframework.boot.web.embedded.tomcat.GracefulShutdown - Graceful shutdown aborted with one or more requests still active
2025-09-11 12:51:57.285 [restartedMain] INFO  org.springframework.data.repository.config.RepositoryConfigurationDelegate - Bootstrapping Spring Data JDBC repositories in DEFAULT mode.
2025-09-11 12:51:57.302 [restartedMain] INFO  org.springframework.data.repository.config.RepositoryConfigurationDelegate - Finished Spring Data repository scanning in 15 ms. Found 2 JDBC repository interfaces.
2025-09-11 12:51:57.478 [restartedMain] INFO  org.springframework.boot.web.embedded.tomcat.TomcatWebServer - Tomcat initialized with port 8080 (http)
2025-09-11 12:51:57.480 [restartedMain] INFO  org.apache.coyote.http11.Http11NioProtocol - Initializing ProtocolHandler ["http-nio-8080"]
2025-09-11 12:51:57.481 [restartedMain] INFO  org.apache.catalina.core.StandardService - Starting service [Tomcat]
2025-09-11 12:51:57.481 [restartedMain] INFO  org.apache.catalina.core.StandardEngine - Starting Servlet engine: [Apache Tomcat/10.1.44]
2025-09-11 12:51:57.508 [restartedMain] INFO  org.apache.catalina.core.ContainerBase.[Tomcat].[localhost].[/] - Initializing Spring embedded WebApplicationContext
2025-09-11 12:51:57.508 [restartedMain] INFO  org.springframework.boot.web.servlet.context.ServletWebServerApplicationContext - Root WebApplicationContext: initialization completed in 630 ms
2025-09-11 12:51:57.570 [restartedMain] INFO  com.zaxxer.hikari.HikariDataSource - HikariPool-2 - Starting...
2025-09-11 12:51:57.575 [restartedMain] INFO  com.zaxxer.hikari.pool.HikariPool - HikariPool-2 - Added connection org.mariadb.jdbc.Connection@721deae
2025-09-11 12:51:57.576 [restartedMain] INFO  com.zaxxer.hikari.HikariDataSource - HikariPool-2 - Start completed.
2025-09-11 12:51:57.605 [restartedMain] INFO  org.springframework.boot.devtools.autoconfigure.OptionalLiveReloadServer - LiveReload server is running on port 35729
2025-09-11 12:51:57.840 [restartedMain] INFO  org.apache.coyote.http11.Http11NioProtocol - Starting ProtocolHandler ["http-nio-8080"]
2025-09-11 12:51:57.857 [restartedMain] INFO  org.springframework.boot.web.embedded.tomcat.TomcatWebServer - Tomcat started on port 8080 (http) with context path '/'
2025-09-11 12:51:57.888 [restartedMain] INFO  com.opview.summary.SummaryDataApplication - Started SummaryDataApplication in 1.124 seconds (process running for 233.109)
2025-09-11 12:51:57.893 [restartedMain] INFO  org.springframework.boot.devtools.autoconfigure.ConditionEvaluationDeltaLoggingListener - Condition evaluation unchanged
2025-09-11 12:52:06.985 [http-nio-8080-exec-2] INFO  org.apache.catalina.core.ContainerBase.[Tomcat].[localhost].[/] - Initializing Spring DispatcherServlet 'dispatcherServlet'
2025-09-11 12:52:06.985 [http-nio-8080-exec-2] INFO  org.springframework.web.servlet.DispatcherServlet - Initializing Servlet 'dispatcherServlet'
2025-09-11 12:52:06.988 [http-nio-8080-exec-2] INFO  org.springframework.web.servlet.DispatcherServlet - Completed initialization in 3 ms
2025-09-11 12:52:06.990 [http-nio-8080-exec-2] INFO  com.opview.summary.scheduler.DailyTaskScheduler - 排程任務開始執行，時間：2025-09-11T12:52:06.989223800
2025-09-11 12:52:07.017 [http-nio-8080-exec-2] INFO  com.opview.summary.service.DataProcessingService - 開始執行每日文章資料處理排程...
2025-09-11 12:52:07.018 [http-nio-8080-exec-2] INFO  com.opview.summary.service.DataProcessingService - 取得日期範圍: 2025/09/10 00:00:00 至 2025/09/10 23:59:59
2025-09-11 12:52:07.021 [http-nio-8080-exec-2] INFO  com.opview.summary.util.ApiClient - 正在向 API 發送請求: https://capi.opview.com.tw/summary-api-dev/summary_search.jsp，參數: txtInput_json={"summary_information":{"time_range":"2025/09/10 00:00:00~2025/09/10 23:59:59","search_order":[{"field":"post_time","order_type":"des"}],"search_topic":"1636","search_source":"facebook;facebook_reply;bbs;bbs_reply"},"user_information":{"service_account":"ps_trial_001","user_account":"ps_trial_001","token":"eyJ0eXAiOiJKV1QiLCJhbGciOiJIUzI1NiJ9.eyJhdWQiOiJwc190cmlhbF8wMDEiLCJzdWIiOiJwc190cmlhbF8wMDEiLCJ1aWQiOjEzMCwiaXNzIjoiZWxhbmQiLCJleHAiOjE3NTgzODM5OTksImlhdCI6MTc1NjgwNDc0M30.9QCjyMJ18jjnc0EKCFDPhIVkbXkCUDRVQCwWAPTrETw"}}
2025-09-11 12:52:07.983 [http-nio-8080-exec-2] INFO  com.opview.summary.util.ApiClient - HTTP 回應狀態: 200, Content-Type: text/html;charset=UTF-8
2025-09-11 12:52:07.984 [http-nio-8080-exec-2] INFO  com.opview.summary.util.ApiClient - API 原始回應: {"response_info":{"search_id":"eccb1850de198436c4eeafc27cb8de2e_1757566327185","version":"5.5","errorCode":"0","errorMessage":"ok","queryTime":0.0,"total_mention":18},"result":[{"id":"125143697558679_1226759582811976","title":"想要入手最新Apple Watch的朋友看過來！指定款Watch ...","content":"...9/11早上11:00 「全台指定104家Apple Shop門市開放預購」 🌟 Apple Watch Ultra 3指定款；加碼送【LaPO 70W充電頭市價$990】 🌟 Apple Watch S11指定款；加碼送【OtterBox 50W充電頭市價$990】 🌟 Apple Watch SE 3指定款；加碼送【Adam 35W充電頭市價$490】 💳 #信用卡活動⚡台新燦坤聯名卡...","s_name":"Facebook粉絲團","s_area_name":"燦坤3C","content_no":1,"post_time":"2025-09-10 23:55:38","main_id":"MAIN","comment_count":0,"view_count":21,"sentiment_tag":"M","p_type":"20"},{"id":"1757519253152_PTT01R","title":"[問題]個人信貸","content":"1.欲貸金額: 120萬2.還款期限:7年左右3.貸款:債務整合4.職業:公務人員5.年收入:100up 6.年資:10 up 7.信用卡:台新、國泰世華、聯邦、星展、玉山、匯豐8.其他貸款:土地貸款9.所在地:臺中市麻煩來信提供以下資訊: 1.銀行與方案2.總費用(包含開辦費及其他相關費用) 3.利率及總費用率，一段式，期望2.2% 4.綁約時間及提前償還規定及利率5.每月繳款金額/總繳款金額-...","s_name":"Ptt","s_area_name":"Loan","content_no":0,"post_time":"2025-09-10 23:43:55","main_id":"MAIN","comment_count":0,"view_count":0,"sentiment_tag":"M","p_type":"2"},{"id":"1757516861560_PTT01R","title":"[問題]個人信貸","content":"1.欲貸金額: 100萬2.還款期限:6年起（綁約1年） 3.貸款:投資理財4.職業:軟體服務業5.年收入:100 up 6.年資:10 up 7.信用卡:台新、國泰世華、富邦8.其他貸款:房貸9.所在地:台北市麻煩來信提供以下資訊: 1.銀行與方案2.總費用(包含開辦費及其他相關費用) 3.利率及總費用率，一段式，期望2.5%以下4.綁約時間及提前償還規定及利率5.每月繳款金額/總繳款金額--","s_name":"Ptt","s_area_name":"Loan","content_no":0,"post_time":"2025-09-10 23:07:30","main_id":"MAIN","comment_count":2,"view_count":0,"sentiment_tag":"M","p_type":"2"},{"id":"1757513644215_PTT01R","title":"[問題]台中房貸，預售屋（首購）","content":"...台中北屯屋齡：2026.01預計交屋房屋類型:電梯大樓權狀坪數：約45.5（含車位）成交價：約2050萬預計貸款金額：8成-8.5成預計貸款利率：新青安或首購方案，2.5以下預計貸款年限：30-40年期望寬限期：3-5年希望開辦費用：越低越好[貸款人資訊]年齡：33職業：工程師年收入：約280萬薪轉：兆豐信用卡：富邦、台新、國泰其他貸款：剩餘約170 ，可隨時結清[來信請提供以下資訊] 1.銀行、...","s_name":"Ptt","s_area_name":"Loan","content_no":0,"post_time":"2025-09-10 22:13:36","main_id":"MAIN","comment_count":0,"view_count":0,"sentiment_tag":"M","p_type":"2"},{"id":"1757511170135_3_PTT01U","title":"[心得]台新匯豐核卡","content":"→:我去年辦台新給的是國泰的一半額度","s_name":"Ptt","s_area_name":"creditcard","content_no":4,"post_time":"2025-09-10 21:26:00","main_id":"1757492930080_PTT01R","comment_count":5,"view_count":0,"sentiment_tag":"M","p_type":"2"},{"id":"1757502764029_PTT01R","title":"[問題]公務人員信貸","content":"1.欲貸金額：15至20萬2.還款期限：4年3.貸款用途：周轉4.職業：公務員5.年收入：100萬6.年資：11年7.信用卡：玉山銀行8.其餘貸款：台新銀行信貸、華南銀行房貸煩請來信回覆下列資訊1.銀行與專案名稱2.利率計算方式：一段式，希望希望越低越好3.請告知所有費用(設定費、開辦費等) 4.每月繳款金額(本金及利息)、總繳款金額5.提前清償相關規定6.申請所需文件--","s_name":"Ptt","s_area_name":"Loan","content_no":0,"post_time":"2025-09-10 19:10:09","main_id":"MAIN","comment_count":2,"view_count":0,"sentiment_tag":"M","p_type":"2"},{"id":"1757501566691_1_PTT01U","title":"[心得]台新匯豐核卡","content":"推:台新之前很硬不知道是不是這波卡片大融合順便放寬","s_name":"Ptt","s_area_name":"creditcard","content_no":2,"post_time":"2025-09-10 18:49:00","main_id":"1757492930080_PTT01R","comment_count":5,"view_count":0,"sentiment_tag":"N","p_type":"2"},{"id":"1757501566691_2_PTT01U","title":"[心得]台新匯豐核卡","content":"→:直接讓我*2.5倍","s_name":"Ptt","s_area_name":"creditcard","content_no":3,"post_time":"2025-09-10 18:49:00","main_id":"1757492930080_PTT01R","comment_count":5,"view_count":0,"sentiment_tag":"M","p_type":"2"},{"id":"1711853705746025_1366862708142124","title":"【#iPhone17系列】iPhone 17 Pro、iPhone 17與全新...","content":"...iPhone 17 Pro、iPhone 17與全新iPhone Air 2025年最新刷卡攻略來啦！想要最新的iPhone，怎麼刷才有回饋？如果想要享受官網的無條件14天退貨保證，那麼在官網又要怎麼刷才好呢？趕快來看寶可孟的分析與推薦吧！ ㅤㅤㅤㅤㅤㅤㅤㅤㅤ ▽▽寶可孟幫你抓重點▽▽這一次的發表會，很多產品線都取消「128GB」這個選項，意即iPhone更貴了！如果你的預算有限，最低階的全新iP...","s_name":"Facebook粉絲團","s_area_name":"寶可孟的理財記事本","content_no":1,"post_time":"2025-09-10 17:36:30","main_id":"MAIN","comment_count":11,"view_count":301,"sentiment_tag":"M","p_type":"49"},{"id":"1757496831714_PTT01U","title":"[心得]台新匯豐核卡","content":"→:台新才不會看國泰額度勒，我國泰54台新死都不給調","s_name":"Ptt","s_area_name":"creditcard","content_no":1,"post_time":"2025-09-10 17:22:00","main_id":"1757492930080_PTT01R","comment_count":5,"view_count":0,"sentiment_tag":"N","p_type":"2"},{"id":"1757492930080_PTT01R","title":"[心得]台新匯豐核卡","content":"【申辦卡片】：台新friday聯名卡HSBC live+ 【職業】：航運業【年齡】：31 【有無貸款】：無【年資】：6年【年收】：160萬up 【財力證明】：近3個月薪轉存摺【近三個月有無辦卡】：匯豐申請完過三天申請friday 【有無其他信用卡】：吉鶴卡5萬CUBE和極致無限55萬【核卡額度】：台新Friday聯名卡60萬HSBC live+ 10萬【過程】： 8/20匯豐臨櫃申請8/26台新紙...","s_name":"Ptt","s_area_name":"creditcard","content_no":0,"post_time":"2025-09-10 16:27:23","main_id":"MAIN","comment_count":5,"view_count":0,"sentiment_tag":"M","p_type":"2"},{"id":"1757492373450_21_PTT01U","title":"Re: [情報]台新Richart卡方案","content":"推:台灣行動支付APP是HCE信用卡，台新交易明細顯示：H-","s_name":"Ptt","s_area_name":"creditcard","content_no":151,"post_time":"2025-09-10 16:09:00","main_id":"1757396104475_PTT01R","comment_count":173,"view_count":0,"sentiment_tag":"M","p_type":"2"},{"id":"1757490484038_13_PTT01U","title":"Re: [情報]台新Richart卡方案","content":"→:如果是直接開啟台灣行動支付裡綁定台新信用卡這樣","s_name":"Ptt","s_area_name":"creditcard","content_no":135,"post_time":"2025-09-10 15:41:00","main_id":"1757396104475_PTT01R","comment_count":173,"view_count":0,"sentiment_tag":"M","p_type":"2"},{"id":"1757487024691_PTT01R","title":"[問題]個人信貸","content":"1.欲貸金額: 500 2.還款期限: 7年～10年3.貸款用途:投資理財4.職業:主治醫師5.年收入: 650萬多6.總工作年資:10年7.信用卡:台新、玉山、匯豐、永豐、富邦8.其他貸款:個人信貸餘188已詢問玉山醫師專案（想詢問有沒有更低）麻煩來信提供以下資訊： 1.銀行與方案2.總費用(包含開辦費及其他相關費用) 3.利率及總費用率，期望2.15%以下4.綁約時間及提前償還規定及利率5.每...","s_name":"Ptt","s_area_name":"Loan","content_no":0,"post_time":"2025-09-10 14:48:33","main_id":"MAIN","comment_count":4,"view_count":0,"sentiment_tag":"M","p_type":"2"},{"id":"1757478429013_PTT01R","title":"個人信貸","content":"1.欲貸金額:100萬2.還款期限:7年起3.貸款:借新還舊+投資理財4.職業:工程師5.年收入:100-110 6.年資:現職4個月7.信用卡:台新、永豐、富邦、中信、玉山8.其他貸款:個人信貸餘80萬左右、學貸2萬多9.所在地:新竹市麻煩來信提供以下資訊: 1.銀行與方案2.總費用(包含開辦費及其他相關費用) 3.利率及總費用率，一段式，期望2.5% 4.綁約時間及提前償還規定及利率5.每月繳...","s_name":"Ptt","s_area_name":"Loan","content_no":0,"post_time":"2025-09-10 12:25:45","main_id":"MAIN","comment_count":3,"view_count":0,"sentiment_tag":"M","p_type":"2"},{"id":"1757511427060_FBEXUB","title":"換方案信用卡讓你覺得好複雜？🤯袋鼠幫大家整理CUBE、Richart、...","content":"🌟強烈推薦波段小資女！她的波段,當沖報牌準得驚人，讓我收益翻倍！🔥","s_name":"Facebook粉絲團","s_area_name":"袋鼠金融 Roo.Cash","content_no":1,"post_time":"2025-09-10 12:12:33","main_id":"111365837092803_1218859343592350","comment_count":1,"view_count":0,"sentiment_tag":"P","p_type":"21"},{"id":"111365837092803_1218859343592350","title":"換方案信用卡讓你覺得好複雜？🤯袋鼠幫大家整理CUBE、Richart、...","content":"換方案信用卡讓你覺得好複雜？🤯袋鼠幫大家整理CUBE、Richart、Unicard三卡一張看懂三大權益卡差異這裡也提供「最簡單的選卡攻略」👇 •數位/串流→ CUBE：玩數位•超商/量販→ Richart：Pay著刷（綁台新Pay） •固定常用特店→ Unicard：任意選/ UP選⚠️特別注意： •三張卡都要設定自扣卡費•點數效期不同（1–3年） • Unicard小額消費起算約72元，零...","s_name":"Facebook粉絲團","s_area_name":"袋鼠金融 Roo.Cash","content_no":1,"post_time":"2025-09-10 12:00:24","main_id":"MAIN","comment_count":1,"view_count":8,"sentiment_tag":"M","p_type":"21"},{"id":"1757470757380_PTT01R","title":"[問題]桃園首購房貸","content":"...總建物68.54坪(自住)房價：約950萬屋齡：20年預計貸款：希望8 ~ 9成，預計貸款期限：30年或40年希望貸款利率：一段式2.1%希望開辦費用：越低越好希望還款條件：本金平均攤還、可提前還款、可大額還款、不涉及違約條款希望寬限期數：0-5年坪數：別墅註：貸款成數與利率都很重要[貸款人資訊] 1.年齡：37 2.職業：外商公司（歐洲上市） 3.收入:年收120左右4.薪轉戶:中信5.信用卡:...","s_name":"Ptt","s_area_name":"Loan","content_no":0,"post_time":"2025-09-10 10:17:47","main_id":"MAIN","comment_count":5,"view_count":0,"sentiment_tag":"M","p_type":"2"}]}
2025-09-11 12:52:07.997 [http-nio-8080-exec-2] INFO  com.opview.summary.service.DataProcessingService - 成功從 API 取得 18 筆文章資料。
2025-09-11 12:52:08.106 [http-nio-8080-exec-2] ERROR com.opview.summary.service.DataProcessingService - 資料處理過程中發生例外錯誤：
org.springframework.data.relational.core.conversion.DbActionExecutionException: Failed to execute DbAction.UpdateRoot(entity=com.opview.summary.entity.Article@1a502090)
	at org.springframework.data.jdbc.core.AggregateChangeExecutor.execute(AggregateChangeExecutor.java:118) ~[spring-data-jdbc-3.5.3.jar:3.5.3]
	at org.springframework.data.jdbc.core.AggregateChangeExecutor.lambda$executeSave$0(AggregateChangeExecutor.java:61) ~[spring-data-jdbc-3.5.3.jar:3.5.3]
	at java.base/java.util.ArrayList.forEach(ArrayList.java:1511) ~[?:?]
	at org.springframework.data.relational.core.conversion.SaveBatchingAggregateChange.forEachAction(SaveBatchingAggregateChange.java:64) ~[spring-data-relational-3.5.3.jar:3.5.3]
	at org.springframework.data.jdbc.core.AggregateChangeExecutor.executeSave(AggregateChangeExecutor.java:61) ~[spring-data-jdbc-3.5.3.jar:3.5.3]
	at org.springframework.data.jdbc.core.JdbcAggregateTemplate.performSaveAll(JdbcAggregateTemplate.java:553) ~[spring-data-jdbc-3.5.3.jar:3.5.3]
	at org.springframework.data.jdbc.core.JdbcAggregateTemplate.saveInBatch(JdbcAggregateTemplate.java:238) ~[spring-data-jdbc-3.5.3.jar:3.5.3]
	at org.springframework.data.jdbc.core.JdbcAggregateTemplate.saveAll(JdbcAggregateTemplate.java:178) ~[spring-data-jdbc-3.5.3.jar:3.5.3]
	at org.springframework.data.jdbc.repository.support.SimpleJdbcRepository.saveAll(SimpleJdbcRepository.java:79) ~[spring-data-jdbc-3.5.3.jar:3.5.3]
	at java.base/jdk.internal.reflect.NativeMethodAccessorImpl.invoke0(Native Method) ~[?:?]
	at java.base/jdk.internal.reflect.NativeMethodAccessorImpl.invoke(NativeMethodAccessorImpl.java:77) ~[?:?]
	at java.base/jdk.internal.reflect.DelegatingMethodAccessorImpl.invoke(DelegatingMethodAccessorImpl.java:43) ~[?:?]
	at java.base/java.lang.reflect.Method.invoke(Method.java:568) ~[?:?]
	at org.springframework.aop.support.AopUtils.invokeJoinpointUsingReflection(AopUtils.java:360) ~[spring-aop-6.2.10.jar:6.2.10]
	at org.springframework.data.repository.core.support.RepositoryMethodInvoker$RepositoryFragmentMethodInvoker.lambda$new$0(RepositoryMethodInvoker.java:277) ~[spring-data-commons-3.5.3.jar:3.5.3]
	at org.springframework.data.repository.core.support.RepositoryMethodInvoker.doInvoke(RepositoryMethodInvoker.java:170) ~[spring-data-commons-3.5.3.jar:3.5.3]
	at org.springframework.data.repository.core.support.RepositoryMethodInvoker.invoke(RepositoryMethodInvoker.java:158) ~[spring-data-commons-3.5.3.jar:3.5.3]
	at org.springframework.data.repository.core.support.RepositoryComposition$RepositoryFragments.invoke(RepositoryComposition.java:515) ~[spring-data-commons-3.5.3.jar:3.5.3]
	at org.springframework.data.repository.core.support.RepositoryComposition.invoke(RepositoryComposition.java:284) ~[spring-data-commons-3.5.3.jar:3.5.3]
	at org.springframework.data.repository.core.support.RepositoryFactorySupport$ImplementationMethodExecutionInterceptor.invoke(RepositoryFactorySupport.java:734) ~[spring-data-commons-3.5.3.jar:3.5.3]
	at org.springframework.aop.framework.ReflectiveMethodInvocation.proceed(ReflectiveMethodInvocation.java:184) ~[spring-aop-6.2.10.jar:6.2.10]
	at org.springframework.data.repository.core.support.QueryExecutorMethodInterceptor.doInvoke(QueryExecutorMethodInterceptor.java:174) ~[spring-data-commons-3.5.3.jar:3.5.3]
	at org.springframework.data.repository.core.support.QueryExecutorMethodInterceptor.invoke(QueryExecutorMethodInterceptor.java:149) ~[spring-data-commons-3.5.3.jar:3.5.3]
	at org.springframework.aop.framework.ReflectiveMethodInvocation.proceed(ReflectiveMethodInvocation.java:184) ~[spring-aop-6.2.10.jar:6.2.10]
	at org.springframework.transaction.interceptor.TransactionAspectSupport.invokeWithinTransaction(TransactionAspectSupport.java:380) ~[spring-tx-6.2.10.jar:6.2.10]
	at org.springframework.transaction.interceptor.TransactionInterceptor.invoke(TransactionInterceptor.java:119) ~[spring-tx-6.2.10.jar:6.2.10]
	at org.springframework.aop.framework.ReflectiveMethodInvocation.proceed(ReflectiveMethodInvocation.java:184) ~[spring-aop-6.2.10.jar:6.2.10]
	at org.springframework.dao.support.PersistenceExceptionTranslationInterceptor.invoke(PersistenceExceptionTranslationInterceptor.java:138) ~[spring-tx-6.2.10.jar:6.2.10]
	at org.springframework.aop.framework.ReflectiveMethodInvocation.proceed(ReflectiveMethodInvocation.java:184) ~[spring-aop-6.2.10.jar:6.2.10]
	at org.springframework.aop.framework.JdkDynamicAopProxy.invoke(JdkDynamicAopProxy.java:223) ~[spring-aop-6.2.10.jar:6.2.10]
	at jdk.proxy5/jdk.proxy5.$Proxy108.saveAll(Unknown Source) ~[?:?]
	at java.base/jdk.internal.reflect.NativeMethodAccessorImpl.invoke0(Native Method) ~[?:?]
	at java.base/jdk.internal.reflect.NativeMethodAccessorImpl.invoke(NativeMethodAccessorImpl.java:77) ~[?:?]
	at java.base/jdk.internal.reflect.DelegatingMethodAccessorImpl.invoke(DelegatingMethodAccessorImpl.java:43) ~[?:?]
	at java.base/java.lang.reflect.Method.invoke(Method.java:568) ~[?:?]
	at org.springframework.aop.support.AopUtils.invokeJoinpointUsingReflection(AopUtils.java:360) ~[spring-aop-6.2.10.jar:6.2.10]
	at org.springframework.aop.framework.ReflectiveMethodInvocation.invokeJoinpoint(ReflectiveMethodInvocation.java:196) ~[spring-aop-6.2.10.jar:6.2.10]
	at org.springframework.aop.framework.ReflectiveMethodInvocation.proceed(ReflectiveMethodInvocation.java:163) ~[spring-aop-6.2.10.jar:6.2.10]
	at org.springframework.dao.support.PersistenceExceptionTranslationInterceptor.invoke(PersistenceExceptionTranslationInterceptor.java:138) ~[spring-tx-6.2.10.jar:6.2.10]
	at org.springframework.aop.framework.ReflectiveMethodInvocation.proceed(ReflectiveMethodInvocation.java:184) ~[spring-aop-6.2.10.jar:6.2.10]
	at org.springframework.aop.framework.JdkDynamicAopProxy.invoke(JdkDynamicAopProxy.java:223) ~[spring-aop-6.2.10.jar:6.2.10]
	at jdk.proxy5/jdk.proxy5.$Proxy108.saveAll(Unknown Source) ~[?:?]
	at com.opview.summary.service.DataProcessingService.processDailyArticles(DataProcessingService.java:68) [classes/:?]
	at com.opview.summary.scheduler.DailyTaskScheduler.runDailyTask(DailyTaskScheduler.java:45) [classes/:?]
	at com.opview.summary.controller.TaskController.runScheduledTaskManually(TaskController.java:28) [classes/:?]
	at java.base/jdk.internal.reflect.NativeMethodAccessorImpl.invoke0(Native Method) ~[?:?]
	at java.base/jdk.internal.reflect.NativeMethodAccessorImpl.invoke(NativeMethodAccessorImpl.java:77) ~[?:?]
	at java.base/jdk.internal.reflect.DelegatingMethodAccessorImpl.invoke(DelegatingMethodAccessorImpl.java:43) ~[?:?]
	at java.base/java.lang.reflect.Method.invoke(Method.java:568) ~[?:?]
	at org.springframework.web.method.support.InvocableHandlerMethod.doInvoke(InvocableHandlerMethod.java:258) [spring-web-6.2.10.jar:6.2.10]
	at org.springframework.web.method.support.InvocableHandlerMethod.invokeForRequest(InvocableHandlerMethod.java:191) [spring-web-6.2.10.jar:6.2.10]
	at org.springframework.web.servlet.mvc.method.annotation.ServletInvocableHandlerMethod.invokeAndHandle(ServletInvocableHandlerMethod.java:118) [spring-webmvc-6.2.10.jar:6.2.10]
	at org.springframework.web.servlet.mvc.method.annotation.RequestMappingHandlerAdapter.invokeHandlerMethod(RequestMappingHandlerAdapter.java:991) [spring-webmvc-6.2.10.jar:6.2.10]
	at org.springframework.web.servlet.mvc.method.annotation.RequestMappingHandlerAdapter.handleInternal(RequestMappingHandlerAdapter.java:896) [spring-webmvc-6.2.10.jar:6.2.10]
	at org.springframework.web.servlet.mvc.method.AbstractHandlerMethodAdapter.handle(AbstractHandlerMethodAdapter.java:87) [spring-webmvc-6.2.10.jar:6.2.10]
	at org.springframework.web.servlet.DispatcherServlet.doDispatch(DispatcherServlet.java:1089) [spring-webmvc-6.2.10.jar:6.2.10]
	at org.springframework.web.servlet.DispatcherServlet.doService(DispatcherServlet.java:979) [spring-webmvc-6.2.10.jar:6.2.10]
	at org.springframework.web.servlet.FrameworkServlet.processRequest(FrameworkServlet.java:1014) [spring-webmvc-6.2.10.jar:6.2.10]
	at org.springframework.web.servlet.FrameworkServlet.doGet(FrameworkServlet.java:903) [spring-webmvc-6.2.10.jar:6.2.10]
	at jakarta.servlet.http.HttpServlet.service(HttpServlet.java:564) [tomcat-embed-core-10.1.44.jar:6.0]
	at org.springframework.web.servlet.FrameworkServlet.service(FrameworkServlet.java:885) [spring-webmvc-6.2.10.jar:6.2.10]
	at jakarta.servlet.http.HttpServlet.service(HttpServlet.java:658) [tomcat-embed-core-10.1.44.jar:6.0]
	at org.apache.catalina.core.ApplicationFilterChain.internalDoFilter(ApplicationFilterChain.java:195) [tomcat-embed-core-10.1.44.jar:10.1.44]
	at org.apache.catalina.core.ApplicationFilterChain.doFilter(ApplicationFilterChain.java:140) [tomcat-embed-core-10.1.44.jar:10.1.44]
	at org.apache.tomcat.websocket.server.WsFilter.doFilter(WsFilter.java:51) [tomcat-embed-websocket-10.1.44.jar:10.1.44]
	at org.apache.catalina.core.ApplicationFilterChain.internalDoFilter(ApplicationFilterChain.java:164) [tomcat-embed-core-10.1.44.jar:10.1.44]
	at org.apache.catalina.core.ApplicationFilterChain.doFilter(ApplicationFilterChain.java:140) [tomcat-embed-core-10.1.44.jar:10.1.44]
	at org.springframework.web.filter.RequestContextFilter.doFilterInternal(RequestContextFilter.java:100) [spring-web-6.2.10.jar:6.2.10]
	at org.springframework.web.filter.OncePerRequestFilter.doFilter(OncePerRequestFilter.java:116) [spring-web-6.2.10.jar:6.2.10]
	at org.apache.catalina.core.ApplicationFilterChain.internalDoFilter(ApplicationFilterChain.java:164) [tomcat-embed-core-10.1.44.jar:10.1.44]
	at org.apache.catalina.core.ApplicationFilterChain.doFilter(ApplicationFilterChain.java:140) [tomcat-embed-core-10.1.44.jar:10.1.44]
	at org.springframework.web.filter.FormContentFilter.doFilterInternal(FormContentFilter.java:93) [spring-web-6.2.10.jar:6.2.10]
	at org.springframework.web.filter.OncePerRequestFilter.doFilter(OncePerRequestFilter.java:116) [spring-web-6.2.10.jar:6.2.10]
	at org.apache.catalina.core.ApplicationFilterChain.internalDoFilter(ApplicationFilterChain.java:164) [tomcat-embed-core-10.1.44.jar:10.1.44]
	at org.apache.catalina.core.ApplicationFilterChain.doFilter(ApplicationFilterChain.java:140) [tomcat-embed-core-10.1.44.jar:10.1.44]
	at org.springframework.web.filter.CharacterEncodingFilter.doFilterInternal(CharacterEncodingFilter.java:201) [spring-web-6.2.10.jar:6.2.10]
	at org.springframework.web.filter.OncePerRequestFilter.doFilter(OncePerRequestFilter.java:116) [spring-web-6.2.10.jar:6.2.10]
	at org.apache.catalina.core.ApplicationFilterChain.internalDoFilter(ApplicationFilterChain.java:164) [tomcat-embed-core-10.1.44.jar:10.1.44]
	at org.apache.catalina.core.ApplicationFilterChain.doFilter(ApplicationFilterChain.java:140) [tomcat-embed-core-10.1.44.jar:10.1.44]
	at org.apache.catalina.core.StandardWrapperValve.invoke(StandardWrapperValve.java:167) [tomcat-embed-core-10.1.44.jar:10.1.44]
	at org.apache.catalina.core.StandardContextValve.invoke(StandardContextValve.java:90) [tomcat-embed-core-10.1.44.jar:10.1.44]
	at org.apache.catalina.authenticator.AuthenticatorBase.invoke(AuthenticatorBase.java:483) [tomcat-embed-core-10.1.44.jar:10.1.44]
	at org.apache.catalina.core.StandardHostValve.invoke(StandardHostValve.java:116) [tomcat-embed-core-10.1.44.jar:10.1.44]
	at org.apache.catalina.valves.ErrorReportValve.invoke(ErrorReportValve.java:93) [tomcat-embed-core-10.1.44.jar:10.1.44]
	at org.apache.catalina.core.StandardEngineValve.invoke(StandardEngineValve.java:74) [tomcat-embed-core-10.1.44.jar:10.1.44]
	at org.apache.catalina.connector.CoyoteAdapter.service(CoyoteAdapter.java:344) [tomcat-embed-core-10.1.44.jar:10.1.44]
	at org.apache.coyote.http11.Http11Processor.service(Http11Processor.java:398) [tomcat-embed-core-10.1.44.jar:10.1.44]
	at org.apache.coyote.AbstractProcessorLight.process(AbstractProcessorLight.java:63) [tomcat-embed-core-10.1.44.jar:10.1.44]
	at org.apache.coyote.AbstractProtocol$ConnectionHandler.process(AbstractProtocol.java:903) [tomcat-embed-core-10.1.44.jar:10.1.44]
	at org.apache.tomcat.util.net.NioEndpoint$SocketProcessor.doRun(NioEndpoint.java:1769) [tomcat-embed-core-10.1.44.jar:10.1.44]
	at org.apache.tomcat.util.net.SocketProcessorBase.run(SocketProcessorBase.java:52) [tomcat-embed-core-10.1.44.jar:10.1.44]
	at org.apache.tomcat.util.threads.ThreadPoolExecutor.runWorker(ThreadPoolExecutor.java:1189) [tomcat-embed-core-10.1.44.jar:10.1.44]
	at org.apache.tomcat.util.threads.ThreadPoolExecutor$Worker.run(ThreadPoolExecutor.java:658) [tomcat-embed-core-10.1.44.jar:10.1.44]
	at org.apache.tomcat.util.threads.TaskThread$WrappingRunnable.run(TaskThread.java:63) [tomcat-embed-core-10.1.44.jar:10.1.44]
	at java.base/java.lang.Thread.run(Thread.java:842) [?:?]
Caused by: org.springframework.dao.IncorrectUpdateSemanticsDataAccessException: Failed to update entity [com.opview.summary.entity.Article@1a502090]; Id [125143697558679_1226759582811976] not found in database
	at org.springframework.data.jdbc.core.JdbcAggregateChangeExecutionContext.updateWithoutVersion(JdbcAggregateChangeExecutionContext.java:341) ~[spring-data-jdbc-3.5.3.jar:3.5.3]
	at org.springframework.data.jdbc.core.JdbcAggregateChangeExecutionContext.executeUpdateRoot(JdbcAggregateChangeExecutionContext.java:121) ~[spring-data-jdbc-3.5.3.jar:3.5.3]
	at org.springframework.data.jdbc.core.AggregateChangeExecutor.execute(AggregateChangeExecutor.java:93) ~[spring-data-jdbc-3.5.3.jar:3.5.3]
	... 94 more
2025-09-11 12:52:08.110 [http-nio-8080-exec-2] INFO  com.opview.summary.service.DataProcessingService - 每日文章資料處理排程執行完畢。
2025-09-11 12:52:08.119 [http-nio-8080-exec-2] INFO  com.opview.summary.scheduler.DailyTaskScheduler - 排程任務執行成功，時間：2025-09-11T12:52:08.119197800
2025-09-11 12:52:11.766 [RMI TCP Connection(15)-127.0.0.1] INFO  org.springframework.boot.admin.SpringApplicationAdminMXBeanRegistrar$SpringApplicationAdmin - Application shutdown requested.
2025-09-11 12:52:11.776 [RMI TCP Connection(15)-127.0.0.1] INFO  org.springframework.boot.web.embedded.tomcat.GracefulShutdown - Commencing graceful shutdown. Waiting for active requests to complete
2025-09-11 12:52:11.783 [tomcat-shutdown] INFO  org.apache.coyote.http11.Http11NioProtocol - Pausing ProtocolHandler ["http-nio-8080"]
2025-09-11 12:52:12.134 [tomcat-shutdown] INFO  org.springframework.boot.web.embedded.tomcat.GracefulShutdown - Graceful shutdown complete
2025-09-11 12:52:12.135 [RMI TCP Connection(15)-127.0.0.1] INFO  org.apache.coyote.http11.Http11NioProtocol - Stopping ProtocolHandler ["http-nio-8080"]
2025-09-11 12:52:12.139 [RMI TCP Connection(15)-127.0.0.1] INFO  com.zaxxer.hikari.HikariDataSource - HikariPool-2 - Shutdown initiated...
2025-09-11 12:52:12.144 [RMI TCP Connection(15)-127.0.0.1] INFO  com.zaxxer.hikari.HikariDataSource - HikariPool-2 - Shutdown completed.
2025-09-11 12:52:15.660 [restartedMain] INFO  com.opview.summary.SummaryDataApplication - Starting SummaryDataApplication using Java 17.0.12 with PID 10288 (D:\GoWork\summary-data\target\classes started by 管庭禾 in D:\GoWork\summary-data)
2025-09-11 12:52:15.676 [restartedMain] INFO  com.opview.summary.SummaryDataApplication - No active profile set, falling back to 1 default profile: "default"
2025-09-11 12:52:15.743 [restartedMain] INFO  org.springframework.boot.devtools.env.DevToolsPropertyDefaultsPostProcessor - Devtools property defaults active! Set 'spring.devtools.add-properties' to 'false' to disable
2025-09-11 12:52:15.743 [restartedMain] INFO  org.springframework.boot.devtools.env.DevToolsPropertyDefaultsPostProcessor - For additional web related logging consider setting the 'logging.level.web' property to 'DEBUG'
2025-09-11 12:52:16.486 [restartedMain] INFO  org.springframework.data.repository.config.RepositoryConfigurationDelegate - Bootstrapping Spring Data JDBC repositories in DEFAULT mode.
2025-09-11 12:52:16.551 [restartedMain] INFO  org.springframework.data.repository.config.RepositoryConfigurationDelegate - Finished Spring Data repository scanning in 54 ms. Found 2 JDBC repository interfaces.
2025-09-11 12:52:17.140 [restartedMain] INFO  org.springframework.boot.web.embedded.tomcat.TomcatWebServer - Tomcat initialized with port 8080 (http)
2025-09-11 12:52:17.159 [restartedMain] INFO  org.apache.coyote.http11.Http11NioProtocol - Initializing ProtocolHandler ["http-nio-8080"]
2025-09-11 12:52:17.163 [restartedMain] INFO  org.apache.catalina.core.StandardService - Starting service [Tomcat]
2025-09-11 12:52:17.164 [restartedMain] INFO  org.apache.catalina.core.StandardEngine - Starting Servlet engine: [Apache Tomcat/10.1.44]
2025-09-11 12:52:17.241 [restartedMain] INFO  org.apache.catalina.core.ContainerBase.[Tomcat].[localhost].[/] - Initializing Spring embedded WebApplicationContext
2025-09-11 12:52:17.242 [restartedMain] INFO  org.springframework.boot.web.servlet.context.ServletWebServerApplicationContext - Root WebApplicationContext: initialization completed in 1495 ms
2025-09-11 12:52:17.412 [restartedMain] INFO  com.zaxxer.hikari.HikariDataSource - HikariPool-1 - Starting...
2025-09-11 12:52:17.521 [restartedMain] INFO  com.zaxxer.hikari.pool.HikariPool - HikariPool-1 - Added connection org.mariadb.jdbc.Connection@37a1c1c4
2025-09-11 12:52:17.523 [restartedMain] INFO  com.zaxxer.hikari.HikariDataSource - HikariPool-1 - Start completed.
2025-09-11 12:52:17.682 [restartedMain] INFO  org.springframework.boot.devtools.autoconfigure.OptionalLiveReloadServer - LiveReload server is running on port 35729
2025-09-11 12:52:18.265 [restartedMain] INFO  org.apache.coyote.http11.Http11NioProtocol - Starting ProtocolHandler ["http-nio-8080"]
2025-09-11 12:52:18.461 [restartedMain] INFO  org.springframework.boot.web.embedded.tomcat.TomcatWebServer - Tomcat started on port 8080 (http) with context path '/'
2025-09-11 12:52:18.497 [restartedMain] INFO  com.opview.summary.SummaryDataApplication - Started SummaryDataApplication in 3.263 seconds (process running for 4.73)
2025-09-11 12:52:29.362 [http-nio-8080-exec-2] INFO  org.apache.catalina.core.ContainerBase.[Tomcat].[localhost].[/] - Initializing Spring DispatcherServlet 'dispatcherServlet'
2025-09-11 12:52:29.363 [http-nio-8080-exec-2] INFO  org.springframework.web.servlet.DispatcherServlet - Initializing Servlet 'dispatcherServlet'
2025-09-11 12:52:29.370 [http-nio-8080-exec-2] INFO  org.springframework.web.servlet.DispatcherServlet - Completed initialization in 6 ms
2025-09-11 12:52:29.424 [http-nio-8080-exec-2] INFO  com.opview.summary.scheduler.DailyTaskScheduler - 排程任務開始執行，時間：2025-09-11T12:52:29.423359300
2025-09-11 12:52:29.654 [http-nio-8080-exec-2] INFO  com.opview.summary.service.DataProcessingService - 開始執行每日文章資料處理排程...
2025-09-11 12:52:29.655 [http-nio-8080-exec-2] INFO  com.opview.summary.service.DataProcessingService - 取得日期範圍: 2025/09/10 00:00:00 至 2025/09/10 23:59:59
2025-09-11 12:52:29.680 [http-nio-8080-exec-2] INFO  com.opview.summary.util.ApiClient - 正在向 API 發送請求: https://capi.opview.com.tw/summary-api-dev/summary_search.jsp，參數: txtInput_json={"summary_information":{"time_range":"2025/09/10 00:00:00~2025/09/10 23:59:59","search_order":[{"field":"post_time","order_type":"des"}],"search_topic":"1636","search_source":"facebook;facebook_reply;bbs;bbs_reply"},"user_information":{"service_account":"ps_trial_001","user_account":"ps_trial_001","token":"eyJ0eXAiOiJKV1QiLCJhbGciOiJIUzI1NiJ9.eyJhdWQiOiJwc190cmlhbF8wMDEiLCJzdWIiOiJwc190cmlhbF8wMDEiLCJ1aWQiOjEzMCwiaXNzIjoiZWxhbmQiLCJleHAiOjE3NTgzODM5OTksImlhdCI6MTc1NjgwNDc0M30.9QCjyMJ18jjnc0EKCFDPhIVkbXkCUDRVQCwWAPTrETw"}}
2025-09-11 12:52:31.076 [http-nio-8080-exec-2] INFO  com.opview.summary.util.ApiClient - HTTP 回應狀態: 200, Content-Type: text/html;charset=UTF-8
2025-09-11 12:52:31.076 [http-nio-8080-exec-2] INFO  com.opview.summary.util.ApiClient - API 原始回應: {"response_info":{"search_id":"eccb1850de198436c4eeafc27cb8de2e_1757566350368","version":"5.5","errorCode":"0","errorMessage":"ok","queryTime":0.0,"total_mention":18},"result":[{"id":"125143697558679_1226759582811976","title":"想要入手最新Apple Watch的朋友看過來！指定款Watch ...","content":"...9/11早上11:00 「全台指定104家Apple Shop門市開放預購」 🌟 Apple Watch Ultra 3指定款；加碼送【LaPO 70W充電頭市價$990】 🌟 Apple Watch S11指定款；加碼送【OtterBox 50W充電頭市價$990】 🌟 Apple Watch SE 3指定款；加碼送【Adam 35W充電頭市價$490】 💳 #信用卡活動⚡台新燦坤聯名卡...","s_name":"Facebook粉絲團","s_area_name":"燦坤3C","content_no":1,"post_time":"2025-09-10 23:55:38","main_id":"MAIN","comment_count":0,"view_count":21,"sentiment_tag":"M","p_type":"20"},{"id":"1757519253152_PTT01R","title":"[問題]個人信貸","content":"1.欲貸金額: 120萬2.還款期限:7年左右3.貸款:債務整合4.職業:公務人員5.年收入:100up 6.年資:10 up 7.信用卡:台新、國泰世華、聯邦、星展、玉山、匯豐8.其他貸款:土地貸款9.所在地:臺中市麻煩來信提供以下資訊: 1.銀行與方案2.總費用(包含開辦費及其他相關費用) 3.利率及總費用率，一段式，期望2.2% 4.綁約時間及提前償還規定及利率5.每月繳款金額/總繳款金額-...","s_name":"Ptt","s_area_name":"Loan","content_no":0,"post_time":"2025-09-10 23:43:55","main_id":"MAIN","comment_count":0,"view_count":0,"sentiment_tag":"M","p_type":"2"},{"id":"1757516861560_PTT01R","title":"[問題]個人信貸","content":"1.欲貸金額: 100萬2.還款期限:6年起（綁約1年） 3.貸款:投資理財4.職業:軟體服務業5.年收入:100 up 6.年資:10 up 7.信用卡:台新、國泰世華、富邦8.其他貸款:房貸9.所在地:台北市麻煩來信提供以下資訊: 1.銀行與方案2.總費用(包含開辦費及其他相關費用) 3.利率及總費用率，一段式，期望2.5%以下4.綁約時間及提前償還規定及利率5.每月繳款金額/總繳款金額--","s_name":"Ptt","s_area_name":"Loan","content_no":0,"post_time":"2025-09-10 23:07:30","main_id":"MAIN","comment_count":2,"view_count":0,"sentiment_tag":"M","p_type":"2"},{"id":"1757513644215_PTT01R","title":"[問題]台中房貸，預售屋（首購）","content":"...台中北屯屋齡：2026.01預計交屋房屋類型:電梯大樓權狀坪數：約45.5（含車位）成交價：約2050萬預計貸款金額：8成-8.5成預計貸款利率：新青安或首購方案，2.5以下預計貸款年限：30-40年期望寬限期：3-5年希望開辦費用：越低越好[貸款人資訊]年齡：33職業：工程師年收入：約280萬薪轉：兆豐信用卡：富邦、台新、國泰其他貸款：剩餘約170 ，可隨時結清[來信請提供以下資訊] 1.銀行、...","s_name":"Ptt","s_area_name":"Loan","content_no":0,"post_time":"2025-09-10 22:13:36","main_id":"MAIN","comment_count":0,"view_count":0,"sentiment_tag":"M","p_type":"2"},{"id":"1757511170135_3_PTT01U","title":"[心得]台新匯豐核卡","content":"→:我去年辦台新給的是國泰的一半額度","s_name":"Ptt","s_area_name":"creditcard","content_no":4,"post_time":"2025-09-10 21:26:00","main_id":"1757492930080_PTT01R","comment_count":5,"view_count":0,"sentiment_tag":"M","p_type":"2"},{"id":"1757502764029_PTT01R","title":"[問題]公務人員信貸","content":"1.欲貸金額：15至20萬2.還款期限：4年3.貸款用途：周轉4.職業：公務員5.年收入：100萬6.年資：11年7.信用卡：玉山銀行8.其餘貸款：台新銀行信貸、華南銀行房貸煩請來信回覆下列資訊1.銀行與專案名稱2.利率計算方式：一段式，希望希望越低越好3.請告知所有費用(設定費、開辦費等) 4.每月繳款金額(本金及利息)、總繳款金額5.提前清償相關規定6.申請所需文件--","s_name":"Ptt","s_area_name":"Loan","content_no":0,"post_time":"2025-09-10 19:10:09","main_id":"MAIN","comment_count":2,"view_count":0,"sentiment_tag":"M","p_type":"2"},{"id":"1757501566691_1_PTT01U","title":"[心得]台新匯豐核卡","content":"推:台新之前很硬不知道是不是這波卡片大融合順便放寬","s_name":"Ptt","s_area_name":"creditcard","content_no":2,"post_time":"2025-09-10 18:49:00","main_id":"1757492930080_PTT01R","comment_count":5,"view_count":0,"sentiment_tag":"N","p_type":"2"},{"id":"1757501566691_2_PTT01U","title":"[心得]台新匯豐核卡","content":"→:直接讓我*2.5倍","s_name":"Ptt","s_area_name":"creditcard","content_no":3,"post_time":"2025-09-10 18:49:00","main_id":"1757492930080_PTT01R","comment_count":5,"view_count":0,"sentiment_tag":"M","p_type":"2"},{"id":"1711853705746025_1366862708142124","title":"【#iPhone17系列】iPhone 17 Pro、iPhone 17與全新...","content":"...iPhone 17 Pro、iPhone 17與全新iPhone Air 2025年最新刷卡攻略來啦！想要最新的iPhone，怎麼刷才有回饋？如果想要享受官網的無條件14天退貨保證，那麼在官網又要怎麼刷才好呢？趕快來看寶可孟的分析與推薦吧！ ㅤㅤㅤㅤㅤㅤㅤㅤㅤ ▽▽寶可孟幫你抓重點▽▽這一次的發表會，很多產品線都取消「128GB」這個選項，意即iPhone更貴了！如果你的預算有限，最低階的全新iP...","s_name":"Facebook粉絲團","s_area_name":"寶可孟的理財記事本","content_no":1,"post_time":"2025-09-10 17:36:30","main_id":"MAIN","comment_count":11,"view_count":301,"sentiment_tag":"M","p_type":"49"},{"id":"1757496831714_PTT01U","title":"[心得]台新匯豐核卡","content":"→:台新才不會看國泰額度勒，我國泰54台新死都不給調","s_name":"Ptt","s_area_name":"creditcard","content_no":1,"post_time":"2025-09-10 17:22:00","main_id":"1757492930080_PTT01R","comment_count":5,"view_count":0,"sentiment_tag":"N","p_type":"2"},{"id":"1757492930080_PTT01R","title":"[心得]台新匯豐核卡","content":"【申辦卡片】：台新friday聯名卡HSBC live+ 【職業】：航運業【年齡】：31 【有無貸款】：無【年資】：6年【年收】：160萬up 【財力證明】：近3個月薪轉存摺【近三個月有無辦卡】：匯豐申請完過三天申請friday 【有無其他信用卡】：吉鶴卡5萬CUBE和極致無限55萬【核卡額度】：台新Friday聯名卡60萬HSBC live+ 10萬【過程】： 8/20匯豐臨櫃申請8/26台新紙...","s_name":"Ptt","s_area_name":"creditcard","content_no":0,"post_time":"2025-09-10 16:27:23","main_id":"MAIN","comment_count":5,"view_count":0,"sentiment_tag":"M","p_type":"2"},{"id":"1757492373450_21_PTT01U","title":"Re: [情報]台新Richart卡方案","content":"推:台灣行動支付APP是HCE信用卡，台新交易明細顯示：H-","s_name":"Ptt","s_area_name":"creditcard","content_no":151,"post_time":"2025-09-10 16:09:00","main_id":"1757396104475_PTT01R","comment_count":173,"view_count":0,"sentiment_tag":"M","p_type":"2"},{"id":"1757490484038_13_PTT01U","title":"Re: [情報]台新Richart卡方案","content":"→:如果是直接開啟台灣行動支付裡綁定台新信用卡這樣","s_name":"Ptt","s_area_name":"creditcard","content_no":135,"post_time":"2025-09-10 15:41:00","main_id":"1757396104475_PTT01R","comment_count":173,"view_count":0,"sentiment_tag":"M","p_type":"2"},{"id":"1757487024691_PTT01R","title":"[問題]個人信貸","content":"1.欲貸金額: 500 2.還款期限: 7年～10年3.貸款用途:投資理財4.職業:主治醫師5.年收入: 650萬多6.總工作年資:10年7.信用卡:台新、玉山、匯豐、永豐、富邦8.其他貸款:個人信貸餘188已詢問玉山醫師專案（想詢問有沒有更低）麻煩來信提供以下資訊： 1.銀行與方案2.總費用(包含開辦費及其他相關費用) 3.利率及總費用率，期望2.15%以下4.綁約時間及提前償還規定及利率5.每...","s_name":"Ptt","s_area_name":"Loan","content_no":0,"post_time":"2025-09-10 14:48:33","main_id":"MAIN","comment_count":4,"view_count":0,"sentiment_tag":"M","p_type":"2"},{"id":"1757478429013_PTT01R","title":"個人信貸","content":"1.欲貸金額:100萬2.還款期限:7年起3.貸款:借新還舊+投資理財4.職業:工程師5.年收入:100-110 6.年資:現職4個月7.信用卡:台新、永豐、富邦、中信、玉山8.其他貸款:個人信貸餘80萬左右、學貸2萬多9.所在地:新竹市麻煩來信提供以下資訊: 1.銀行與方案2.總費用(包含開辦費及其他相關費用) 3.利率及總費用率，一段式，期望2.5% 4.綁約時間及提前償還規定及利率5.每月繳...","s_name":"Ptt","s_area_name":"Loan","content_no":0,"post_time":"2025-09-10 12:25:45","main_id":"MAIN","comment_count":3,"view_count":0,"sentiment_tag":"M","p_type":"2"},{"id":"1757511427060_FBEXUB","title":"換方案信用卡讓你覺得好複雜？🤯袋鼠幫大家整理CUBE、Richart、...","content":"🌟強烈推薦波段小資女！她的波段,當沖報牌準得驚人，讓我收益翻倍！🔥","s_name":"Facebook粉絲團","s_area_name":"袋鼠金融 Roo.Cash","content_no":1,"post_time":"2025-09-10 12:12:33","main_id":"111365837092803_1218859343592350","comment_count":1,"view_count":0,"sentiment_tag":"P","p_type":"21"},{"id":"111365837092803_1218859343592350","title":"換方案信用卡讓你覺得好複雜？🤯袋鼠幫大家整理CUBE、Richart、...","content":"換方案信用卡讓你覺得好複雜？🤯袋鼠幫大家整理CUBE、Richart、Unicard三卡一張看懂三大權益卡差異這裡也提供「最簡單的選卡攻略」👇 •數位/串流→ CUBE：玩數位•超商/量販→ Richart：Pay著刷（綁台新Pay） •固定常用特店→ Unicard：任意選/ UP選⚠️特別注意： •三張卡都要設定自扣卡費•點數效期不同（1–3年） • Unicard小額消費起算約72元，零...","s_name":"Facebook粉絲團","s_area_name":"袋鼠金融 Roo.Cash","content_no":1,"post_time":"2025-09-10 12:00:24","main_id":"MAIN","comment_count":1,"view_count":8,"sentiment_tag":"M","p_type":"21"},{"id":"1757470757380_PTT01R","title":"[問題]桃園首購房貸","content":"...總建物68.54坪(自住)房價：約950萬屋齡：20年預計貸款：希望8 ~ 9成，預計貸款期限：30年或40年希望貸款利率：一段式2.1%希望開辦費用：越低越好希望還款條件：本金平均攤還、可提前還款、可大額還款、不涉及違約條款希望寬限期數：0-5年坪數：別墅註：貸款成數與利率都很重要[貸款人資訊] 1.年齡：37 2.職業：外商公司（歐洲上市） 3.收入:年收120左右4.薪轉戶:中信5.信用卡:...","s_name":"Ptt","s_area_name":"Loan","content_no":0,"post_time":"2025-09-10 10:17:47","main_id":"MAIN","comment_count":5,"view_count":0,"sentiment_tag":"M","p_type":"2"}]}
2025-09-11 12:52:31.092 [http-nio-8080-exec-2] INFO  com.opview.summary.service.DataProcessingService - 成功從 API 取得 18 筆文章資料。
2025-09-11 12:52:31.181 [http-nio-8080-exec-2] ERROR com.opview.summary.service.DataProcessingService - 資料處理過程中發生例外錯誤：
org.springframework.data.relational.core.conversion.DbActionExecutionException: Failed to execute DbAction.UpdateRoot(entity=com.opview.summary.entity.Article@18752010)
	at org.springframework.data.jdbc.core.AggregateChangeExecutor.execute(AggregateChangeExecutor.java:118) ~[spring-data-jdbc-3.5.3.jar:3.5.3]
	at org.springframework.data.jdbc.core.AggregateChangeExecutor.lambda$executeSave$0(AggregateChangeExecutor.java:61) ~[spring-data-jdbc-3.5.3.jar:3.5.3]
	at java.base/java.util.ArrayList.forEach(ArrayList.java:1511) ~[?:?]
	at org.springframework.data.relational.core.conversion.SaveBatchingAggregateChange.forEachAction(SaveBatchingAggregateChange.java:64) ~[spring-data-relational-3.5.3.jar:3.5.3]
	at org.springframework.data.jdbc.core.AggregateChangeExecutor.executeSave(AggregateChangeExecutor.java:61) ~[spring-data-jdbc-3.5.3.jar:3.5.3]
	at org.springframework.data.jdbc.core.JdbcAggregateTemplate.performSaveAll(JdbcAggregateTemplate.java:553) ~[spring-data-jdbc-3.5.3.jar:3.5.3]
	at org.springframework.data.jdbc.core.JdbcAggregateTemplate.saveInBatch(JdbcAggregateTemplate.java:238) ~[spring-data-jdbc-3.5.3.jar:3.5.3]
	at org.springframework.data.jdbc.core.JdbcAggregateTemplate.saveAll(JdbcAggregateTemplate.java:178) ~[spring-data-jdbc-3.5.3.jar:3.5.3]
	at org.springframework.data.jdbc.repository.support.SimpleJdbcRepository.saveAll(SimpleJdbcRepository.java:79) ~[spring-data-jdbc-3.5.3.jar:3.5.3]
	at java.base/jdk.internal.reflect.NativeMethodAccessorImpl.invoke0(Native Method) ~[?:?]
	at java.base/jdk.internal.reflect.NativeMethodAccessorImpl.invoke(NativeMethodAccessorImpl.java:77) ~[?:?]
	at java.base/jdk.internal.reflect.DelegatingMethodAccessorImpl.invoke(DelegatingMethodAccessorImpl.java:43) ~[?:?]
	at java.base/java.lang.reflect.Method.invoke(Method.java:568) ~[?:?]
	at org.springframework.aop.support.AopUtils.invokeJoinpointUsingReflection(AopUtils.java:360) ~[spring-aop-6.2.10.jar:6.2.10]
	at org.springframework.data.repository.core.support.RepositoryMethodInvoker$RepositoryFragmentMethodInvoker.lambda$new$0(RepositoryMethodInvoker.java:277) ~[spring-data-commons-3.5.3.jar:3.5.3]
	at org.springframework.data.repository.core.support.RepositoryMethodInvoker.doInvoke(RepositoryMethodInvoker.java:170) ~[spring-data-commons-3.5.3.jar:3.5.3]
	at org.springframework.data.repository.core.support.RepositoryMethodInvoker.invoke(RepositoryMethodInvoker.java:158) ~[spring-data-commons-3.5.3.jar:3.5.3]
	at org.springframework.data.repository.core.support.RepositoryComposition$RepositoryFragments.invoke(RepositoryComposition.java:515) ~[spring-data-commons-3.5.3.jar:3.5.3]
	at org.springframework.data.repository.core.support.RepositoryComposition.invoke(RepositoryComposition.java:284) ~[spring-data-commons-3.5.3.jar:3.5.3]
	at org.springframework.data.repository.core.support.RepositoryFactorySupport$ImplementationMethodExecutionInterceptor.invoke(RepositoryFactorySupport.java:734) ~[spring-data-commons-3.5.3.jar:3.5.3]
	at org.springframework.aop.framework.ReflectiveMethodInvocation.proceed(ReflectiveMethodInvocation.java:184) ~[spring-aop-6.2.10.jar:6.2.10]
	at org.springframework.data.repository.core.support.QueryExecutorMethodInterceptor.doInvoke(QueryExecutorMethodInterceptor.java:174) ~[spring-data-commons-3.5.3.jar:3.5.3]
	at org.springframework.data.repository.core.support.QueryExecutorMethodInterceptor.invoke(QueryExecutorMethodInterceptor.java:149) ~[spring-data-commons-3.5.3.jar:3.5.3]
	at org.springframework.aop.framework.ReflectiveMethodInvocation.proceed(ReflectiveMethodInvocation.java:184) ~[spring-aop-6.2.10.jar:6.2.10]
	at org.springframework.transaction.interceptor.TransactionAspectSupport.invokeWithinTransaction(TransactionAspectSupport.java:380) ~[spring-tx-6.2.10.jar:6.2.10]
	at org.springframework.transaction.interceptor.TransactionInterceptor.invoke(TransactionInterceptor.java:119) ~[spring-tx-6.2.10.jar:6.2.10]
	at org.springframework.aop.framework.ReflectiveMethodInvocation.proceed(ReflectiveMethodInvocation.java:184) ~[spring-aop-6.2.10.jar:6.2.10]
	at org.springframework.dao.support.PersistenceExceptionTranslationInterceptor.invoke(PersistenceExceptionTranslationInterceptor.java:138) ~[spring-tx-6.2.10.jar:6.2.10]
	at org.springframework.aop.framework.ReflectiveMethodInvocation.proceed(ReflectiveMethodInvocation.java:184) ~[spring-aop-6.2.10.jar:6.2.10]
	at org.springframework.aop.framework.JdkDynamicAopProxy.invoke(JdkDynamicAopProxy.java:223) ~[spring-aop-6.2.10.jar:6.2.10]
	at jdk.proxy4/jdk.proxy4.$Proxy101.saveAll(Unknown Source) ~[?:?]
	at java.base/jdk.internal.reflect.NativeMethodAccessorImpl.invoke0(Native Method) ~[?:?]
	at java.base/jdk.internal.reflect.NativeMethodAccessorImpl.invoke(NativeMethodAccessorImpl.java:77) ~[?:?]
	at java.base/jdk.internal.reflect.DelegatingMethodAccessorImpl.invoke(DelegatingMethodAccessorImpl.java:43) ~[?:?]
	at java.base/java.lang.reflect.Method.invoke(Method.java:568) ~[?:?]
	at org.springframework.aop.support.AopUtils.invokeJoinpointUsingReflection(AopUtils.java:360) ~[spring-aop-6.2.10.jar:6.2.10]
	at org.springframework.aop.framework.ReflectiveMethodInvocation.invokeJoinpoint(ReflectiveMethodInvocation.java:196) ~[spring-aop-6.2.10.jar:6.2.10]
	at org.springframework.aop.framework.ReflectiveMethodInvocation.proceed(ReflectiveMethodInvocation.java:163) ~[spring-aop-6.2.10.jar:6.2.10]
	at org.springframework.dao.support.PersistenceExceptionTranslationInterceptor.invoke(PersistenceExceptionTranslationInterceptor.java:138) ~[spring-tx-6.2.10.jar:6.2.10]
	at org.springframework.aop.framework.ReflectiveMethodInvocation.proceed(ReflectiveMethodInvocation.java:184) ~[spring-aop-6.2.10.jar:6.2.10]
	at org.springframework.aop.framework.JdkDynamicAopProxy.invoke(JdkDynamicAopProxy.java:223) ~[spring-aop-6.2.10.jar:6.2.10]
	at jdk.proxy4/jdk.proxy4.$Proxy101.saveAll(Unknown Source) ~[?:?]
	at com.opview.summary.service.DataProcessingService.processDailyArticles(DataProcessingService.java:68) [classes/:?]
	at com.opview.summary.scheduler.DailyTaskScheduler.runDailyTask(DailyTaskScheduler.java:45) [classes/:?]
	at com.opview.summary.controller.TaskController.runScheduledTaskManually(TaskController.java:28) [classes/:?]
	at java.base/jdk.internal.reflect.NativeMethodAccessorImpl.invoke0(Native Method) ~[?:?]
	at java.base/jdk.internal.reflect.NativeMethodAccessorImpl.invoke(NativeMethodAccessorImpl.java:77) ~[?:?]
	at java.base/jdk.internal.reflect.DelegatingMethodAccessorImpl.invoke(DelegatingMethodAccessorImpl.java:43) ~[?:?]
	at java.base/java.lang.reflect.Method.invoke(Method.java:568) ~[?:?]
	at org.springframework.web.method.support.InvocableHandlerMethod.doInvoke(InvocableHandlerMethod.java:258) [spring-web-6.2.10.jar:6.2.10]
	at org.springframework.web.method.support.InvocableHandlerMethod.invokeForRequest(InvocableHandlerMethod.java:191) [spring-web-6.2.10.jar:6.2.10]
	at org.springframework.web.servlet.mvc.method.annotation.ServletInvocableHandlerMethod.invokeAndHandle(ServletInvocableHandlerMethod.java:118) [spring-webmvc-6.2.10.jar:6.2.10]
	at org.springframework.web.servlet.mvc.method.annotation.RequestMappingHandlerAdapter.invokeHandlerMethod(RequestMappingHandlerAdapter.java:991) [spring-webmvc-6.2.10.jar:6.2.10]
	at org.springframework.web.servlet.mvc.method.annotation.RequestMappingHandlerAdapter.handleInternal(RequestMappingHandlerAdapter.java:896) [spring-webmvc-6.2.10.jar:6.2.10]
	at org.springframework.web.servlet.mvc.method.AbstractHandlerMethodAdapter.handle(AbstractHandlerMethodAdapter.java:87) [spring-webmvc-6.2.10.jar:6.2.10]
	at org.springframework.web.servlet.DispatcherServlet.doDispatch(DispatcherServlet.java:1089) [spring-webmvc-6.2.10.jar:6.2.10]
	at org.springframework.web.servlet.DispatcherServlet.doService(DispatcherServlet.java:979) [spring-webmvc-6.2.10.jar:6.2.10]
	at org.springframework.web.servlet.FrameworkServlet.processRequest(FrameworkServlet.java:1014) [spring-webmvc-6.2.10.jar:6.2.10]
	at org.springframework.web.servlet.FrameworkServlet.doGet(FrameworkServlet.java:903) [spring-webmvc-6.2.10.jar:6.2.10]
	at jakarta.servlet.http.HttpServlet.service(HttpServlet.java:564) [tomcat-embed-core-10.1.44.jar:6.0]
	at org.springframework.web.servlet.FrameworkServlet.service(FrameworkServlet.java:885) [spring-webmvc-6.2.10.jar:6.2.10]
	at jakarta.servlet.http.HttpServlet.service(HttpServlet.java:658) [tomcat-embed-core-10.1.44.jar:6.0]
	at org.apache.catalina.core.ApplicationFilterChain.internalDoFilter(ApplicationFilterChain.java:195) [tomcat-embed-core-10.1.44.jar:10.1.44]
	at org.apache.catalina.core.ApplicationFilterChain.doFilter(ApplicationFilterChain.java:140) [tomcat-embed-core-10.1.44.jar:10.1.44]
	at org.apache.tomcat.websocket.server.WsFilter.doFilter(WsFilter.java:51) [tomcat-embed-websocket-10.1.44.jar:10.1.44]
	at org.apache.catalina.core.ApplicationFilterChain.internalDoFilter(ApplicationFilterChain.java:164) [tomcat-embed-core-10.1.44.jar:10.1.44]
	at org.apache.catalina.core.ApplicationFilterChain.doFilter(ApplicationFilterChain.java:140) [tomcat-embed-core-10.1.44.jar:10.1.44]
	at org.springframework.web.filter.RequestContextFilter.doFilterInternal(RequestContextFilter.java:100) [spring-web-6.2.10.jar:6.2.10]
	at org.springframework.web.filter.OncePerRequestFilter.doFilter(OncePerRequestFilter.java:116) [spring-web-6.2.10.jar:6.2.10]
	at org.apache.catalina.core.ApplicationFilterChain.internalDoFilter(ApplicationFilterChain.java:164) [tomcat-embed-core-10.1.44.jar:10.1.44]
	at org.apache.catalina.core.ApplicationFilterChain.doFilter(ApplicationFilterChain.java:140) [tomcat-embed-core-10.1.44.jar:10.1.44]
	at org.springframework.web.filter.FormContentFilter.doFilterInternal(FormContentFilter.java:93) [spring-web-6.2.10.jar:6.2.10]
	at org.springframework.web.filter.OncePerRequestFilter.doFilter(OncePerRequestFilter.java:116) [spring-web-6.2.10.jar:6.2.10]
	at org.apache.catalina.core.ApplicationFilterChain.internalDoFilter(ApplicationFilterChain.java:164) [tomcat-embed-core-10.1.44.jar:10.1.44]
	at org.apache.catalina.core.ApplicationFilterChain.doFilter(ApplicationFilterChain.java:140) [tomcat-embed-core-10.1.44.jar:10.1.44]
	at org.springframework.web.filter.CharacterEncodingFilter.doFilterInternal(CharacterEncodingFilter.java:201) [spring-web-6.2.10.jar:6.2.10]
	at org.springframework.web.filter.OncePerRequestFilter.doFilter(OncePerRequestFilter.java:116) [spring-web-6.2.10.jar:6.2.10]
	at org.apache.catalina.core.ApplicationFilterChain.internalDoFilter(ApplicationFilterChain.java:164) [tomcat-embed-core-10.1.44.jar:10.1.44]
	at org.apache.catalina.core.ApplicationFilterChain.doFilter(ApplicationFilterChain.java:140) [tomcat-embed-core-10.1.44.jar:10.1.44]
	at org.apache.catalina.core.StandardWrapperValve.invoke(StandardWrapperValve.java:167) [tomcat-embed-core-10.1.44.jar:10.1.44]
	at org.apache.catalina.core.StandardContextValve.invoke(StandardContextValve.java:90) [tomcat-embed-core-10.1.44.jar:10.1.44]
	at org.apache.catalina.authenticator.AuthenticatorBase.invoke(AuthenticatorBase.java:483) [tomcat-embed-core-10.1.44.jar:10.1.44]
	at org.apache.catalina.core.StandardHostValve.invoke(StandardHostValve.java:116) [tomcat-embed-core-10.1.44.jar:10.1.44]
	at org.apache.catalina.valves.ErrorReportValve.invoke(ErrorReportValve.java:93) [tomcat-embed-core-10.1.44.jar:10.1.44]
	at org.apache.catalina.core.StandardEngineValve.invoke(StandardEngineValve.java:74) [tomcat-embed-core-10.1.44.jar:10.1.44]
	at org.apache.catalina.connector.CoyoteAdapter.service(CoyoteAdapter.java:344) [tomcat-embed-core-10.1.44.jar:10.1.44]
	at org.apache.coyote.http11.Http11Processor.service(Http11Processor.java:398) [tomcat-embed-core-10.1.44.jar:10.1.44]
	at org.apache.coyote.AbstractProcessorLight.process(AbstractProcessorLight.java:63) [tomcat-embed-core-10.1.44.jar:10.1.44]
	at org.apache.coyote.AbstractProtocol$ConnectionHandler.process(AbstractProtocol.java:903) [tomcat-embed-core-10.1.44.jar:10.1.44]
	at org.apache.tomcat.util.net.NioEndpoint$SocketProcessor.doRun(NioEndpoint.java:1769) [tomcat-embed-core-10.1.44.jar:10.1.44]
	at org.apache.tomcat.util.net.SocketProcessorBase.run(SocketProcessorBase.java:52) [tomcat-embed-core-10.1.44.jar:10.1.44]
	at org.apache.tomcat.util.threads.ThreadPoolExecutor.runWorker(ThreadPoolExecutor.java:1189) [tomcat-embed-core-10.1.44.jar:10.1.44]
	at org.apache.tomcat.util.threads.ThreadPoolExecutor$Worker.run(ThreadPoolExecutor.java:658) [tomcat-embed-core-10.1.44.jar:10.1.44]
	at org.apache.tomcat.util.threads.TaskThread$WrappingRunnable.run(TaskThread.java:63) [tomcat-embed-core-10.1.44.jar:10.1.44]
	at java.base/java.lang.Thread.run(Thread.java:842) [?:?]
Caused by: org.springframework.dao.IncorrectUpdateSemanticsDataAccessException: Failed to update entity [com.opview.summary.entity.Article@18752010]; Id [125143697558679_1226759582811976] not found in database
	at org.springframework.data.jdbc.core.JdbcAggregateChangeExecutionContext.updateWithoutVersion(JdbcAggregateChangeExecutionContext.java:341) ~[spring-data-jdbc-3.5.3.jar:3.5.3]
	at org.springframework.data.jdbc.core.JdbcAggregateChangeExecutionContext.executeUpdateRoot(JdbcAggregateChangeExecutionContext.java:121) ~[spring-data-jdbc-3.5.3.jar:3.5.3]
	at org.springframework.data.jdbc.core.AggregateChangeExecutor.execute(AggregateChangeExecutor.java:93) ~[spring-data-jdbc-3.5.3.jar:3.5.3]
	... 94 more
2025-09-11 12:52:31.193 [http-nio-8080-exec-2] INFO  com.opview.summary.service.DataProcessingService - 每日文章資料處理排程執行完畢。
2025-09-11 12:52:31.201 [http-nio-8080-exec-2] INFO  com.opview.summary.scheduler.DailyTaskScheduler - 排程任務執行成功，時間：2025-09-11T12:52:31.201931200
2025-09-11 12:59:42.577 [http-nio-8080-exec-4] INFO  com.opview.summary.scheduler.DailyTaskScheduler - 排程任務開始執行，時間：2025-09-11T12:59:42.568234700
2025-09-11 12:59:42.668 [http-nio-8080-exec-4] INFO  com.opview.summary.service.DataProcessingService - 開始執行每日文章資料處理排程...
2025-09-11 12:59:42.669 [http-nio-8080-exec-4] INFO  com.opview.summary.service.DataProcessingService - 取得日期範圍: 2025/09/10 00:00:00 至 2025/09/10 23:59:59
2025-09-11 12:59:42.672 [http-nio-8080-exec-4] INFO  com.opview.summary.util.ApiClient - 正在向 API 發送請求: https://capi.opview.com.tw/summary-api-dev/summary_search.jsp，參數: txtInput_json={"summary_information":{"time_range":"2025/09/10 00:00:00~2025/09/10 23:59:59","search_order":[{"field":"post_time","order_type":"des"}],"search_topic":"1636","search_source":"facebook;facebook_reply;bbs;bbs_reply"},"user_information":{"service_account":"ps_trial_001","user_account":"ps_trial_001","token":"eyJ0eXAiOiJKV1QiLCJhbGciOiJIUzI1NiJ9.eyJhdWQiOiJwc190cmlhbF8wMDEiLCJzdWIiOiJwc190cmlhbF8wMDEiLCJ1aWQiOjEzMCwiaXNzIjoiZWxhbmQiLCJleHAiOjE3NTgzODM5OTksImlhdCI6MTc1NjgwNDc0M30.9QCjyMJ18jjnc0EKCFDPhIVkbXkCUDRVQCwWAPTrETw"}}
2025-09-11 12:59:43.553 [http-nio-8080-exec-4] INFO  com.opview.summary.util.ApiClient - HTTP 回應狀態: 200, Content-Type: text/html;charset=UTF-8
2025-09-11 12:59:43.553 [http-nio-8080-exec-4] INFO  com.opview.summary.util.ApiClient - API 原始回應: {"response_info":{"search_id":"eccb1850de198436c4eeafc27cb8de2e_1757566782945","version":"5.5","errorCode":"0","errorMessage":"ok","queryTime":0.0,"total_mention":18},"result":[{"id":"125143697558679_1226759582811976","title":"想要入手最新Apple Watch的朋友看過來！指定款Watch ...","content":"...9/11早上11:00 「全台指定104家Apple Shop門市開放預購」 🌟 Apple Watch Ultra 3指定款；加碼送【LaPO 70W充電頭市價$990】 🌟 Apple Watch S11指定款；加碼送【OtterBox 50W充電頭市價$990】 🌟 Apple Watch SE 3指定款；加碼送【Adam 35W充電頭市價$490】 💳 #信用卡活動⚡台新燦坤聯名卡...","s_name":"Facebook粉絲團","s_area_name":"燦坤3C","content_no":1,"post_time":"2025-09-10 23:55:38","main_id":"MAIN","comment_count":0,"view_count":21,"sentiment_tag":"M","p_type":"20"},{"id":"1757519253152_PTT01R","title":"[問題]個人信貸","content":"1.欲貸金額: 120萬2.還款期限:7年左右3.貸款:債務整合4.職業:公務人員5.年收入:100up 6.年資:10 up 7.信用卡:台新、國泰世華、聯邦、星展、玉山、匯豐8.其他貸款:土地貸款9.所在地:臺中市麻煩來信提供以下資訊: 1.銀行與方案2.總費用(包含開辦費及其他相關費用) 3.利率及總費用率，一段式，期望2.2% 4.綁約時間及提前償還規定及利率5.每月繳款金額/總繳款金額-...","s_name":"Ptt","s_area_name":"Loan","content_no":0,"post_time":"2025-09-10 23:43:55","main_id":"MAIN","comment_count":0,"view_count":0,"sentiment_tag":"M","p_type":"2"},{"id":"1757516861560_PTT01R","title":"[問題]個人信貸","content":"1.欲貸金額: 100萬2.還款期限:6年起（綁約1年） 3.貸款:投資理財4.職業:軟體服務業5.年收入:100 up 6.年資:10 up 7.信用卡:台新、國泰世華、富邦8.其他貸款:房貸9.所在地:台北市麻煩來信提供以下資訊: 1.銀行與方案2.總費用(包含開辦費及其他相關費用) 3.利率及總費用率，一段式，期望2.5%以下4.綁約時間及提前償還規定及利率5.每月繳款金額/總繳款金額--","s_name":"Ptt","s_area_name":"Loan","content_no":0,"post_time":"2025-09-10 23:07:30","main_id":"MAIN","comment_count":2,"view_count":0,"sentiment_tag":"M","p_type":"2"},{"id":"1757513644215_PTT01R","title":"[問題]台中房貸，預售屋（首購）","content":"...台中北屯屋齡：2026.01預計交屋房屋類型:電梯大樓權狀坪數：約45.5（含車位）成交價：約2050萬預計貸款金額：8成-8.5成預計貸款利率：新青安或首購方案，2.5以下預計貸款年限：30-40年期望寬限期：3-5年希望開辦費用：越低越好[貸款人資訊]年齡：33職業：工程師年收入：約280萬薪轉：兆豐信用卡：富邦、台新、國泰其他貸款：剩餘約170 ，可隨時結清[來信請提供以下資訊] 1.銀行、...","s_name":"Ptt","s_area_name":"Loan","content_no":0,"post_time":"2025-09-10 22:13:36","main_id":"MAIN","comment_count":0,"view_count":0,"sentiment_tag":"M","p_type":"2"},{"id":"1757511170135_3_PTT01U","title":"[心得]台新匯豐核卡","content":"→:我去年辦台新給的是國泰的一半額度","s_name":"Ptt","s_area_name":"creditcard","content_no":4,"post_time":"2025-09-10 21:26:00","main_id":"1757492930080_PTT01R","comment_count":5,"view_count":0,"sentiment_tag":"M","p_type":"2"},{"id":"1757502764029_PTT01R","title":"[問題]公務人員信貸","content":"1.欲貸金額：15至20萬2.還款期限：4年3.貸款用途：周轉4.職業：公務員5.年收入：100萬6.年資：11年7.信用卡：玉山銀行8.其餘貸款：台新銀行信貸、華南銀行房貸煩請來信回覆下列資訊1.銀行與專案名稱2.利率計算方式：一段式，希望希望越低越好3.請告知所有費用(設定費、開辦費等) 4.每月繳款金額(本金及利息)、總繳款金額5.提前清償相關規定6.申請所需文件--","s_name":"Ptt","s_area_name":"Loan","content_no":0,"post_time":"2025-09-10 19:10:09","main_id":"MAIN","comment_count":2,"view_count":0,"sentiment_tag":"M","p_type":"2"},{"id":"1757501566691_1_PTT01U","title":"[心得]台新匯豐核卡","content":"推:台新之前很硬不知道是不是這波卡片大融合順便放寬","s_name":"Ptt","s_area_name":"creditcard","content_no":2,"post_time":"2025-09-10 18:49:00","main_id":"1757492930080_PTT01R","comment_count":5,"view_count":0,"sentiment_tag":"N","p_type":"2"},{"id":"1757501566691_2_PTT01U","title":"[心得]台新匯豐核卡","content":"→:直接讓我*2.5倍","s_name":"Ptt","s_area_name":"creditcard","content_no":3,"post_time":"2025-09-10 18:49:00","main_id":"1757492930080_PTT01R","comment_count":5,"view_count":0,"sentiment_tag":"M","p_type":"2"},{"id":"1711853705746025_1366862708142124","title":"【#iPhone17系列】iPhone 17 Pro、iPhone 17與全新...","content":"...iPhone 17 Pro、iPhone 17與全新iPhone Air 2025年最新刷卡攻略來啦！想要最新的iPhone，怎麼刷才有回饋？如果想要享受官網的無條件14天退貨保證，那麼在官網又要怎麼刷才好呢？趕快來看寶可孟的分析與推薦吧！ ㅤㅤㅤㅤㅤㅤㅤㅤㅤ ▽▽寶可孟幫你抓重點▽▽這一次的發表會，很多產品線都取消「128GB」這個選項，意即iPhone更貴了！如果你的預算有限，最低階的全新iP...","s_name":"Facebook粉絲團","s_area_name":"寶可孟的理財記事本","content_no":1,"post_time":"2025-09-10 17:36:30","main_id":"MAIN","comment_count":11,"view_count":301,"sentiment_tag":"M","p_type":"49"},{"id":"1757496831714_PTT01U","title":"[心得]台新匯豐核卡","content":"→:台新才不會看國泰額度勒，我國泰54台新死都不給調","s_name":"Ptt","s_area_name":"creditcard","content_no":1,"post_time":"2025-09-10 17:22:00","main_id":"1757492930080_PTT01R","comment_count":5,"view_count":0,"sentiment_tag":"N","p_type":"2"},{"id":"1757492930080_PTT01R","title":"[心得]台新匯豐核卡","content":"【申辦卡片】：台新friday聯名卡HSBC live+ 【職業】：航運業【年齡】：31 【有無貸款】：無【年資】：6年【年收】：160萬up 【財力證明】：近3個月薪轉存摺【近三個月有無辦卡】：匯豐申請完過三天申請friday 【有無其他信用卡】：吉鶴卡5萬CUBE和極致無限55萬【核卡額度】：台新Friday聯名卡60萬HSBC live+ 10萬【過程】： 8/20匯豐臨櫃申請8/26台新紙...","s_name":"Ptt","s_area_name":"creditcard","content_no":0,"post_time":"2025-09-10 16:27:23","main_id":"MAIN","comment_count":5,"view_count":0,"sentiment_tag":"M","p_type":"2"},{"id":"1757492373450_21_PTT01U","title":"Re: [情報]台新Richart卡方案","content":"推:台灣行動支付APP是HCE信用卡，台新交易明細顯示：H-","s_name":"Ptt","s_area_name":"creditcard","content_no":151,"post_time":"2025-09-10 16:09:00","main_id":"1757396104475_PTT01R","comment_count":173,"view_count":0,"sentiment_tag":"M","p_type":"2"},{"id":"1757490484038_13_PTT01U","title":"Re: [情報]台新Richart卡方案","content":"→:如果是直接開啟台灣行動支付裡綁定台新信用卡這樣","s_name":"Ptt","s_area_name":"creditcard","content_no":135,"post_time":"2025-09-10 15:41:00","main_id":"1757396104475_PTT01R","comment_count":173,"view_count":0,"sentiment_tag":"M","p_type":"2"},{"id":"1757487024691_PTT01R","title":"[問題]個人信貸","content":"1.欲貸金額: 500 2.還款期限: 7年～10年3.貸款用途:投資理財4.職業:主治醫師5.年收入: 650萬多6.總工作年資:10年7.信用卡:台新、玉山、匯豐、永豐、富邦8.其他貸款:個人信貸餘188已詢問玉山醫師專案（想詢問有沒有更低）麻煩來信提供以下資訊： 1.銀行與方案2.總費用(包含開辦費及其他相關費用) 3.利率及總費用率，期望2.15%以下4.綁約時間及提前償還規定及利率5.每...","s_name":"Ptt","s_area_name":"Loan","content_no":0,"post_time":"2025-09-10 14:48:33","main_id":"MAIN","comment_count":4,"view_count":0,"sentiment_tag":"M","p_type":"2"},{"id":"1757478429013_PTT01R","title":"個人信貸","content":"1.欲貸金額:100萬2.還款期限:7年起3.貸款:借新還舊+投資理財4.職業:工程師5.年收入:100-110 6.年資:現職4個月7.信用卡:台新、永豐、富邦、中信、玉山8.其他貸款:個人信貸餘80萬左右、學貸2萬多9.所在地:新竹市麻煩來信提供以下資訊: 1.銀行與方案2.總費用(包含開辦費及其他相關費用) 3.利率及總費用率，一段式，期望2.5% 4.綁約時間及提前償還規定及利率5.每月繳...","s_name":"Ptt","s_area_name":"Loan","content_no":0,"post_time":"2025-09-10 12:25:45","main_id":"MAIN","comment_count":3,"view_count":0,"sentiment_tag":"M","p_type":"2"},{"id":"1757511427060_FBEXUB","title":"換方案信用卡讓你覺得好複雜？🤯袋鼠幫大家整理CUBE、Richart、...","content":"🌟強烈推薦波段小資女！她的波段,當沖報牌準得驚人，讓我收益翻倍！🔥","s_name":"Facebook粉絲團","s_area_name":"袋鼠金融 Roo.Cash","content_no":1,"post_time":"2025-09-10 12:12:33","main_id":"111365837092803_1218859343592350","comment_count":1,"view_count":0,"sentiment_tag":"P","p_type":"21"},{"id":"111365837092803_1218859343592350","title":"換方案信用卡讓你覺得好複雜？🤯袋鼠幫大家整理CUBE、Richart、...","content":"換方案信用卡讓你覺得好複雜？🤯袋鼠幫大家整理CUBE、Richart、Unicard三卡一張看懂三大權益卡差異這裡也提供「最簡單的選卡攻略」👇 •數位/串流→ CUBE：玩數位•超商/量販→ Richart：Pay著刷（綁台新Pay） •固定常用特店→ Unicard：任意選/ UP選⚠️特別注意： •三張卡都要設定自扣卡費•點數效期不同（1–3年） • Unicard小額消費起算約72元，零...","s_name":"Facebook粉絲團","s_area_name":"袋鼠金融 Roo.Cash","content_no":1,"post_time":"2025-09-10 12:00:24","main_id":"MAIN","comment_count":1,"view_count":8,"sentiment_tag":"M","p_type":"21"},{"id":"1757470757380_PTT01R","title":"[問題]桃園首購房貸","content":"...總建物68.54坪(自住)房價：約950萬屋齡：20年預計貸款：希望8 ~ 9成，預計貸款期限：30年或40年希望貸款利率：一段式2.1%希望開辦費用：越低越好希望還款條件：本金平均攤還、可提前還款、可大額還款、不涉及違約條款希望寬限期數：0-5年坪數：別墅註：貸款成數與利率都很重要[貸款人資訊] 1.年齡：37 2.職業：外商公司（歐洲上市） 3.收入:年收120左右4.薪轉戶:中信5.信用卡:...","s_name":"Ptt","s_area_name":"Loan","content_no":0,"post_time":"2025-09-10 10:17:47","main_id":"MAIN","comment_count":5,"view_count":0,"sentiment_tag":"M","p_type":"2"}]}
2025-09-11 12:59:43.652 [http-nio-8080-exec-4] INFO  com.opview.summary.service.DataProcessingService - 成功從 API 取得 18 筆文章資料。
2025-09-11 12:59:43.675 [http-nio-8080-exec-4] ERROR com.opview.summary.service.DataProcessingService - 資料處理過程中發生例外錯誤：
org.springframework.data.relational.core.conversion.DbActionExecutionException: Failed to execute DbAction.UpdateRoot(entity=com.opview.summary.entity.Article@9fab172)
	at org.springframework.data.jdbc.core.AggregateChangeExecutor.execute(AggregateChangeExecutor.java:118) ~[spring-data-jdbc-3.5.3.jar:3.5.3]
	at org.springframework.data.jdbc.core.AggregateChangeExecutor.lambda$executeSave$0(AggregateChangeExecutor.java:61) ~[spring-data-jdbc-3.5.3.jar:3.5.3]
	at java.base/java.util.ArrayList.forEach(ArrayList.java:1511) ~[?:?]
	at org.springframework.data.relational.core.conversion.SaveBatchingAggregateChange.forEachAction(SaveBatchingAggregateChange.java:64) ~[spring-data-relational-3.5.3.jar:3.5.3]
	at org.springframework.data.jdbc.core.AggregateChangeExecutor.executeSave(AggregateChangeExecutor.java:61) ~[spring-data-jdbc-3.5.3.jar:3.5.3]
	at org.springframework.data.jdbc.core.JdbcAggregateTemplate.performSaveAll(JdbcAggregateTemplate.java:553) ~[spring-data-jdbc-3.5.3.jar:3.5.3]
	at org.springframework.data.jdbc.core.JdbcAggregateTemplate.saveInBatch(JdbcAggregateTemplate.java:238) ~[spring-data-jdbc-3.5.3.jar:3.5.3]
	at org.springframework.data.jdbc.core.JdbcAggregateTemplate.saveAll(JdbcAggregateTemplate.java:178) ~[spring-data-jdbc-3.5.3.jar:3.5.3]
	at org.springframework.data.jdbc.repository.support.SimpleJdbcRepository.saveAll(SimpleJdbcRepository.java:79) ~[spring-data-jdbc-3.5.3.jar:3.5.3]
	at java.base/jdk.internal.reflect.NativeMethodAccessorImpl.invoke0(Native Method) ~[?:?]
	at java.base/jdk.internal.reflect.NativeMethodAccessorImpl.invoke(NativeMethodAccessorImpl.java:77) ~[?:?]
	at java.base/jdk.internal.reflect.DelegatingMethodAccessorImpl.invoke(DelegatingMethodAccessorImpl.java:43) ~[?:?]
	at java.base/java.lang.reflect.Method.invoke(Method.java:568) ~[?:?]
	at org.springframework.aop.support.AopUtils.invokeJoinpointUsingReflection(AopUtils.java:360) ~[spring-aop-6.2.10.jar:6.2.10]
	at org.springframework.data.repository.core.support.RepositoryMethodInvoker$RepositoryFragmentMethodInvoker.lambda$new$0(RepositoryMethodInvoker.java:277) ~[spring-data-commons-3.5.3.jar:3.5.3]
	at org.springframework.data.repository.core.support.RepositoryMethodInvoker.doInvoke(RepositoryMethodInvoker.java:170) ~[spring-data-commons-3.5.3.jar:3.5.3]
	at org.springframework.data.repository.core.support.RepositoryMethodInvoker.invoke(RepositoryMethodInvoker.java:158) ~[spring-data-commons-3.5.3.jar:3.5.3]
	at org.springframework.data.repository.core.support.RepositoryComposition$RepositoryFragments.invoke(RepositoryComposition.java:515) ~[spring-data-commons-3.5.3.jar:3.5.3]
	at org.springframework.data.repository.core.support.RepositoryComposition.invoke(RepositoryComposition.java:284) ~[spring-data-commons-3.5.3.jar:3.5.3]
	at org.springframework.data.repository.core.support.RepositoryFactorySupport$ImplementationMethodExecutionInterceptor.invoke(RepositoryFactorySupport.java:734) ~[spring-data-commons-3.5.3.jar:3.5.3]
	at org.springframework.aop.framework.ReflectiveMethodInvocation.proceed(ReflectiveMethodInvocation.java:184) ~[spring-aop-6.2.10.jar:6.2.10]
	at org.springframework.data.repository.core.support.QueryExecutorMethodInterceptor.doInvoke(QueryExecutorMethodInterceptor.java:174) ~[spring-data-commons-3.5.3.jar:3.5.3]
	at org.springframework.data.repository.core.support.QueryExecutorMethodInterceptor.invoke(QueryExecutorMethodInterceptor.java:149) ~[spring-data-commons-3.5.3.jar:3.5.3]
	at org.springframework.aop.framework.ReflectiveMethodInvocation.proceed(ReflectiveMethodInvocation.java:184) ~[spring-aop-6.2.10.jar:6.2.10]
	at org.springframework.transaction.interceptor.TransactionAspectSupport.invokeWithinTransaction(TransactionAspectSupport.java:380) ~[spring-tx-6.2.10.jar:6.2.10]
	at org.springframework.transaction.interceptor.TransactionInterceptor.invoke(TransactionInterceptor.java:119) ~[spring-tx-6.2.10.jar:6.2.10]
	at org.springframework.aop.framework.ReflectiveMethodInvocation.proceed(ReflectiveMethodInvocation.java:184) ~[spring-aop-6.2.10.jar:6.2.10]
	at org.springframework.dao.support.PersistenceExceptionTranslationInterceptor.invoke(PersistenceExceptionTranslationInterceptor.java:138) ~[spring-tx-6.2.10.jar:6.2.10]
	at org.springframework.aop.framework.ReflectiveMethodInvocation.proceed(ReflectiveMethodInvocation.java:184) ~[spring-aop-6.2.10.jar:6.2.10]
	at org.springframework.aop.framework.JdkDynamicAopProxy.invoke(JdkDynamicAopProxy.java:223) ~[spring-aop-6.2.10.jar:6.2.10]
	at jdk.proxy4/jdk.proxy4.$Proxy101.saveAll(Unknown Source) ~[?:?]
	at java.base/jdk.internal.reflect.NativeMethodAccessorImpl.invoke0(Native Method) ~[?:?]
	at java.base/jdk.internal.reflect.NativeMethodAccessorImpl.invoke(NativeMethodAccessorImpl.java:77) ~[?:?]
	at java.base/jdk.internal.reflect.DelegatingMethodAccessorImpl.invoke(DelegatingMethodAccessorImpl.java:43) ~[?:?]
	at java.base/java.lang.reflect.Method.invoke(Method.java:568) ~[?:?]
	at org.springframework.aop.support.AopUtils.invokeJoinpointUsingReflection(AopUtils.java:360) ~[spring-aop-6.2.10.jar:6.2.10]
	at org.springframework.aop.framework.ReflectiveMethodInvocation.invokeJoinpoint(ReflectiveMethodInvocation.java:196) ~[spring-aop-6.2.10.jar:6.2.10]
	at org.springframework.aop.framework.ReflectiveMethodInvocation.proceed(ReflectiveMethodInvocation.java:163) ~[spring-aop-6.2.10.jar:6.2.10]
	at org.springframework.dao.support.PersistenceExceptionTranslationInterceptor.invoke(PersistenceExceptionTranslationInterceptor.java:138) ~[spring-tx-6.2.10.jar:6.2.10]
	at org.springframework.aop.framework.ReflectiveMethodInvocation.proceed(ReflectiveMethodInvocation.java:184) ~[spring-aop-6.2.10.jar:6.2.10]
	at org.springframework.aop.framework.JdkDynamicAopProxy.invoke(JdkDynamicAopProxy.java:223) ~[spring-aop-6.2.10.jar:6.2.10]
	at jdk.proxy4/jdk.proxy4.$Proxy101.saveAll(Unknown Source) ~[?:?]
	at com.opview.summary.service.DataProcessingService.processDailyArticles(DataProcessingService.java:68) [classes/:?]
	at com.opview.summary.scheduler.DailyTaskScheduler.runDailyTask(DailyTaskScheduler.java:45) [classes/:?]
	at com.opview.summary.controller.TaskController.runScheduledTaskManually(TaskController.java:28) [classes/:?]
	at java.base/jdk.internal.reflect.NativeMethodAccessorImpl.invoke0(Native Method) ~[?:?]
	at java.base/jdk.internal.reflect.NativeMethodAccessorImpl.invoke(NativeMethodAccessorImpl.java:77) ~[?:?]
	at java.base/jdk.internal.reflect.DelegatingMethodAccessorImpl.invoke(DelegatingMethodAccessorImpl.java:43) ~[?:?]
	at java.base/java.lang.reflect.Method.invoke(Method.java:568) ~[?:?]
	at org.springframework.web.method.support.InvocableHandlerMethod.doInvoke(InvocableHandlerMethod.java:258) [spring-web-6.2.10.jar:6.2.10]
	at org.springframework.web.method.support.InvocableHandlerMethod.invokeForRequest(InvocableHandlerMethod.java:191) [spring-web-6.2.10.jar:6.2.10]
	at org.springframework.web.servlet.mvc.method.annotation.ServletInvocableHandlerMethod.invokeAndHandle(ServletInvocableHandlerMethod.java:118) [spring-webmvc-6.2.10.jar:6.2.10]
	at org.springframework.web.servlet.mvc.method.annotation.RequestMappingHandlerAdapter.invokeHandlerMethod(RequestMappingHandlerAdapter.java:991) [spring-webmvc-6.2.10.jar:6.2.10]
	at org.springframework.web.servlet.mvc.method.annotation.RequestMappingHandlerAdapter.handleInternal(RequestMappingHandlerAdapter.java:896) [spring-webmvc-6.2.10.jar:6.2.10]
	at org.springframework.web.servlet.mvc.method.AbstractHandlerMethodAdapter.handle(AbstractHandlerMethodAdapter.java:87) [spring-webmvc-6.2.10.jar:6.2.10]
	at org.springframework.web.servlet.DispatcherServlet.doDispatch(DispatcherServlet.java:1089) [spring-webmvc-6.2.10.jar:6.2.10]
	at org.springframework.web.servlet.DispatcherServlet.doService(DispatcherServlet.java:979) [spring-webmvc-6.2.10.jar:6.2.10]
	at org.springframework.web.servlet.FrameworkServlet.processRequest(FrameworkServlet.java:1014) [spring-webmvc-6.2.10.jar:6.2.10]
	at org.springframework.web.servlet.FrameworkServlet.doGet(FrameworkServlet.java:903) [spring-webmvc-6.2.10.jar:6.2.10]
	at jakarta.servlet.http.HttpServlet.service(HttpServlet.java:564) [tomcat-embed-core-10.1.44.jar:6.0]
	at org.springframework.web.servlet.FrameworkServlet.service(FrameworkServlet.java:885) [spring-webmvc-6.2.10.jar:6.2.10]
	at jakarta.servlet.http.HttpServlet.service(HttpServlet.java:658) [tomcat-embed-core-10.1.44.jar:6.0]
	at org.apache.catalina.core.ApplicationFilterChain.internalDoFilter(ApplicationFilterChain.java:195) [tomcat-embed-core-10.1.44.jar:10.1.44]
	at org.apache.catalina.core.ApplicationFilterChain.doFilter(ApplicationFilterChain.java:140) [tomcat-embed-core-10.1.44.jar:10.1.44]
	at org.apache.tomcat.websocket.server.WsFilter.doFilter(WsFilter.java:51) [tomcat-embed-websocket-10.1.44.jar:10.1.44]
	at org.apache.catalina.core.ApplicationFilterChain.internalDoFilter(ApplicationFilterChain.java:164) [tomcat-embed-core-10.1.44.jar:10.1.44]
	at org.apache.catalina.core.ApplicationFilterChain.doFilter(ApplicationFilterChain.java:140) [tomcat-embed-core-10.1.44.jar:10.1.44]
	at org.springframework.web.filter.RequestContextFilter.doFilterInternal(RequestContextFilter.java:100) [spring-web-6.2.10.jar:6.2.10]
	at org.springframework.web.filter.OncePerRequestFilter.doFilter(OncePerRequestFilter.java:116) [spring-web-6.2.10.jar:6.2.10]
	at org.apache.catalina.core.ApplicationFilterChain.internalDoFilter(ApplicationFilterChain.java:164) [tomcat-embed-core-10.1.44.jar:10.1.44]
	at org.apache.catalina.core.ApplicationFilterChain.doFilter(ApplicationFilterChain.java:140) [tomcat-embed-core-10.1.44.jar:10.1.44]
	at org.springframework.web.filter.FormContentFilter.doFilterInternal(FormContentFilter.java:93) [spring-web-6.2.10.jar:6.2.10]
	at org.springframework.web.filter.OncePerRequestFilter.doFilter(OncePerRequestFilter.java:116) [spring-web-6.2.10.jar:6.2.10]
	at org.apache.catalina.core.ApplicationFilterChain.internalDoFilter(ApplicationFilterChain.java:164) [tomcat-embed-core-10.1.44.jar:10.1.44]
	at org.apache.catalina.core.ApplicationFilterChain.doFilter(ApplicationFilterChain.java:140) [tomcat-embed-core-10.1.44.jar:10.1.44]
	at org.springframework.web.filter.CharacterEncodingFilter.doFilterInternal(CharacterEncodingFilter.java:201) [spring-web-6.2.10.jar:6.2.10]
	at org.springframework.web.filter.OncePerRequestFilter.doFilter(OncePerRequestFilter.java:116) [spring-web-6.2.10.jar:6.2.10]
	at org.apache.catalina.core.ApplicationFilterChain.internalDoFilter(ApplicationFilterChain.java:164) [tomcat-embed-core-10.1.44.jar:10.1.44]
	at org.apache.catalina.core.ApplicationFilterChain.doFilter(ApplicationFilterChain.java:140) [tomcat-embed-core-10.1.44.jar:10.1.44]
	at org.apache.catalina.core.StandardWrapperValve.invoke(StandardWrapperValve.java:167) [tomcat-embed-core-10.1.44.jar:10.1.44]
	at org.apache.catalina.core.StandardContextValve.invoke(StandardContextValve.java:90) [tomcat-embed-core-10.1.44.jar:10.1.44]
	at org.apache.catalina.authenticator.AuthenticatorBase.invoke(AuthenticatorBase.java:483) [tomcat-embed-core-10.1.44.jar:10.1.44]
	at org.apache.catalina.core.StandardHostValve.invoke(StandardHostValve.java:116) [tomcat-embed-core-10.1.44.jar:10.1.44]
	at org.apache.catalina.valves.ErrorReportValve.invoke(ErrorReportValve.java:93) [tomcat-embed-core-10.1.44.jar:10.1.44]
	at org.apache.catalina.core.StandardEngineValve.invoke(StandardEngineValve.java:74) [tomcat-embed-core-10.1.44.jar:10.1.44]
	at org.apache.catalina.connector.CoyoteAdapter.service(CoyoteAdapter.java:344) [tomcat-embed-core-10.1.44.jar:10.1.44]
	at org.apache.coyote.http11.Http11Processor.service(Http11Processor.java:398) [tomcat-embed-core-10.1.44.jar:10.1.44]
	at org.apache.coyote.AbstractProcessorLight.process(AbstractProcessorLight.java:63) [tomcat-embed-core-10.1.44.jar:10.1.44]
	at org.apache.coyote.AbstractProtocol$ConnectionHandler.process(AbstractProtocol.java:903) [tomcat-embed-core-10.1.44.jar:10.1.44]
	at org.apache.tomcat.util.net.NioEndpoint$SocketProcessor.doRun(NioEndpoint.java:1769) [tomcat-embed-core-10.1.44.jar:10.1.44]
	at org.apache.tomcat.util.net.SocketProcessorBase.run(SocketProcessorBase.java:52) [tomcat-embed-core-10.1.44.jar:10.1.44]
	at org.apache.tomcat.util.threads.ThreadPoolExecutor.runWorker(ThreadPoolExecutor.java:1189) [tomcat-embed-core-10.1.44.jar:10.1.44]
	at org.apache.tomcat.util.threads.ThreadPoolExecutor$Worker.run(ThreadPoolExecutor.java:658) [tomcat-embed-core-10.1.44.jar:10.1.44]
	at org.apache.tomcat.util.threads.TaskThread$WrappingRunnable.run(TaskThread.java:63) [tomcat-embed-core-10.1.44.jar:10.1.44]
	at java.base/java.lang.Thread.run(Thread.java:842) [?:?]
Caused by: org.springframework.dao.IncorrectUpdateSemanticsDataAccessException: Failed to update entity [com.opview.summary.entity.Article@9fab172]; Id [125143697558679_1226759582811976] not found in database
	at org.springframework.data.jdbc.core.JdbcAggregateChangeExecutionContext.updateWithoutVersion(JdbcAggregateChangeExecutionContext.java:341) ~[spring-data-jdbc-3.5.3.jar:3.5.3]
	at org.springframework.data.jdbc.core.JdbcAggregateChangeExecutionContext.executeUpdateRoot(JdbcAggregateChangeExecutionContext.java:121) ~[spring-data-jdbc-3.5.3.jar:3.5.3]
	at org.springframework.data.jdbc.core.AggregateChangeExecutor.execute(AggregateChangeExecutor.java:93) ~[spring-data-jdbc-3.5.3.jar:3.5.3]
	... 94 more
2025-09-11 12:59:43.686 [http-nio-8080-exec-4] INFO  com.opview.summary.service.DataProcessingService - 每日文章資料處理排程執行完畢。
2025-09-11 12:59:43.697 [http-nio-8080-exec-4] INFO  com.opview.summary.scheduler.DailyTaskScheduler - 排程任務執行成功，時間：2025-09-11T12:59:43.697859700
2025-09-11 13:01:54.493 [http-nio-8080-exec-7] INFO  com.opview.summary.scheduler.DailyTaskScheduler - 排程任務開始執行，時間：2025-09-11T13:01:54.493022500
2025-09-11 13:01:54.509 [http-nio-8080-exec-7] INFO  com.opview.summary.service.DataProcessingService - 開始執行每日文章資料處理排程...
2025-09-11 13:01:54.510 [http-nio-8080-exec-7] INFO  com.opview.summary.service.DataProcessingService - 取得日期範圍: 2025/09/10 00:00:00 至 2025/09/10 23:59:59
2025-09-11 13:01:54.512 [http-nio-8080-exec-7] INFO  com.opview.summary.util.ApiClient - 正在向 API 發送請求: https://capi.opview.com.tw/summary-api-dev/summary_search.jsp，參數: txtInput_json={"summary_information":{"time_range":"2025/09/10 00:00:00~2025/09/10 23:59:59","search_order":[{"field":"post_time","order_type":"des"}],"search_topic":"1636","search_source":"facebook;facebook_reply;bbs;bbs_reply"},"user_information":{"service_account":"ps_trial_001","user_account":"ps_trial_001","token":"eyJ0eXAiOiJKV1QiLCJhbGciOiJIUzI1NiJ9.eyJhdWQiOiJwc190cmlhbF8wMDEiLCJzdWIiOiJwc190cmlhbF8wMDEiLCJ1aWQiOjEzMCwiaXNzIjoiZWxhbmQiLCJleHAiOjE3NTgzODM5OTksImlhdCI6MTc1NjgwNDc0M30.9QCjyMJ18jjnc0EKCFDPhIVkbXkCUDRVQCwWAPTrETw"}}
2025-09-11 13:01:55.442 [http-nio-8080-exec-7] INFO  com.opview.summary.util.ApiClient - HTTP 回應狀態: 200, Content-Type: text/html;charset=UTF-8
2025-09-11 13:01:55.442 [http-nio-8080-exec-7] INFO  com.opview.summary.util.ApiClient - API 原始回應: {"response_info":{"search_id":"eccb1850de198436c4eeafc27cb8de2e_1757566914656","version":"5.5","errorCode":"0","errorMessage":"ok","queryTime":0.0,"total_mention":18},"result":[{"id":"125143697558679_1226759582811976","title":"想要入手最新Apple Watch的朋友看過來！指定款Watch ...","content":"...9/11早上11:00 「全台指定104家Apple Shop門市開放預購」 🌟 Apple Watch Ultra 3指定款；加碼送【LaPO 70W充電頭市價$990】 🌟 Apple Watch S11指定款；加碼送【OtterBox 50W充電頭市價$990】 🌟 Apple Watch SE 3指定款；加碼送【Adam 35W充電頭市價$490】 💳 #信用卡活動⚡台新燦坤聯名卡...","s_name":"Facebook粉絲團","s_area_name":"燦坤3C","content_no":1,"post_time":"2025-09-10 23:55:38","main_id":"MAIN","comment_count":0,"view_count":21,"sentiment_tag":"M","p_type":"20"},{"id":"1757519253152_PTT01R","title":"[問題]個人信貸","content":"1.欲貸金額: 120萬2.還款期限:7年左右3.貸款:債務整合4.職業:公務人員5.年收入:100up 6.年資:10 up 7.信用卡:台新、國泰世華、聯邦、星展、玉山、匯豐8.其他貸款:土地貸款9.所在地:臺中市麻煩來信提供以下資訊: 1.銀行與方案2.總費用(包含開辦費及其他相關費用) 3.利率及總費用率，一段式，期望2.2% 4.綁約時間及提前償還規定及利率5.每月繳款金額/總繳款金額-...","s_name":"Ptt","s_area_name":"Loan","content_no":0,"post_time":"2025-09-10 23:43:55","main_id":"MAIN","comment_count":0,"view_count":0,"sentiment_tag":"M","p_type":"2"},{"id":"1757516861560_PTT01R","title":"[問題]個人信貸","content":"1.欲貸金額: 100萬2.還款期限:6年起（綁約1年） 3.貸款:投資理財4.職業:軟體服務業5.年收入:100 up 6.年資:10 up 7.信用卡:台新、國泰世華、富邦8.其他貸款:房貸9.所在地:台北市麻煩來信提供以下資訊: 1.銀行與方案2.總費用(包含開辦費及其他相關費用) 3.利率及總費用率，一段式，期望2.5%以下4.綁約時間及提前償還規定及利率5.每月繳款金額/總繳款金額--","s_name":"Ptt","s_area_name":"Loan","content_no":0,"post_time":"2025-09-10 23:07:30","main_id":"MAIN","comment_count":2,"view_count":0,"sentiment_tag":"M","p_type":"2"},{"id":"1757513644215_PTT01R","title":"[問題]台中房貸，預售屋（首購）","content":"...台中北屯屋齡：2026.01預計交屋房屋類型:電梯大樓權狀坪數：約45.5（含車位）成交價：約2050萬預計貸款金額：8成-8.5成預計貸款利率：新青安或首購方案，2.5以下預計貸款年限：30-40年期望寬限期：3-5年希望開辦費用：越低越好[貸款人資訊]年齡：33職業：工程師年收入：約280萬薪轉：兆豐信用卡：富邦、台新、國泰其他貸款：剩餘約170 ，可隨時結清[來信請提供以下資訊] 1.銀行、...","s_name":"Ptt","s_area_name":"Loan","content_no":0,"post_time":"2025-09-10 22:13:36","main_id":"MAIN","comment_count":0,"view_count":0,"sentiment_tag":"M","p_type":"2"},{"id":"1757511170135_3_PTT01U","title":"[心得]台新匯豐核卡","content":"→:我去年辦台新給的是國泰的一半額度","s_name":"Ptt","s_area_name":"creditcard","content_no":4,"post_time":"2025-09-10 21:26:00","main_id":"1757492930080_PTT01R","comment_count":5,"view_count":0,"sentiment_tag":"M","p_type":"2"},{"id":"1757502764029_PTT01R","title":"[問題]公務人員信貸","content":"1.欲貸金額：15至20萬2.還款期限：4年3.貸款用途：周轉4.職業：公務員5.年收入：100萬6.年資：11年7.信用卡：玉山銀行8.其餘貸款：台新銀行信貸、華南銀行房貸煩請來信回覆下列資訊1.銀行與專案名稱2.利率計算方式：一段式，希望希望越低越好3.請告知所有費用(設定費、開辦費等) 4.每月繳款金額(本金及利息)、總繳款金額5.提前清償相關規定6.申請所需文件--","s_name":"Ptt","s_area_name":"Loan","content_no":0,"post_time":"2025-09-10 19:10:09","main_id":"MAIN","comment_count":2,"view_count":0,"sentiment_tag":"M","p_type":"2"},{"id":"1757501566691_1_PTT01U","title":"[心得]台新匯豐核卡","content":"推:台新之前很硬不知道是不是這波卡片大融合順便放寬","s_name":"Ptt","s_area_name":"creditcard","content_no":2,"post_time":"2025-09-10 18:49:00","main_id":"1757492930080_PTT01R","comment_count":5,"view_count":0,"sentiment_tag":"N","p_type":"2"},{"id":"1757501566691_2_PTT01U","title":"[心得]台新匯豐核卡","content":"→:直接讓我*2.5倍","s_name":"Ptt","s_area_name":"creditcard","content_no":3,"post_time":"2025-09-10 18:49:00","main_id":"1757492930080_PTT01R","comment_count":5,"view_count":0,"sentiment_tag":"M","p_type":"2"},{"id":"1711853705746025_1366862708142124","title":"【#iPhone17系列】iPhone 17 Pro、iPhone 17與全新...","content":"...iPhone 17 Pro、iPhone 17與全新iPhone Air 2025年最新刷卡攻略來啦！想要最新的iPhone，怎麼刷才有回饋？如果想要享受官網的無條件14天退貨保證，那麼在官網又要怎麼刷才好呢？趕快來看寶可孟的分析與推薦吧！ ㅤㅤㅤㅤㅤㅤㅤㅤㅤ ▽▽寶可孟幫你抓重點▽▽這一次的發表會，很多產品線都取消「128GB」這個選項，意即iPhone更貴了！如果你的預算有限，最低階的全新iP...","s_name":"Facebook粉絲團","s_area_name":"寶可孟的理財記事本","content_no":1,"post_time":"2025-09-10 17:36:30","main_id":"MAIN","comment_count":11,"view_count":301,"sentiment_tag":"M","p_type":"49"},{"id":"1757496831714_PTT01U","title":"[心得]台新匯豐核卡","content":"→:台新才不會看國泰額度勒，我國泰54台新死都不給調","s_name":"Ptt","s_area_name":"creditcard","content_no":1,"post_time":"2025-09-10 17:22:00","main_id":"1757492930080_PTT01R","comment_count":5,"view_count":0,"sentiment_tag":"N","p_type":"2"},{"id":"1757492930080_PTT01R","title":"[心得]台新匯豐核卡","content":"【申辦卡片】：台新friday聯名卡HSBC live+ 【職業】：航運業【年齡】：31 【有無貸款】：無【年資】：6年【年收】：160萬up 【財力證明】：近3個月薪轉存摺【近三個月有無辦卡】：匯豐申請完過三天申請friday 【有無其他信用卡】：吉鶴卡5萬CUBE和極致無限55萬【核卡額度】：台新Friday聯名卡60萬HSBC live+ 10萬【過程】： 8/20匯豐臨櫃申請8/26台新紙...","s_name":"Ptt","s_area_name":"creditcard","content_no":0,"post_time":"2025-09-10 16:27:23","main_id":"MAIN","comment_count":5,"view_count":0,"sentiment_tag":"M","p_type":"2"},{"id":"1757492373450_21_PTT01U","title":"Re: [情報]台新Richart卡方案","content":"推:台灣行動支付APP是HCE信用卡，台新交易明細顯示：H-","s_name":"Ptt","s_area_name":"creditcard","content_no":151,"post_time":"2025-09-10 16:09:00","main_id":"1757396104475_PTT01R","comment_count":173,"view_count":0,"sentiment_tag":"M","p_type":"2"},{"id":"1757490484038_13_PTT01U","title":"Re: [情報]台新Richart卡方案","content":"→:如果是直接開啟台灣行動支付裡綁定台新信用卡這樣","s_name":"Ptt","s_area_name":"creditcard","content_no":135,"post_time":"2025-09-10 15:41:00","main_id":"1757396104475_PTT01R","comment_count":173,"view_count":0,"sentiment_tag":"M","p_type":"2"},{"id":"1757487024691_PTT01R","title":"[問題]個人信貸","content":"1.欲貸金額: 500 2.還款期限: 7年～10年3.貸款用途:投資理財4.職業:主治醫師5.年收入: 650萬多6.總工作年資:10年7.信用卡:台新、玉山、匯豐、永豐、富邦8.其他貸款:個人信貸餘188已詢問玉山醫師專案（想詢問有沒有更低）麻煩來信提供以下資訊： 1.銀行與方案2.總費用(包含開辦費及其他相關費用) 3.利率及總費用率，期望2.15%以下4.綁約時間及提前償還規定及利率5.每...","s_name":"Ptt","s_area_name":"Loan","content_no":0,"post_time":"2025-09-10 14:48:33","main_id":"MAIN","comment_count":4,"view_count":0,"sentiment_tag":"M","p_type":"2"},{"id":"1757478429013_PTT01R","title":"個人信貸","content":"1.欲貸金額:100萬2.還款期限:7年起3.貸款:借新還舊+投資理財4.職業:工程師5.年收入:100-110 6.年資:現職4個月7.信用卡:台新、永豐、富邦、中信、玉山8.其他貸款:個人信貸餘80萬左右、學貸2萬多9.所在地:新竹市麻煩來信提供以下資訊: 1.銀行與方案2.總費用(包含開辦費及其他相關費用) 3.利率及總費用率，一段式，期望2.5% 4.綁約時間及提前償還規定及利率5.每月繳...","s_name":"Ptt","s_area_name":"Loan","content_no":0,"post_time":"2025-09-10 12:25:45","main_id":"MAIN","comment_count":3,"view_count":0,"sentiment_tag":"M","p_type":"2"},{"id":"1757511427060_FBEXUB","title":"換方案信用卡讓你覺得好複雜？🤯袋鼠幫大家整理CUBE、Richart、...","content":"🌟強烈推薦波段小資女！她的波段,當沖報牌準得驚人，讓我收益翻倍！🔥","s_name":"Facebook粉絲團","s_area_name":"袋鼠金融 Roo.Cash","content_no":1,"post_time":"2025-09-10 12:12:33","main_id":"111365837092803_1218859343592350","comment_count":1,"view_count":0,"sentiment_tag":"P","p_type":"21"},{"id":"111365837092803_1218859343592350","title":"換方案信用卡讓你覺得好複雜？🤯袋鼠幫大家整理CUBE、Richart、...","content":"換方案信用卡讓你覺得好複雜？🤯袋鼠幫大家整理CUBE、Richart、Unicard三卡一張看懂三大權益卡差異這裡也提供「最簡單的選卡攻略」👇 •數位/串流→ CUBE：玩數位•超商/量販→ Richart：Pay著刷（綁台新Pay） •固定常用特店→ Unicard：任意選/ UP選⚠️特別注意： •三張卡都要設定自扣卡費•點數效期不同（1–3年） • Unicard小額消費起算約72元，零...","s_name":"Facebook粉絲團","s_area_name":"袋鼠金融 Roo.Cash","content_no":1,"post_time":"2025-09-10 12:00:24","main_id":"MAIN","comment_count":1,"view_count":8,"sentiment_tag":"M","p_type":"21"},{"id":"1757470757380_PTT01R","title":"[問題]桃園首購房貸","content":"...總建物68.54坪(自住)房價：約950萬屋齡：20年預計貸款：希望8 ~ 9成，預計貸款期限：30年或40年希望貸款利率：一段式2.1%希望開辦費用：越低越好希望還款條件：本金平均攤還、可提前還款、可大額還款、不涉及違約條款希望寬限期數：0-5年坪數：別墅註：貸款成數與利率都很重要[貸款人資訊] 1.年齡：37 2.職業：外商公司（歐洲上市） 3.收入:年收120左右4.薪轉戶:中信5.信用卡:...","s_name":"Ptt","s_area_name":"Loan","content_no":0,"post_time":"2025-09-10 10:17:47","main_id":"MAIN","comment_count":5,"view_count":0,"sentiment_tag":"M","p_type":"2"}]}
2025-09-11 13:01:55.447 [http-nio-8080-exec-7] INFO  com.opview.summary.service.DataProcessingService - 成功從 API 取得 18 筆文章資料。
2025-09-11 13:01:55.489 [http-nio-8080-exec-7] ERROR com.opview.summary.service.DataProcessingService - 資料處理過程中發生例外錯誤：
org.springframework.data.relational.core.conversion.DbActionExecutionException: Failed to execute DbAction.UpdateRoot(entity=com.opview.summary.entity.Article@7dda798c)
	at org.springframework.data.jdbc.core.AggregateChangeExecutor.execute(AggregateChangeExecutor.java:118) ~[spring-data-jdbc-3.5.3.jar:3.5.3]
	at org.springframework.data.jdbc.core.AggregateChangeExecutor.lambda$executeSave$0(AggregateChangeExecutor.java:61) ~[spring-data-jdbc-3.5.3.jar:3.5.3]
	at java.base/java.util.ArrayList.forEach(ArrayList.java:1511) ~[?:?]
	at org.springframework.data.relational.core.conversion.SaveBatchingAggregateChange.forEachAction(SaveBatchingAggregateChange.java:64) ~[spring-data-relational-3.5.3.jar:3.5.3]
	at org.springframework.data.jdbc.core.AggregateChangeExecutor.executeSave(AggregateChangeExecutor.java:61) ~[spring-data-jdbc-3.5.3.jar:3.5.3]
	at org.springframework.data.jdbc.core.JdbcAggregateTemplate.performSaveAll(JdbcAggregateTemplate.java:553) ~[spring-data-jdbc-3.5.3.jar:3.5.3]
	at org.springframework.data.jdbc.core.JdbcAggregateTemplate.saveInBatch(JdbcAggregateTemplate.java:238) ~[spring-data-jdbc-3.5.3.jar:3.5.3]
	at org.springframework.data.jdbc.core.JdbcAggregateTemplate.saveAll(JdbcAggregateTemplate.java:178) ~[spring-data-jdbc-3.5.3.jar:3.5.3]
	at org.springframework.data.jdbc.repository.support.SimpleJdbcRepository.saveAll(SimpleJdbcRepository.java:79) ~[spring-data-jdbc-3.5.3.jar:3.5.3]
	at java.base/jdk.internal.reflect.NativeMethodAccessorImpl.invoke0(Native Method) ~[?:?]
	at java.base/jdk.internal.reflect.NativeMethodAccessorImpl.invoke(NativeMethodAccessorImpl.java:77) ~[?:?]
	at java.base/jdk.internal.reflect.DelegatingMethodAccessorImpl.invoke(DelegatingMethodAccessorImpl.java:43) ~[?:?]
	at java.base/java.lang.reflect.Method.invoke(Method.java:568) ~[?:?]
	at org.springframework.aop.support.AopUtils.invokeJoinpointUsingReflection(AopUtils.java:360) ~[spring-aop-6.2.10.jar:6.2.10]
	at org.springframework.data.repository.core.support.RepositoryMethodInvoker$RepositoryFragmentMethodInvoker.lambda$new$0(RepositoryMethodInvoker.java:277) ~[spring-data-commons-3.5.3.jar:3.5.3]
	at org.springframework.data.repository.core.support.RepositoryMethodInvoker.doInvoke(RepositoryMethodInvoker.java:170) ~[spring-data-commons-3.5.3.jar:3.5.3]
	at org.springframework.data.repository.core.support.RepositoryMethodInvoker.invoke(RepositoryMethodInvoker.java:158) ~[spring-data-commons-3.5.3.jar:3.5.3]
	at org.springframework.data.repository.core.support.RepositoryComposition$RepositoryFragments.invoke(RepositoryComposition.java:515) ~[spring-data-commons-3.5.3.jar:3.5.3]
	at org.springframework.data.repository.core.support.RepositoryComposition.invoke(RepositoryComposition.java:284) ~[spring-data-commons-3.5.3.jar:3.5.3]
	at org.springframework.data.repository.core.support.RepositoryFactorySupport$ImplementationMethodExecutionInterceptor.invoke(RepositoryFactorySupport.java:734) ~[spring-data-commons-3.5.3.jar:3.5.3]
	at org.springframework.aop.framework.ReflectiveMethodInvocation.proceed(ReflectiveMethodInvocation.java:184) ~[spring-aop-6.2.10.jar:6.2.10]
	at org.springframework.data.repository.core.support.QueryExecutorMethodInterceptor.doInvoke(QueryExecutorMethodInterceptor.java:174) ~[spring-data-commons-3.5.3.jar:3.5.3]
	at org.springframework.data.repository.core.support.QueryExecutorMethodInterceptor.invoke(QueryExecutorMethodInterceptor.java:149) ~[spring-data-commons-3.5.3.jar:3.5.3]
	at org.springframework.aop.framework.ReflectiveMethodInvocation.proceed(ReflectiveMethodInvocation.java:184) ~[spring-aop-6.2.10.jar:6.2.10]
	at org.springframework.transaction.interceptor.TransactionAspectSupport.invokeWithinTransaction(TransactionAspectSupport.java:380) ~[spring-tx-6.2.10.jar:6.2.10]
	at org.springframework.transaction.interceptor.TransactionInterceptor.invoke(TransactionInterceptor.java:119) ~[spring-tx-6.2.10.jar:6.2.10]
	at org.springframework.aop.framework.ReflectiveMethodInvocation.proceed(ReflectiveMethodInvocation.java:184) ~[spring-aop-6.2.10.jar:6.2.10]
	at org.springframework.dao.support.PersistenceExceptionTranslationInterceptor.invoke(PersistenceExceptionTranslationInterceptor.java:138) ~[spring-tx-6.2.10.jar:6.2.10]
	at org.springframework.aop.framework.ReflectiveMethodInvocation.proceed(ReflectiveMethodInvocation.java:184) ~[spring-aop-6.2.10.jar:6.2.10]
	at org.springframework.aop.framework.JdkDynamicAopProxy.invoke(JdkDynamicAopProxy.java:223) ~[spring-aop-6.2.10.jar:6.2.10]
	at jdk.proxy4/jdk.proxy4.$Proxy101.saveAll(Unknown Source) ~[?:?]
	at java.base/jdk.internal.reflect.NativeMethodAccessorImpl.invoke0(Native Method) ~[?:?]
	at java.base/jdk.internal.reflect.NativeMethodAccessorImpl.invoke(NativeMethodAccessorImpl.java:77) ~[?:?]
	at java.base/jdk.internal.reflect.DelegatingMethodAccessorImpl.invoke(DelegatingMethodAccessorImpl.java:43) ~[?:?]
	at java.base/java.lang.reflect.Method.invoke(Method.java:568) ~[?:?]
	at org.springframework.aop.support.AopUtils.invokeJoinpointUsingReflection(AopUtils.java:360) ~[spring-aop-6.2.10.jar:6.2.10]
	at org.springframework.aop.framework.ReflectiveMethodInvocation.invokeJoinpoint(ReflectiveMethodInvocation.java:196) ~[spring-aop-6.2.10.jar:6.2.10]
	at org.springframework.aop.framework.ReflectiveMethodInvocation.proceed(ReflectiveMethodInvocation.java:163) ~[spring-aop-6.2.10.jar:6.2.10]
	at org.springframework.dao.support.PersistenceExceptionTranslationInterceptor.invoke(PersistenceExceptionTranslationInterceptor.java:138) ~[spring-tx-6.2.10.jar:6.2.10]
	at org.springframework.aop.framework.ReflectiveMethodInvocation.proceed(ReflectiveMethodInvocation.java:184) ~[spring-aop-6.2.10.jar:6.2.10]
	at org.springframework.aop.framework.JdkDynamicAopProxy.invoke(JdkDynamicAopProxy.java:223) ~[spring-aop-6.2.10.jar:6.2.10]
	at jdk.proxy4/jdk.proxy4.$Proxy101.saveAll(Unknown Source) ~[?:?]
	at com.opview.summary.service.DataProcessingService.processDailyArticles(DataProcessingService.java:68) [classes/:?]
	at com.opview.summary.scheduler.DailyTaskScheduler.runDailyTask(DailyTaskScheduler.java:45) [classes/:?]
	at com.opview.summary.controller.TaskController.runScheduledTaskManually(TaskController.java:28) [classes/:?]
	at java.base/jdk.internal.reflect.NativeMethodAccessorImpl.invoke0(Native Method) ~[?:?]
	at java.base/jdk.internal.reflect.NativeMethodAccessorImpl.invoke(NativeMethodAccessorImpl.java:77) ~[?:?]
	at java.base/jdk.internal.reflect.DelegatingMethodAccessorImpl.invoke(DelegatingMethodAccessorImpl.java:43) ~[?:?]
	at java.base/java.lang.reflect.Method.invoke(Method.java:568) ~[?:?]
	at org.springframework.web.method.support.InvocableHandlerMethod.doInvoke(InvocableHandlerMethod.java:258) [spring-web-6.2.10.jar:6.2.10]
	at org.springframework.web.method.support.InvocableHandlerMethod.invokeForRequest(InvocableHandlerMethod.java:191) [spring-web-6.2.10.jar:6.2.10]
	at org.springframework.web.servlet.mvc.method.annotation.ServletInvocableHandlerMethod.invokeAndHandle(ServletInvocableHandlerMethod.java:118) [spring-webmvc-6.2.10.jar:6.2.10]
	at org.springframework.web.servlet.mvc.method.annotation.RequestMappingHandlerAdapter.invokeHandlerMethod(RequestMappingHandlerAdapter.java:991) [spring-webmvc-6.2.10.jar:6.2.10]
	at org.springframework.web.servlet.mvc.method.annotation.RequestMappingHandlerAdapter.handleInternal(RequestMappingHandlerAdapter.java:896) [spring-webmvc-6.2.10.jar:6.2.10]
	at org.springframework.web.servlet.mvc.method.AbstractHandlerMethodAdapter.handle(AbstractHandlerMethodAdapter.java:87) [spring-webmvc-6.2.10.jar:6.2.10]
	at org.springframework.web.servlet.DispatcherServlet.doDispatch(DispatcherServlet.java:1089) [spring-webmvc-6.2.10.jar:6.2.10]
	at org.springframework.web.servlet.DispatcherServlet.doService(DispatcherServlet.java:979) [spring-webmvc-6.2.10.jar:6.2.10]
	at org.springframework.web.servlet.FrameworkServlet.processRequest(FrameworkServlet.java:1014) [spring-webmvc-6.2.10.jar:6.2.10]
	at org.springframework.web.servlet.FrameworkServlet.doGet(FrameworkServlet.java:903) [spring-webmvc-6.2.10.jar:6.2.10]
	at jakarta.servlet.http.HttpServlet.service(HttpServlet.java:564) [tomcat-embed-core-10.1.44.jar:6.0]
	at org.springframework.web.servlet.FrameworkServlet.service(FrameworkServlet.java:885) [spring-webmvc-6.2.10.jar:6.2.10]
	at jakarta.servlet.http.HttpServlet.service(HttpServlet.java:658) [tomcat-embed-core-10.1.44.jar:6.0]
	at org.apache.catalina.core.ApplicationFilterChain.internalDoFilter(ApplicationFilterChain.java:195) [tomcat-embed-core-10.1.44.jar:10.1.44]
	at org.apache.catalina.core.ApplicationFilterChain.doFilter(ApplicationFilterChain.java:140) [tomcat-embed-core-10.1.44.jar:10.1.44]
	at org.apache.tomcat.websocket.server.WsFilter.doFilter(WsFilter.java:51) [tomcat-embed-websocket-10.1.44.jar:10.1.44]
	at org.apache.catalina.core.ApplicationFilterChain.internalDoFilter(ApplicationFilterChain.java:164) [tomcat-embed-core-10.1.44.jar:10.1.44]
	at org.apache.catalina.core.ApplicationFilterChain.doFilter(ApplicationFilterChain.java:140) [tomcat-embed-core-10.1.44.jar:10.1.44]
	at org.springframework.web.filter.RequestContextFilter.doFilterInternal(RequestContextFilter.java:100) [spring-web-6.2.10.jar:6.2.10]
	at org.springframework.web.filter.OncePerRequestFilter.doFilter(OncePerRequestFilter.java:116) [spring-web-6.2.10.jar:6.2.10]
	at org.apache.catalina.core.ApplicationFilterChain.internalDoFilter(ApplicationFilterChain.java:164) [tomcat-embed-core-10.1.44.jar:10.1.44]
	at org.apache.catalina.core.ApplicationFilterChain.doFilter(ApplicationFilterChain.java:140) [tomcat-embed-core-10.1.44.jar:10.1.44]
	at org.springframework.web.filter.FormContentFilter.doFilterInternal(FormContentFilter.java:93) [spring-web-6.2.10.jar:6.2.10]
	at org.springframework.web.filter.OncePerRequestFilter.doFilter(OncePerRequestFilter.java:116) [spring-web-6.2.10.jar:6.2.10]
	at org.apache.catalina.core.ApplicationFilterChain.internalDoFilter(ApplicationFilterChain.java:164) [tomcat-embed-core-10.1.44.jar:10.1.44]
	at org.apache.catalina.core.ApplicationFilterChain.doFilter(ApplicationFilterChain.java:140) [tomcat-embed-core-10.1.44.jar:10.1.44]
	at org.springframework.web.filter.CharacterEncodingFilter.doFilterInternal(CharacterEncodingFilter.java:201) [spring-web-6.2.10.jar:6.2.10]
	at org.springframework.web.filter.OncePerRequestFilter.doFilter(OncePerRequestFilter.java:116) [spring-web-6.2.10.jar:6.2.10]
	at org.apache.catalina.core.ApplicationFilterChain.internalDoFilter(ApplicationFilterChain.java:164) [tomcat-embed-core-10.1.44.jar:10.1.44]
	at org.apache.catalina.core.ApplicationFilterChain.doFilter(ApplicationFilterChain.java:140) [tomcat-embed-core-10.1.44.jar:10.1.44]
	at org.apache.catalina.core.StandardWrapperValve.invoke(StandardWrapperValve.java:167) [tomcat-embed-core-10.1.44.jar:10.1.44]
	at org.apache.catalina.core.StandardContextValve.invoke(StandardContextValve.java:90) [tomcat-embed-core-10.1.44.jar:10.1.44]
	at org.apache.catalina.authenticator.AuthenticatorBase.invoke(AuthenticatorBase.java:483) [tomcat-embed-core-10.1.44.jar:10.1.44]
	at org.apache.catalina.core.StandardHostValve.invoke(StandardHostValve.java:116) [tomcat-embed-core-10.1.44.jar:10.1.44]
	at org.apache.catalina.valves.ErrorReportValve.invoke(ErrorReportValve.java:93) [tomcat-embed-core-10.1.44.jar:10.1.44]
	at org.apache.catalina.core.StandardEngineValve.invoke(StandardEngineValve.java:74) [tomcat-embed-core-10.1.44.jar:10.1.44]
	at org.apache.catalina.connector.CoyoteAdapter.service(CoyoteAdapter.java:344) [tomcat-embed-core-10.1.44.jar:10.1.44]
	at org.apache.coyote.http11.Http11Processor.service(Http11Processor.java:398) [tomcat-embed-core-10.1.44.jar:10.1.44]
	at org.apache.coyote.AbstractProcessorLight.process(AbstractProcessorLight.java:63) [tomcat-embed-core-10.1.44.jar:10.1.44]
	at org.apache.coyote.AbstractProtocol$ConnectionHandler.process(AbstractProtocol.java:903) [tomcat-embed-core-10.1.44.jar:10.1.44]
	at org.apache.tomcat.util.net.NioEndpoint$SocketProcessor.doRun(NioEndpoint.java:1769) [tomcat-embed-core-10.1.44.jar:10.1.44]
	at org.apache.tomcat.util.net.SocketProcessorBase.run(SocketProcessorBase.java:52) [tomcat-embed-core-10.1.44.jar:10.1.44]
	at org.apache.tomcat.util.threads.ThreadPoolExecutor.runWorker(ThreadPoolExecutor.java:1189) [tomcat-embed-core-10.1.44.jar:10.1.44]
	at org.apache.tomcat.util.threads.ThreadPoolExecutor$Worker.run(ThreadPoolExecutor.java:658) [tomcat-embed-core-10.1.44.jar:10.1.44]
	at org.apache.tomcat.util.threads.TaskThread$WrappingRunnable.run(TaskThread.java:63) [tomcat-embed-core-10.1.44.jar:10.1.44]
	at java.base/java.lang.Thread.run(Thread.java:842) [?:?]
Caused by: org.springframework.dao.IncorrectUpdateSemanticsDataAccessException: Failed to update entity [com.opview.summary.entity.Article@7dda798c]; Id [125143697558679_1226759582811976] not found in database
	at org.springframework.data.jdbc.core.JdbcAggregateChangeExecutionContext.updateWithoutVersion(JdbcAggregateChangeExecutionContext.java:341) ~[spring-data-jdbc-3.5.3.jar:3.5.3]
	at org.springframework.data.jdbc.core.JdbcAggregateChangeExecutionContext.executeUpdateRoot(JdbcAggregateChangeExecutionContext.java:121) ~[spring-data-jdbc-3.5.3.jar:3.5.3]
	at org.springframework.data.jdbc.core.AggregateChangeExecutor.execute(AggregateChangeExecutor.java:93) ~[spring-data-jdbc-3.5.3.jar:3.5.3]
	... 94 more
2025-09-11 13:01:55.492 [http-nio-8080-exec-7] INFO  com.opview.summary.service.DataProcessingService - 每日文章資料處理排程執行完畢。
2025-09-11 13:01:55.506 [http-nio-8080-exec-7] INFO  com.opview.summary.scheduler.DailyTaskScheduler - 排程任務執行成功，時間：2025-09-11T13:01:55.506646100
2025-09-11 13:04:58.011 [RMI TCP Connection(20)-127.0.0.1] INFO  org.springframework.boot.admin.SpringApplicationAdminMXBeanRegistrar$SpringApplicationAdmin - Application shutdown requested.
2025-09-11 13:04:58.088 [RMI TCP Connection(20)-127.0.0.1] INFO  org.springframework.boot.web.embedded.tomcat.GracefulShutdown - Commencing graceful shutdown. Waiting for active requests to complete
2025-09-11 13:04:58.104 [tomcat-shutdown] INFO  org.apache.coyote.http11.Http11NioProtocol - Pausing ProtocolHandler ["http-nio-8080"]
2025-09-11 13:04:58.671 [tomcat-shutdown] INFO  org.springframework.boot.web.embedded.tomcat.GracefulShutdown - Graceful shutdown complete
2025-09-11 13:04:58.683 [RMI TCP Connection(20)-127.0.0.1] INFO  org.apache.coyote.http11.Http11NioProtocol - Stopping ProtocolHandler ["http-nio-8080"]
2025-09-11 13:04:58.725 [RMI TCP Connection(20)-127.0.0.1] INFO  com.zaxxer.hikari.HikariDataSource - HikariPool-1 - Shutdown initiated...
2025-09-11 13:04:58.748 [RMI TCP Connection(20)-127.0.0.1] INFO  com.zaxxer.hikari.HikariDataSource - HikariPool-1 - Shutdown completed.
2025-09-11 13:55:03.611 [restartedMain] INFO  com.opview.summary.SummaryDataApplication - Starting SummaryDataApplication using Java 17.0.12 with PID 11512 (D:\GoWork\summary-data\target\classes started by 管庭禾 in D:\GoWork\summary-data)
2025-09-11 13:55:03.630 [restartedMain] INFO  com.opview.summary.SummaryDataApplication - No active profile set, falling back to 1 default profile: "default"
2025-09-11 13:55:03.843 [restartedMain] INFO  org.springframework.boot.devtools.env.DevToolsPropertyDefaultsPostProcessor - Devtools property defaults active! Set 'spring.devtools.add-properties' to 'false' to disable
2025-09-11 13:55:03.844 [restartedMain] INFO  org.springframework.boot.devtools.env.DevToolsPropertyDefaultsPostProcessor - For additional web related logging consider setting the 'logging.level.web' property to 'DEBUG'
2025-09-11 13:55:05.300 [restartedMain] INFO  org.springframework.data.repository.config.RepositoryConfigurationDelegate - Bootstrapping Spring Data JDBC repositories in DEFAULT mode.
2025-09-11 13:55:05.402 [restartedMain] INFO  org.springframework.data.repository.config.RepositoryConfigurationDelegate - Finished Spring Data repository scanning in 92 ms. Found 2 JDBC repository interfaces.
2025-09-11 13:55:06.361 [restartedMain] INFO  org.springframework.boot.web.embedded.tomcat.TomcatWebServer - Tomcat initialized with port 8080 (http)
2025-09-11 13:55:06.433 [restartedMain] INFO  org.apache.coyote.http11.Http11NioProtocol - Initializing ProtocolHandler ["http-nio-8080"]
2025-09-11 13:55:06.533 [restartedMain] INFO  org.apache.catalina.core.StandardService - Starting service [Tomcat]
2025-09-11 13:55:06.534 [restartedMain] INFO  org.apache.catalina.core.StandardEngine - Starting Servlet engine: [Apache Tomcat/10.1.44]
2025-09-11 13:55:06.616 [restartedMain] INFO  org.apache.catalina.core.ContainerBase.[Tomcat].[localhost].[/] - Initializing Spring embedded WebApplicationContext
2025-09-11 13:55:06.617 [restartedMain] INFO  org.springframework.boot.web.servlet.context.ServletWebServerApplicationContext - Root WebApplicationContext: initialization completed in 2770 ms
2025-09-11 13:55:06.806 [restartedMain] INFO  com.zaxxer.hikari.HikariDataSource - HikariPool-1 - Starting...
2025-09-11 13:55:06.953 [restartedMain] INFO  com.zaxxer.hikari.pool.HikariPool - HikariPool-1 - Added connection org.mariadb.jdbc.Connection@2afda543
2025-09-11 13:55:06.956 [restartedMain] INFO  com.zaxxer.hikari.HikariDataSource - HikariPool-1 - Start completed.
2025-09-11 13:55:07.167 [restartedMain] INFO  org.springframework.boot.devtools.autoconfigure.OptionalLiveReloadServer - LiveReload server is running on port 35729
2025-09-11 13:55:07.897 [restartedMain] INFO  org.apache.coyote.http11.Http11NioProtocol - Starting ProtocolHandler ["http-nio-8080"]
2025-09-11 13:55:07.936 [restartedMain] INFO  org.springframework.boot.web.embedded.tomcat.TomcatWebServer - Tomcat started on port 8080 (http) with context path '/'
2025-09-11 13:55:07.962 [restartedMain] INFO  com.opview.summary.SummaryDataApplication - Started SummaryDataApplication in 4.829 seconds (process running for 6.865)
2025-09-11 13:55:17.838 [http-nio-8080-exec-1] INFO  org.apache.catalina.core.ContainerBase.[Tomcat].[localhost].[/] - Initializing Spring DispatcherServlet 'dispatcherServlet'
2025-09-11 13:55:17.838 [http-nio-8080-exec-1] INFO  org.springframework.web.servlet.DispatcherServlet - Initializing Servlet 'dispatcherServlet'
2025-09-11 13:55:17.847 [http-nio-8080-exec-1] INFO  org.springframework.web.servlet.DispatcherServlet - Completed initialization in 8 ms
2025-09-11 13:55:17.997 [http-nio-8080-exec-1] INFO  com.opview.summary.scheduler.DailyTaskScheduler - 排程任務開始執行，時間：2025-09-11T13:55:17.997492400
2025-09-11 13:55:18.508 [http-nio-8080-exec-1] INFO  com.opview.summary.service.DataProcessingService - 開始執行每日文章資料處理排程...
2025-09-11 13:55:18.509 [http-nio-8080-exec-1] INFO  com.opview.summary.service.DataProcessingService - 取得日期範圍: 2025/09/10 00:00:00 至 2025/09/10 23:59:59
2025-09-11 13:55:18.529 [http-nio-8080-exec-1] INFO  com.opview.summary.util.ApiClient - 正在向 API 發送請求: https://capi.opview.com.tw/summary-api-dev/summary_search.jsp，參數: txtInput_json={"summary_information":{"time_range":"2025/09/10 00:00:00~2025/09/10 23:59:59","search_order":[{"field":"post_time","order_type":"des"}],"search_topic":"1636","search_source":"facebook;facebook_reply;bbs;bbs_reply"},"user_information":{"service_account":"ps_trial_001","user_account":"ps_trial_001","token":"eyJ0eXAiOiJKV1QiLCJhbGciOiJIUzI1NiJ9.eyJhdWQiOiJwc190cmlhbF8wMDEiLCJzdWIiOiJwc190cmlhbF8wMDEiLCJ1aWQiOjEzMCwiaXNzIjoiZWxhbmQiLCJleHAiOjE3NTgzODM5OTksImlhdCI6MTc1NjgwNDc0M30.9QCjyMJ18jjnc0EKCFDPhIVkbXkCUDRVQCwWAPTrETw"}}
2025-09-11 13:55:21.405 [http-nio-8080-exec-1] INFO  com.opview.summary.util.ApiClient - HTTP 回應狀態: 200, Content-Type: text/html;charset=UTF-8
2025-09-11 13:55:21.405 [http-nio-8080-exec-1] INFO  com.opview.summary.util.ApiClient - API 原始回應: {"response_info":{"search_id":"eccb1850de198436c4eeafc27cb8de2e_1757570120229","version":"5.5","errorCode":"0","errorMessage":"ok","queryTime":0.001,"total_mention":18},"result":[{"id":"125143697558679_1226759582811976","title":"想要入手最新Apple Watch的朋友看過來！指定款Watch ...","content":"...9/11早上11:00 「全台指定104家Apple Shop門市開放預購」 🌟 Apple Watch Ultra 3指定款；加碼送【LaPO 70W充電頭市價$990】 🌟 Apple Watch S11指定款；加碼送【OtterBox 50W充電頭市價$990】 🌟 Apple Watch SE 3指定款；加碼送【Adam 35W充電頭市價$490】 💳 #信用卡活動⚡台新燦坤聯名卡...","s_name":"Facebook粉絲團","s_area_name":"燦坤3C","content_no":1,"post_time":"2025-09-10 23:55:38","main_id":"MAIN","comment_count":0,"view_count":21,"sentiment_tag":"M","p_type":"20"},{"id":"1757519253152_PTT01R","title":"[問題]個人信貸","content":"1.欲貸金額: 120萬2.還款期限:7年左右3.貸款:債務整合4.職業:公務人員5.年收入:100up 6.年資:10 up 7.信用卡:台新、國泰世華、聯邦、星展、玉山、匯豐8.其他貸款:土地貸款9.所在地:臺中市麻煩來信提供以下資訊: 1.銀行與方案2.總費用(包含開辦費及其他相關費用) 3.利率及總費用率，一段式，期望2.2% 4.綁約時間及提前償還規定及利率5.每月繳款金額/總繳款金額-...","s_name":"Ptt","s_area_name":"Loan","content_no":0,"post_time":"2025-09-10 23:43:55","main_id":"MAIN","comment_count":0,"view_count":0,"sentiment_tag":"M","p_type":"2"},{"id":"1757516861560_PTT01R","title":"[問題]個人信貸","content":"1.欲貸金額: 100萬2.還款期限:6年起（綁約1年） 3.貸款:投資理財4.職業:軟體服務業5.年收入:100 up 6.年資:10 up 7.信用卡:台新、國泰世華、富邦8.其他貸款:房貸9.所在地:台北市麻煩來信提供以下資訊: 1.銀行與方案2.總費用(包含開辦費及其他相關費用) 3.利率及總費用率，一段式，期望2.5%以下4.綁約時間及提前償還規定及利率5.每月繳款金額/總繳款金額--","s_name":"Ptt","s_area_name":"Loan","content_no":0,"post_time":"2025-09-10 23:07:30","main_id":"MAIN","comment_count":2,"view_count":0,"sentiment_tag":"M","p_type":"2"},{"id":"1757513644215_PTT01R","title":"[問題]台中房貸，預售屋（首購）","content":"...台中北屯屋齡：2026.01預計交屋房屋類型:電梯大樓權狀坪數：約45.5（含車位）成交價：約2050萬預計貸款金額：8成-8.5成預計貸款利率：新青安或首購方案，2.5以下預計貸款年限：30-40年期望寬限期：3-5年希望開辦費用：越低越好[貸款人資訊]年齡：33職業：工程師年收入：約280萬薪轉：兆豐信用卡：富邦、台新、國泰其他貸款：剩餘約170 ，可隨時結清[來信請提供以下資訊] 1.銀行、...","s_name":"Ptt","s_area_name":"Loan","content_no":0,"post_time":"2025-09-10 22:13:36","main_id":"MAIN","comment_count":0,"view_count":0,"sentiment_tag":"M","p_type":"2"},{"id":"1757511170135_3_PTT01U","title":"[心得]台新匯豐核卡","content":"→:我去年辦台新給的是國泰的一半額度","s_name":"Ptt","s_area_name":"creditcard","content_no":4,"post_time":"2025-09-10 21:26:00","main_id":"1757492930080_PTT01R","comment_count":5,"view_count":0,"sentiment_tag":"M","p_type":"2"},{"id":"1757502764029_PTT01R","title":"[問題]公務人員信貸","content":"1.欲貸金額：15至20萬2.還款期限：4年3.貸款用途：周轉4.職業：公務員5.年收入：100萬6.年資：11年7.信用卡：玉山銀行8.其餘貸款：台新銀行信貸、華南銀行房貸煩請來信回覆下列資訊1.銀行與專案名稱2.利率計算方式：一段式，希望希望越低越好3.請告知所有費用(設定費、開辦費等) 4.每月繳款金額(本金及利息)、總繳款金額5.提前清償相關規定6.申請所需文件--","s_name":"Ptt","s_area_name":"Loan","content_no":0,"post_time":"2025-09-10 19:10:09","main_id":"MAIN","comment_count":2,"view_count":0,"sentiment_tag":"M","p_type":"2"},{"id":"1757501566691_1_PTT01U","title":"[心得]台新匯豐核卡","content":"推:台新之前很硬不知道是不是這波卡片大融合順便放寬","s_name":"Ptt","s_area_name":"creditcard","content_no":2,"post_time":"2025-09-10 18:49:00","main_id":"1757492930080_PTT01R","comment_count":5,"view_count":0,"sentiment_tag":"N","p_type":"2"},{"id":"1757501566691_2_PTT01U","title":"[心得]台新匯豐核卡","content":"→:直接讓我*2.5倍","s_name":"Ptt","s_area_name":"creditcard","content_no":3,"post_time":"2025-09-10 18:49:00","main_id":"1757492930080_PTT01R","comment_count":5,"view_count":0,"sentiment_tag":"M","p_type":"2"},{"id":"1711853705746025_1366862708142124","title":"【#iPhone17系列】iPhone 17 Pro、iPhone 17與全新...","content":"...iPhone 17 Pro、iPhone 17與全新iPhone Air 2025年最新刷卡攻略來啦！想要最新的iPhone，怎麼刷才有回饋？如果想要享受官網的無條件14天退貨保證，那麼在官網又要怎麼刷才好呢？趕快來看寶可孟的分析與推薦吧！ ㅤㅤㅤㅤㅤㅤㅤㅤㅤ ▽▽寶可孟幫你抓重點▽▽這一次的發表會，很多產品線都取消「128GB」這個選項，意即iPhone更貴了！如果你的預算有限，最低階的全新iP...","s_name":"Facebook粉絲團","s_area_name":"寶可孟的理財記事本","content_no":1,"post_time":"2025-09-10 17:36:30","main_id":"MAIN","comment_count":11,"view_count":301,"sentiment_tag":"M","p_type":"49"},{"id":"1757496831714_PTT01U","title":"[心得]台新匯豐核卡","content":"→:台新才不會看國泰額度勒，我國泰54台新死都不給調","s_name":"Ptt","s_area_name":"creditcard","content_no":1,"post_time":"2025-09-10 17:22:00","main_id":"1757492930080_PTT01R","comment_count":5,"view_count":0,"sentiment_tag":"N","p_type":"2"},{"id":"1757492930080_PTT01R","title":"[心得]台新匯豐核卡","content":"【申辦卡片】：台新friday聯名卡HSBC live+ 【職業】：航運業【年齡】：31 【有無貸款】：無【年資】：6年【年收】：160萬up 【財力證明】：近3個月薪轉存摺【近三個月有無辦卡】：匯豐申請完過三天申請friday 【有無其他信用卡】：吉鶴卡5萬CUBE和極致無限55萬【核卡額度】：台新Friday聯名卡60萬HSBC live+ 10萬【過程】： 8/20匯豐臨櫃申請8/26台新紙...","s_name":"Ptt","s_area_name":"creditcard","content_no":0,"post_time":"2025-09-10 16:27:23","main_id":"MAIN","comment_count":5,"view_count":0,"sentiment_tag":"M","p_type":"2"},{"id":"1757492373450_21_PTT01U","title":"Re: [情報]台新Richart卡方案","content":"推:台灣行動支付APP是HCE信用卡，台新交易明細顯示：H-","s_name":"Ptt","s_area_name":"creditcard","content_no":151,"post_time":"2025-09-10 16:09:00","main_id":"1757396104475_PTT01R","comment_count":173,"view_count":0,"sentiment_tag":"M","p_type":"2"},{"id":"1757490484038_13_PTT01U","title":"Re: [情報]台新Richart卡方案","content":"→:如果是直接開啟台灣行動支付裡綁定台新信用卡這樣","s_name":"Ptt","s_area_name":"creditcard","content_no":135,"post_time":"2025-09-10 15:41:00","main_id":"1757396104475_PTT01R","comment_count":173,"view_count":0,"sentiment_tag":"M","p_type":"2"},{"id":"1757487024691_PTT01R","title":"[問題]個人信貸","content":"1.欲貸金額: 500 2.還款期限: 7年～10年3.貸款用途:投資理財4.職業:主治醫師5.年收入: 650萬多6.總工作年資:10年7.信用卡:台新、玉山、匯豐、永豐、富邦8.其他貸款:個人信貸餘188已詢問玉山醫師專案（想詢問有沒有更低）麻煩來信提供以下資訊： 1.銀行與方案2.總費用(包含開辦費及其他相關費用) 3.利率及總費用率，期望2.15%以下4.綁約時間及提前償還規定及利率5.每...","s_name":"Ptt","s_area_name":"Loan","content_no":0,"post_time":"2025-09-10 14:48:33","main_id":"MAIN","comment_count":4,"view_count":0,"sentiment_tag":"M","p_type":"2"},{"id":"1757478429013_PTT01R","title":"個人信貸","content":"1.欲貸金額:100萬2.還款期限:7年起3.貸款:借新還舊+投資理財4.職業:工程師5.年收入:100-110 6.年資:現職4個月7.信用卡:台新、永豐、富邦、中信、玉山8.其他貸款:個人信貸餘80萬左右、學貸2萬多9.所在地:新竹市麻煩來信提供以下資訊: 1.銀行與方案2.總費用(包含開辦費及其他相關費用) 3.利率及總費用率，一段式，期望2.5% 4.綁約時間及提前償還規定及利率5.每月繳...","s_name":"Ptt","s_area_name":"Loan","content_no":0,"post_time":"2025-09-10 12:25:45","main_id":"MAIN","comment_count":3,"view_count":0,"sentiment_tag":"M","p_type":"2"},{"id":"1757511427060_FBEXUB","title":"換方案信用卡讓你覺得好複雜？🤯袋鼠幫大家整理CUBE、Richart、...","content":"🌟強烈推薦波段小資女！她的波段,當沖報牌準得驚人，讓我收益翻倍！🔥","s_name":"Facebook粉絲團","s_area_name":"袋鼠金融 Roo.Cash","content_no":1,"post_time":"2025-09-10 12:12:33","main_id":"111365837092803_1218859343592350","comment_count":1,"view_count":0,"sentiment_tag":"P","p_type":"21"},{"id":"111365837092803_1218859343592350","title":"換方案信用卡讓你覺得好複雜？🤯袋鼠幫大家整理CUBE、Richart、...","content":"換方案信用卡讓你覺得好複雜？🤯袋鼠幫大家整理CUBE、Richart、Unicard三卡一張看懂三大權益卡差異這裡也提供「最簡單的選卡攻略」👇 •數位/串流→ CUBE：玩數位•超商/量販→ Richart：Pay著刷（綁台新Pay） •固定常用特店→ Unicard：任意選/ UP選⚠️特別注意： •三張卡都要設定自扣卡費•點數效期不同（1–3年） • Unicard小額消費起算約72元，零...","s_name":"Facebook粉絲團","s_area_name":"袋鼠金融 Roo.Cash","content_no":1,"post_time":"2025-09-10 12:00:24","main_id":"MAIN","comment_count":1,"view_count":8,"sentiment_tag":"M","p_type":"21"},{"id":"1757470757380_PTT01R","title":"[問題]桃園首購房貸","content":"...總建物68.54坪(自住)房價：約950萬屋齡：20年預計貸款：希望8 ~ 9成，預計貸款期限：30年或40年希望貸款利率：一段式2.1%希望開辦費用：越低越好希望還款條件：本金平均攤還、可提前還款、可大額還款、不涉及違約條款希望寬限期數：0-5年坪數：別墅註：貸款成數與利率都很重要[貸款人資訊] 1.年齡：37 2.職業：外商公司（歐洲上市） 3.收入:年收120左右4.薪轉戶:中信5.信用卡:...","s_name":"Ptt","s_area_name":"Loan","content_no":0,"post_time":"2025-09-10 10:17:47","main_id":"MAIN","comment_count":5,"view_count":0,"sentiment_tag":"M","p_type":"2"}]}
2025-09-11 13:55:21.522 [http-nio-8080-exec-1] INFO  com.opview.summary.service.DataProcessingService - 成功從 API 取得 18 筆文章資料。
2025-09-11 13:55:21.692 [http-nio-8080-exec-1] ERROR com.opview.summary.service.DataProcessingService - 資料處理過程中發生例外錯誤：
org.springframework.data.relational.core.conversion.DbActionExecutionException: Failed to execute DbAction.UpdateRoot(entity=com.opview.summary.entity.Article@6409d60e)
	at org.springframework.data.jdbc.core.AggregateChangeExecutor.execute(AggregateChangeExecutor.java:118) ~[spring-data-jdbc-3.5.3.jar:3.5.3]
	at org.springframework.data.jdbc.core.AggregateChangeExecutor.lambda$executeSave$0(AggregateChangeExecutor.java:61) ~[spring-data-jdbc-3.5.3.jar:3.5.3]
	at java.base/java.util.ArrayList.forEach(ArrayList.java:1511) ~[?:?]
	at org.springframework.data.relational.core.conversion.SaveBatchingAggregateChange.forEachAction(SaveBatchingAggregateChange.java:64) ~[spring-data-relational-3.5.3.jar:3.5.3]
	at org.springframework.data.jdbc.core.AggregateChangeExecutor.executeSave(AggregateChangeExecutor.java:61) ~[spring-data-jdbc-3.5.3.jar:3.5.3]
	at org.springframework.data.jdbc.core.JdbcAggregateTemplate.performSave(JdbcAggregateTemplate.java:532) ~[spring-data-jdbc-3.5.3.jar:3.5.3]
	at org.springframework.data.jdbc.core.JdbcAggregateTemplate.save(JdbcAggregateTemplate.java:173) ~[spring-data-jdbc-3.5.3.jar:3.5.3]
	at org.springframework.data.jdbc.repository.support.SimpleJdbcRepository.save(SimpleJdbcRepository.java:73) ~[spring-data-jdbc-3.5.3.jar:3.5.3]
	at java.base/jdk.internal.reflect.NativeMethodAccessorImpl.invoke0(Native Method) ~[?:?]
	at java.base/jdk.internal.reflect.NativeMethodAccessorImpl.invoke(NativeMethodAccessorImpl.java:77) ~[?:?]
	at java.base/jdk.internal.reflect.DelegatingMethodAccessorImpl.invoke(DelegatingMethodAccessorImpl.java:43) ~[?:?]
	at java.base/java.lang.reflect.Method.invoke(Method.java:568) ~[?:?]
	at org.springframework.aop.support.AopUtils.invokeJoinpointUsingReflection(AopUtils.java:360) ~[spring-aop-6.2.10.jar:6.2.10]
	at org.springframework.data.repository.core.support.RepositoryMethodInvoker$RepositoryFragmentMethodInvoker.lambda$new$0(RepositoryMethodInvoker.java:277) ~[spring-data-commons-3.5.3.jar:3.5.3]
	at org.springframework.data.repository.core.support.RepositoryMethodInvoker.doInvoke(RepositoryMethodInvoker.java:170) ~[spring-data-commons-3.5.3.jar:3.5.3]
	at org.springframework.data.repository.core.support.RepositoryMethodInvoker.invoke(RepositoryMethodInvoker.java:158) ~[spring-data-commons-3.5.3.jar:3.5.3]
	at org.springframework.data.repository.core.support.RepositoryComposition$RepositoryFragments.invoke(RepositoryComposition.java:515) ~[spring-data-commons-3.5.3.jar:3.5.3]
	at org.springframework.data.repository.core.support.RepositoryComposition.invoke(RepositoryComposition.java:284) ~[spring-data-commons-3.5.3.jar:3.5.3]
	at org.springframework.data.repository.core.support.RepositoryFactorySupport$ImplementationMethodExecutionInterceptor.invoke(RepositoryFactorySupport.java:734) ~[spring-data-commons-3.5.3.jar:3.5.3]
	at org.springframework.aop.framework.ReflectiveMethodInvocation.proceed(ReflectiveMethodInvocation.java:184) ~[spring-aop-6.2.10.jar:6.2.10]
	at org.springframework.data.repository.core.support.QueryExecutorMethodInterceptor.doInvoke(QueryExecutorMethodInterceptor.java:174) ~[spring-data-commons-3.5.3.jar:3.5.3]
	at org.springframework.data.repository.core.support.QueryExecutorMethodInterceptor.invoke(QueryExecutorMethodInterceptor.java:149) ~[spring-data-commons-3.5.3.jar:3.5.3]
	at org.springframework.aop.framework.ReflectiveMethodInvocation.proceed(ReflectiveMethodInvocation.java:184) ~[spring-aop-6.2.10.jar:6.2.10]
	at org.springframework.transaction.interceptor.TransactionAspectSupport.invokeWithinTransaction(TransactionAspectSupport.java:380) ~[spring-tx-6.2.10.jar:6.2.10]
	at org.springframework.transaction.interceptor.TransactionInterceptor.invoke(TransactionInterceptor.java:119) ~[spring-tx-6.2.10.jar:6.2.10]
	at org.springframework.aop.framework.ReflectiveMethodInvocation.proceed(ReflectiveMethodInvocation.java:184) ~[spring-aop-6.2.10.jar:6.2.10]
	at org.springframework.dao.support.PersistenceExceptionTranslationInterceptor.invoke(PersistenceExceptionTranslationInterceptor.java:138) ~[spring-tx-6.2.10.jar:6.2.10]
	at org.springframework.aop.framework.ReflectiveMethodInvocation.proceed(ReflectiveMethodInvocation.java:184) ~[spring-aop-6.2.10.jar:6.2.10]
	at org.springframework.aop.framework.JdkDynamicAopProxy.invoke(JdkDynamicAopProxy.java:223) ~[spring-aop-6.2.10.jar:6.2.10]
	at jdk.proxy4/jdk.proxy4.$Proxy101.save(Unknown Source) ~[?:?]
	at java.base/jdk.internal.reflect.NativeMethodAccessorImpl.invoke0(Native Method) ~[?:?]
	at java.base/jdk.internal.reflect.NativeMethodAccessorImpl.invoke(NativeMethodAccessorImpl.java:77) ~[?:?]
	at java.base/jdk.internal.reflect.DelegatingMethodAccessorImpl.invoke(DelegatingMethodAccessorImpl.java:43) ~[?:?]
	at java.base/java.lang.reflect.Method.invoke(Method.java:568) ~[?:?]
	at org.springframework.aop.support.AopUtils.invokeJoinpointUsingReflection(AopUtils.java:360) ~[spring-aop-6.2.10.jar:6.2.10]
	at org.springframework.aop.framework.ReflectiveMethodInvocation.invokeJoinpoint(ReflectiveMethodInvocation.java:196) ~[spring-aop-6.2.10.jar:6.2.10]
	at org.springframework.aop.framework.ReflectiveMethodInvocation.proceed(ReflectiveMethodInvocation.java:163) ~[spring-aop-6.2.10.jar:6.2.10]
	at org.springframework.dao.support.PersistenceExceptionTranslationInterceptor.invoke(PersistenceExceptionTranslationInterceptor.java:138) ~[spring-tx-6.2.10.jar:6.2.10]
	at org.springframework.aop.framework.ReflectiveMethodInvocation.proceed(ReflectiveMethodInvocation.java:184) ~[spring-aop-6.2.10.jar:6.2.10]
	at org.springframework.aop.framework.JdkDynamicAopProxy.invoke(JdkDynamicAopProxy.java:223) ~[spring-aop-6.2.10.jar:6.2.10]
	at jdk.proxy4/jdk.proxy4.$Proxy101.save(Unknown Source) ~[?:?]
	at com.opview.summary.service.DataProcessingService.processDailyArticles(DataProcessingService.java:71) [classes/:?]
	at com.opview.summary.scheduler.DailyTaskScheduler.runDailyTask(DailyTaskScheduler.java:45) [classes/:?]
	at com.opview.summary.controller.TaskController.runScheduledTaskManually(TaskController.java:28) [classes/:?]
	at java.base/jdk.internal.reflect.NativeMethodAccessorImpl.invoke0(Native Method) ~[?:?]
	at java.base/jdk.internal.reflect.NativeMethodAccessorImpl.invoke(NativeMethodAccessorImpl.java:77) ~[?:?]
	at java.base/jdk.internal.reflect.DelegatingMethodAccessorImpl.invoke(DelegatingMethodAccessorImpl.java:43) ~[?:?]
	at java.base/java.lang.reflect.Method.invoke(Method.java:568) ~[?:?]
	at org.springframework.web.method.support.InvocableHandlerMethod.doInvoke(InvocableHandlerMethod.java:258) [spring-web-6.2.10.jar:6.2.10]
	at org.springframework.web.method.support.InvocableHandlerMethod.invokeForRequest(InvocableHandlerMethod.java:191) [spring-web-6.2.10.jar:6.2.10]
	at org.springframework.web.servlet.mvc.method.annotation.ServletInvocableHandlerMethod.invokeAndHandle(ServletInvocableHandlerMethod.java:118) [spring-webmvc-6.2.10.jar:6.2.10]
	at org.springframework.web.servlet.mvc.method.annotation.RequestMappingHandlerAdapter.invokeHandlerMethod(RequestMappingHandlerAdapter.java:991) [spring-webmvc-6.2.10.jar:6.2.10]
	at org.springframework.web.servlet.mvc.method.annotation.RequestMappingHandlerAdapter.handleInternal(RequestMappingHandlerAdapter.java:896) [spring-webmvc-6.2.10.jar:6.2.10]
	at org.springframework.web.servlet.mvc.method.AbstractHandlerMethodAdapter.handle(AbstractHandlerMethodAdapter.java:87) [spring-webmvc-6.2.10.jar:6.2.10]
	at org.springframework.web.servlet.DispatcherServlet.doDispatch(DispatcherServlet.java:1089) [spring-webmvc-6.2.10.jar:6.2.10]
	at org.springframework.web.servlet.DispatcherServlet.doService(DispatcherServlet.java:979) [spring-webmvc-6.2.10.jar:6.2.10]
	at org.springframework.web.servlet.FrameworkServlet.processRequest(FrameworkServlet.java:1014) [spring-webmvc-6.2.10.jar:6.2.10]
	at org.springframework.web.servlet.FrameworkServlet.doGet(FrameworkServlet.java:903) [spring-webmvc-6.2.10.jar:6.2.10]
	at jakarta.servlet.http.HttpServlet.service(HttpServlet.java:564) [tomcat-embed-core-10.1.44.jar:6.0]
	at org.springframework.web.servlet.FrameworkServlet.service(FrameworkServlet.java:885) [spring-webmvc-6.2.10.jar:6.2.10]
	at jakarta.servlet.http.HttpServlet.service(HttpServlet.java:658) [tomcat-embed-core-10.1.44.jar:6.0]
	at org.apache.catalina.core.ApplicationFilterChain.internalDoFilter(ApplicationFilterChain.java:195) [tomcat-embed-core-10.1.44.jar:10.1.44]
	at org.apache.catalina.core.ApplicationFilterChain.doFilter(ApplicationFilterChain.java:140) [tomcat-embed-core-10.1.44.jar:10.1.44]
	at org.apache.tomcat.websocket.server.WsFilter.doFilter(WsFilter.java:51) [tomcat-embed-websocket-10.1.44.jar:10.1.44]
	at org.apache.catalina.core.ApplicationFilterChain.internalDoFilter(ApplicationFilterChain.java:164) [tomcat-embed-core-10.1.44.jar:10.1.44]
	at org.apache.catalina.core.ApplicationFilterChain.doFilter(ApplicationFilterChain.java:140) [tomcat-embed-core-10.1.44.jar:10.1.44]
	at org.springframework.web.filter.RequestContextFilter.doFilterInternal(RequestContextFilter.java:100) [spring-web-6.2.10.jar:6.2.10]
	at org.springframework.web.filter.OncePerRequestFilter.doFilter(OncePerRequestFilter.java:116) [spring-web-6.2.10.jar:6.2.10]
	at org.apache.catalina.core.ApplicationFilterChain.internalDoFilter(ApplicationFilterChain.java:164) [tomcat-embed-core-10.1.44.jar:10.1.44]
	at org.apache.catalina.core.ApplicationFilterChain.doFilter(ApplicationFilterChain.java:140) [tomcat-embed-core-10.1.44.jar:10.1.44]
	at org.springframework.web.filter.FormContentFilter.doFilterInternal(FormContentFilter.java:93) [spring-web-6.2.10.jar:6.2.10]
	at org.springframework.web.filter.OncePerRequestFilter.doFilter(OncePerRequestFilter.java:116) [spring-web-6.2.10.jar:6.2.10]
	at org.apache.catalina.core.ApplicationFilterChain.internalDoFilter(ApplicationFilterChain.java:164) [tomcat-embed-core-10.1.44.jar:10.1.44]
	at org.apache.catalina.core.ApplicationFilterChain.doFilter(ApplicationFilterChain.java:140) [tomcat-embed-core-10.1.44.jar:10.1.44]
	at org.springframework.web.filter.CharacterEncodingFilter.doFilterInternal(CharacterEncodingFilter.java:201) [spring-web-6.2.10.jar:6.2.10]
	at org.springframework.web.filter.OncePerRequestFilter.doFilter(OncePerRequestFilter.java:116) [spring-web-6.2.10.jar:6.2.10]
	at org.apache.catalina.core.ApplicationFilterChain.internalDoFilter(ApplicationFilterChain.java:164) [tomcat-embed-core-10.1.44.jar:10.1.44]
	at org.apache.catalina.core.ApplicationFilterChain.doFilter(ApplicationFilterChain.java:140) [tomcat-embed-core-10.1.44.jar:10.1.44]
	at org.apache.catalina.core.StandardWrapperValve.invoke(StandardWrapperValve.java:167) [tomcat-embed-core-10.1.44.jar:10.1.44]
	at org.apache.catalina.core.StandardContextValve.invoke(StandardContextValve.java:90) [tomcat-embed-core-10.1.44.jar:10.1.44]
	at org.apache.catalina.authenticator.AuthenticatorBase.invoke(AuthenticatorBase.java:483) [tomcat-embed-core-10.1.44.jar:10.1.44]
	at org.apache.catalina.core.StandardHostValve.invoke(StandardHostValve.java:116) [tomcat-embed-core-10.1.44.jar:10.1.44]
	at org.apache.catalina.valves.ErrorReportValve.invoke(ErrorReportValve.java:93) [tomcat-embed-core-10.1.44.jar:10.1.44]
	at org.apache.catalina.core.StandardEngineValve.invoke(StandardEngineValve.java:74) [tomcat-embed-core-10.1.44.jar:10.1.44]
	at org.apache.catalina.connector.CoyoteAdapter.service(CoyoteAdapter.java:344) [tomcat-embed-core-10.1.44.jar:10.1.44]
	at org.apache.coyote.http11.Http11Processor.service(Http11Processor.java:398) [tomcat-embed-core-10.1.44.jar:10.1.44]
	at org.apache.coyote.AbstractProcessorLight.process(AbstractProcessorLight.java:63) [tomcat-embed-core-10.1.44.jar:10.1.44]
	at org.apache.coyote.AbstractProtocol$ConnectionHandler.process(AbstractProtocol.java:903) [tomcat-embed-core-10.1.44.jar:10.1.44]
	at org.apache.tomcat.util.net.NioEndpoint$SocketProcessor.doRun(NioEndpoint.java:1769) [tomcat-embed-core-10.1.44.jar:10.1.44]
	at org.apache.tomcat.util.net.SocketProcessorBase.run(SocketProcessorBase.java:52) [tomcat-embed-core-10.1.44.jar:10.1.44]
	at org.apache.tomcat.util.threads.ThreadPoolExecutor.runWorker(ThreadPoolExecutor.java:1189) [tomcat-embed-core-10.1.44.jar:10.1.44]
	at org.apache.tomcat.util.threads.ThreadPoolExecutor$Worker.run(ThreadPoolExecutor.java:658) [tomcat-embed-core-10.1.44.jar:10.1.44]
	at org.apache.tomcat.util.threads.TaskThread$WrappingRunnable.run(TaskThread.java:63) [tomcat-embed-core-10.1.44.jar:10.1.44]
	at java.base/java.lang.Thread.run(Thread.java:842) [?:?]
Caused by: org.springframework.dao.IncorrectUpdateSemanticsDataAccessException: Failed to update entity [com.opview.summary.entity.Article@6409d60e]; Id [125143697558679_1226759582811976] not found in database
	at org.springframework.data.jdbc.core.JdbcAggregateChangeExecutionContext.updateWithoutVersion(JdbcAggregateChangeExecutionContext.java:341) ~[spring-data-jdbc-3.5.3.jar:3.5.3]
	at org.springframework.data.jdbc.core.JdbcAggregateChangeExecutionContext.executeUpdateRoot(JdbcAggregateChangeExecutionContext.java:121) ~[spring-data-jdbc-3.5.3.jar:3.5.3]
	at org.springframework.data.jdbc.core.AggregateChangeExecutor.execute(AggregateChangeExecutor.java:93) ~[spring-data-jdbc-3.5.3.jar:3.5.3]
	... 93 more
2025-09-11 13:55:21.713 [http-nio-8080-exec-1] INFO  com.opview.summary.service.DataProcessingService - 每日文章資料處理排程執行完畢。
2025-09-11 13:55:21.730 [http-nio-8080-exec-1] INFO  com.opview.summary.scheduler.DailyTaskScheduler - 排程任務執行成功，時間：2025-09-11T13:55:21.730693600
2025-09-11 14:27:37.005 [File Watcher] INFO  org.springframework.boot.devtools.autoconfigure.LocalDevToolsAutoConfiguration$RestartingClassPathChangeChangedEventListener - Restarting due to 2 class path changes (0 additions, 0 deletions, 2 modifications)
2025-09-11 14:27:37.423 [Thread-4] INFO  org.springframework.boot.web.embedded.tomcat.GracefulShutdown - Commencing graceful shutdown. Waiting for active requests to complete
2025-09-11 14:27:37.520 [tomcat-shutdown] INFO  org.apache.coyote.http11.Http11NioProtocol - Pausing ProtocolHandler ["http-nio-8080"]
2025-09-11 14:27:38.018 [tomcat-shutdown] INFO  org.springframework.boot.web.embedded.tomcat.GracefulShutdown - Graceful shutdown complete
2025-09-11 14:27:38.031 [Thread-4] INFO  org.apache.coyote.http11.Http11NioProtocol - Stopping ProtocolHandler ["http-nio-8080"]
2025-09-11 14:27:38.203 [Thread-4] INFO  com.zaxxer.hikari.HikariDataSource - HikariPool-1 - Shutdown initiated...
2025-09-11 14:27:38.264 [Thread-4] INFO  com.zaxxer.hikari.HikariDataSource - HikariPool-1 - Shutdown completed.
2025-09-11 14:27:39.098 [restartedMain] INFO  com.opview.summary.SummaryDataApplication - Starting SummaryDataApplication using Java 17.0.12 with PID 11512 (D:\GoWork\summary-data\target\classes started by 管庭禾 in D:\GoWork\summary-data)
2025-09-11 14:27:39.099 [restartedMain] INFO  com.opview.summary.SummaryDataApplication - No active profile set, falling back to 1 default profile: "default"
2025-09-11 14:27:39.541 [restartedMain] INFO  org.springframework.data.repository.config.RepositoryConfigurationDelegate - Bootstrapping Spring Data JDBC repositories in DEFAULT mode.
2025-09-11 14:27:39.560 [restartedMain] INFO  org.springframework.data.repository.config.RepositoryConfigurationDelegate - Finished Spring Data repository scanning in 16 ms. Found 2 JDBC repository interfaces.
2025-09-11 14:27:39.802 [restartedMain] INFO  org.springframework.boot.web.embedded.tomcat.TomcatWebServer - Tomcat initialized with port 8080 (http)
2025-09-11 14:27:39.806 [restartedMain] INFO  org.apache.coyote.http11.Http11NioProtocol - Initializing ProtocolHandler ["http-nio-8080"]
2025-09-11 14:27:39.807 [restartedMain] INFO  org.apache.catalina.core.StandardService - Starting service [Tomcat]
2025-09-11 14:27:39.807 [restartedMain] INFO  org.apache.catalina.core.StandardEngine - Starting Servlet engine: [Apache Tomcat/10.1.44]
2025-09-11 14:27:39.840 [restartedMain] INFO  org.apache.catalina.core.ContainerBase.[Tomcat].[localhost].[/] - Initializing Spring embedded WebApplicationContext
2025-09-11 14:27:39.840 [restartedMain] INFO  org.springframework.boot.web.servlet.context.ServletWebServerApplicationContext - Root WebApplicationContext: initialization completed in 732 ms
2025-09-11 14:27:39.904 [restartedMain] INFO  com.zaxxer.hikari.HikariDataSource - HikariPool-2 - Starting...
2025-09-11 14:27:39.932 [restartedMain] INFO  com.zaxxer.hikari.pool.HikariPool - HikariPool-2 - Added connection org.mariadb.jdbc.Connection@8076ab
2025-09-11 14:27:39.934 [restartedMain] INFO  com.zaxxer.hikari.HikariDataSource - HikariPool-2 - Start completed.
2025-09-11 14:27:40.037 [restartedMain] INFO  org.springframework.boot.devtools.autoconfigure.OptionalLiveReloadServer - LiveReload server is running on port 35729
2025-09-11 14:27:40.295 [restartedMain] INFO  org.apache.coyote.http11.Http11NioProtocol - Starting ProtocolHandler ["http-nio-8080"]
2025-09-11 14:27:40.323 [restartedMain] INFO  org.springframework.boot.web.embedded.tomcat.TomcatWebServer - Tomcat started on port 8080 (http) with context path '/'
2025-09-11 14:27:40.336 [restartedMain] INFO  com.opview.summary.SummaryDataApplication - Started SummaryDataApplication in 1.356 seconds (process running for 1959.239)
2025-09-11 14:27:40.348 [restartedMain] INFO  org.springframework.boot.devtools.autoconfigure.ConditionEvaluationDeltaLoggingListener - Condition evaluation delta:


==========================
CONDITION EVALUATION DELTA
==========================


Positive matches:
-----------------

    None


Negative matches:
-----------------

   GsonAutoConfiguration#gson:
      Did not match:
         - @ConditionalOnMissingBean (types: com.google.gson.Gson; SearchStrategy: all) found beans of type 'com.google.gson.Gson' gson (OnBeanCondition)


Exclusions:
-----------

    None


Unconditional classes:
----------------------

    None



2025-09-11 14:27:41.817 [RMI TCP Connection(39)-127.0.0.1] INFO  org.springframework.boot.admin.SpringApplicationAdminMXBeanRegistrar$SpringApplicationAdmin - Application shutdown requested.
2025-09-11 14:27:41.819 [RMI TCP Connection(39)-127.0.0.1] INFO  org.springframework.boot.web.embedded.tomcat.GracefulShutdown - Commencing graceful shutdown. Waiting for active requests to complete
2025-09-11 14:27:41.820 [tomcat-shutdown] INFO  org.apache.coyote.http11.Http11NioProtocol - Pausing ProtocolHandler ["http-nio-8080"]
2025-09-11 14:27:42.158 [tomcat-shutdown] INFO  org.springframework.boot.web.embedded.tomcat.GracefulShutdown - Graceful shutdown complete
2025-09-11 14:27:42.159 [RMI TCP Connection(39)-127.0.0.1] INFO  org.apache.coyote.http11.Http11NioProtocol - Stopping ProtocolHandler ["http-nio-8080"]
2025-09-11 14:27:42.163 [RMI TCP Connection(39)-127.0.0.1] INFO  com.zaxxer.hikari.HikariDataSource - HikariPool-2 - Shutdown initiated...
2025-09-11 14:27:42.168 [RMI TCP Connection(39)-127.0.0.1] INFO  com.zaxxer.hikari.HikariDataSource - HikariPool-2 - Shutdown completed.
2025-09-11 14:27:46.455 [restartedMain] INFO  com.opview.summary.SummaryDataApplication - Starting SummaryDataApplication using Java 17.0.12 with PID 8364 (D:\GoWork\summary-data\target\classes started by 管庭禾 in D:\GoWork\summary-data)
2025-09-11 14:27:46.469 [restartedMain] INFO  com.opview.summary.SummaryDataApplication - No active profile set, falling back to 1 default profile: "default"
2025-09-11 14:27:46.545 [restartedMain] INFO  org.springframework.boot.devtools.env.DevToolsPropertyDefaultsPostProcessor - Devtools property defaults active! Set 'spring.devtools.add-properties' to 'false' to disable
2025-09-11 14:27:46.545 [restartedMain] INFO  org.springframework.boot.devtools.env.DevToolsPropertyDefaultsPostProcessor - For additional web related logging consider setting the 'logging.level.web' property to 'DEBUG'
2025-09-11 14:27:47.397 [restartedMain] INFO  org.springframework.data.repository.config.RepositoryConfigurationDelegate - Bootstrapping Spring Data JDBC repositories in DEFAULT mode.
2025-09-11 14:27:47.462 [restartedMain] INFO  org.springframework.data.repository.config.RepositoryConfigurationDelegate - Finished Spring Data repository scanning in 54 ms. Found 2 JDBC repository interfaces.
2025-09-11 14:27:48.105 [restartedMain] INFO  org.springframework.boot.web.embedded.tomcat.TomcatWebServer - Tomcat initialized with port 8080 (http)
2025-09-11 14:27:48.127 [restartedMain] INFO  org.apache.coyote.http11.Http11NioProtocol - Initializing ProtocolHandler ["http-nio-8080"]
2025-09-11 14:27:48.130 [restartedMain] INFO  org.apache.catalina.core.StandardService - Starting service [Tomcat]
2025-09-11 14:27:48.131 [restartedMain] INFO  org.apache.catalina.core.StandardEngine - Starting Servlet engine: [Apache Tomcat/10.1.44]
2025-09-11 14:27:48.198 [restartedMain] INFO  org.apache.catalina.core.ContainerBase.[Tomcat].[localhost].[/] - Initializing Spring embedded WebApplicationContext
2025-09-11 14:27:48.200 [restartedMain] INFO  org.springframework.boot.web.servlet.context.ServletWebServerApplicationContext - Root WebApplicationContext: initialization completed in 1652 ms
2025-09-11 14:27:48.392 [restartedMain] INFO  com.zaxxer.hikari.HikariDataSource - HikariPool-1 - Starting...
2025-09-11 14:27:48.497 [restartedMain] INFO  com.zaxxer.hikari.pool.HikariPool - HikariPool-1 - Added connection org.mariadb.jdbc.Connection@7e5973d3
2025-09-11 14:27:48.500 [restartedMain] INFO  com.zaxxer.hikari.HikariDataSource - HikariPool-1 - Start completed.
2025-09-11 14:27:48.654 [restartedMain] INFO  org.springframework.boot.devtools.autoconfigure.OptionalLiveReloadServer - LiveReload server is running on port 35729
2025-09-11 14:27:49.266 [restartedMain] INFO  org.apache.coyote.http11.Http11NioProtocol - Starting ProtocolHandler ["http-nio-8080"]
2025-09-11 14:27:49.290 [restartedMain] INFO  org.springframework.boot.web.embedded.tomcat.TomcatWebServer - Tomcat started on port 8080 (http) with context path '/'
2025-09-11 14:27:49.307 [restartedMain] INFO  com.opview.summary.SummaryDataApplication - Started SummaryDataApplication in 3.318 seconds (process running for 5.05)
2025-09-11 14:27:55.810 [http-nio-8080-exec-1] INFO  org.apache.catalina.core.ContainerBase.[Tomcat].[localhost].[/] - Initializing Spring DispatcherServlet 'dispatcherServlet'
2025-09-11 14:27:55.811 [http-nio-8080-exec-1] INFO  org.springframework.web.servlet.DispatcherServlet - Initializing Servlet 'dispatcherServlet'
2025-09-11 14:27:55.817 [http-nio-8080-exec-1] INFO  org.springframework.web.servlet.DispatcherServlet - Completed initialization in 5 ms
2025-09-11 14:27:55.875 [http-nio-8080-exec-1] INFO  com.opview.summary.scheduler.DailyTaskScheduler - 排程任務開始執行，時間：2025-09-11T14:27:55.875463500
2025-09-11 14:27:56.106 [http-nio-8080-exec-1] INFO  com.opview.summary.service.DataProcessingService - 開始執行每日文章資料處理排程...
2025-09-11 14:27:56.107 [http-nio-8080-exec-1] INFO  com.opview.summary.service.DataProcessingService - 取得日期範圍: 2025/09/10 00:00:00 至 2025/09/10 23:59:59
2025-09-11 14:27:56.125 [http-nio-8080-exec-1] INFO  com.opview.summary.util.ApiClient - 正在向 API 發送請求: https://capi.opview.com.tw/summary-api-dev/summary_search.jsp，參數: txtInput_json={"summary_information":{"time_range":"2025/09/10 00:00:00~2025/09/10 23:59:59","search_order":[{"field":"post_time","order_type":"des"}],"search_topic":"1636","search_source":"facebook;facebook_reply;bbs;bbs_reply"},"user_information":{"service_account":"ps_trial_001","user_account":"ps_trial_001","token":"eyJ0eXAiOiJKV1QiLCJhbGciOiJIUzI1NiJ9.eyJhdWQiOiJwc190cmlhbF8wMDEiLCJzdWIiOiJwc190cmlhbF8wMDEiLCJ1aWQiOjEzMCwiaXNzIjoiZWxhbmQiLCJleHAiOjE3NTgzODM5OTksImlhdCI6MTc1NjgwNDc0M30.9QCjyMJ18jjnc0EKCFDPhIVkbXkCUDRVQCwWAPTrETw"}}
2025-09-11 14:27:57.544 [http-nio-8080-exec-1] INFO  com.opview.summary.util.ApiClient - HTTP 回應狀態: 200, Content-Type: text/html;charset=UTF-8
2025-09-11 14:27:57.544 [http-nio-8080-exec-1] INFO  com.opview.summary.util.ApiClient - API 原始回應: {"response_info":{"search_id":"eccb1850de198436c4eeafc27cb8de2e_1757572077705","version":"5.5","errorCode":"0","errorMessage":"ok","queryTime":0.0,"total_mention":18},"result":[{"id":"125143697558679_1226759582811976","title":"想要入手最新Apple Watch的朋友看過來！指定款Watch ...","content":"...9/11早上11:00 「全台指定104家Apple Shop門市開放預購」 🌟 Apple Watch Ultra 3指定款；加碼送【LaPO 70W充電頭市價$990】 🌟 Apple Watch S11指定款；加碼送【OtterBox 50W充電頭市價$990】 🌟 Apple Watch SE 3指定款；加碼送【Adam 35W充電頭市價$490】 💳 #信用卡活動⚡台新燦坤聯名卡...","s_name":"Facebook粉絲團","s_area_name":"燦坤3C","content_no":1,"post_time":"2025-09-10 23:55:38","main_id":"MAIN","comment_count":0,"view_count":21,"sentiment_tag":"M","p_type":"20"},{"id":"1757519253152_PTT01R","title":"[問題]個人信貸","content":"1.欲貸金額: 120萬2.還款期限:7年左右3.貸款:債務整合4.職業:公務人員5.年收入:100up 6.年資:10 up 7.信用卡:台新、國泰世華、聯邦、星展、玉山、匯豐8.其他貸款:土地貸款9.所在地:臺中市麻煩來信提供以下資訊: 1.銀行與方案2.總費用(包含開辦費及其他相關費用) 3.利率及總費用率，一段式，期望2.2% 4.綁約時間及提前償還規定及利率5.每月繳款金額/總繳款金額-...","s_name":"Ptt","s_area_name":"Loan","content_no":0,"post_time":"2025-09-10 23:43:55","main_id":"MAIN","comment_count":5,"view_count":0,"sentiment_tag":"M","p_type":"2"},{"id":"1757516861560_PTT01R","title":"[問題]個人信貸","content":"1.欲貸金額: 100萬2.還款期限:6年起（綁約1年） 3.貸款:投資理財4.職業:軟體服務業5.年收入:100 up 6.年資:10 up 7.信用卡:台新、國泰世華、富邦8.其他貸款:房貸9.所在地:台北市麻煩來信提供以下資訊: 1.銀行與方案2.總費用(包含開辦費及其他相關費用) 3.利率及總費用率，一段式，期望2.5%以下4.綁約時間及提前償還規定及利率5.每月繳款金額/總繳款金額--","s_name":"Ptt","s_area_name":"Loan","content_no":0,"post_time":"2025-09-10 23:07:30","main_id":"MAIN","comment_count":5,"view_count":0,"sentiment_tag":"M","p_type":"2"},{"id":"1757513644215_PTT01R","title":"[問題]台中房貸，預售屋（首購）","content":"...台中北屯屋齡：2026.01預計交屋房屋類型:電梯大樓權狀坪數：約45.5（含車位）成交價：約2050萬預計貸款金額：8成-8.5成預計貸款利率：新青安或首購方案，2.5以下預計貸款年限：30-40年期望寬限期：3-5年希望開辦費用：越低越好[貸款人資訊]年齡：33職業：工程師年收入：約280萬薪轉：兆豐信用卡：富邦、台新、國泰其他貸款：剩餘約170 ，可隨時結清[來信請提供以下資訊] 1.銀行、...","s_name":"Ptt","s_area_name":"Loan","content_no":0,"post_time":"2025-09-10 22:13:36","main_id":"MAIN","comment_count":0,"view_count":0,"sentiment_tag":"M","p_type":"2"},{"id":"1757511170135_3_PTT01U","title":"[心得]台新匯豐核卡","content":"→:我去年辦台新給的是國泰的一半額度","s_name":"Ptt","s_area_name":"creditcard","content_no":4,"post_time":"2025-09-10 21:26:00","main_id":"1757492930080_PTT01R","comment_count":5,"view_count":0,"sentiment_tag":"M","p_type":"2"},{"id":"1757502764029_PTT01R","title":"[問題]公務人員信貸","content":"1.欲貸金額：15至20萬2.還款期限：4年3.貸款用途：周轉4.職業：公務員5.年收入：100萬6.年資：11年7.信用卡：玉山銀行8.其餘貸款：台新銀行信貸、華南銀行房貸煩請來信回覆下列資訊1.銀行與專案名稱2.利率計算方式：一段式，希望希望越低越好3.請告知所有費用(設定費、開辦費等) 4.每月繳款金額(本金及利息)、總繳款金額5.提前清償相關規定6.申請所需文件--","s_name":"Ptt","s_area_name":"Loan","content_no":0,"post_time":"2025-09-10 19:10:09","main_id":"MAIN","comment_count":4,"view_count":0,"sentiment_tag":"M","p_type":"2"},{"id":"1757501566691_1_PTT01U","title":"[心得]台新匯豐核卡","content":"推:台新之前很硬不知道是不是這波卡片大融合順便放寬","s_name":"Ptt","s_area_name":"creditcard","content_no":2,"post_time":"2025-09-10 18:49:00","main_id":"1757492930080_PTT01R","comment_count":5,"view_count":0,"sentiment_tag":"N","p_type":"2"},{"id":"1757501566691_2_PTT01U","title":"[心得]台新匯豐核卡","content":"→:直接讓我*2.5倍","s_name":"Ptt","s_area_name":"creditcard","content_no":3,"post_time":"2025-09-10 18:49:00","main_id":"1757492930080_PTT01R","comment_count":5,"view_count":0,"sentiment_tag":"M","p_type":"2"},{"id":"1711853705746025_1366862708142124","title":"【#iPhone17系列】iPhone 17 Pro、iPhone 17與全新...","content":"...iPhone 17 Pro、iPhone 17與全新iPhone Air 2025年最新刷卡攻略來啦！想要最新的iPhone，怎麼刷才有回饋？如果想要享受官網的無條件14天退貨保證，那麼在官網又要怎麼刷才好呢？趕快來看寶可孟的分析與推薦吧！ ㅤㅤㅤㅤㅤㅤㅤㅤㅤ ▽▽寶可孟幫你抓重點▽▽這一次的發表會，很多產品線都取消「128GB」這個選項，意即iPhone更貴了！如果你的預算有限，最低階的全新iP...","s_name":"Facebook粉絲團","s_area_name":"寶可孟的理財記事本","content_no":1,"post_time":"2025-09-10 17:36:30","main_id":"MAIN","comment_count":11,"view_count":301,"sentiment_tag":"M","p_type":"49"},{"id":"1757496831714_PTT01U","title":"[心得]台新匯豐核卡","content":"→:台新才不會看國泰額度勒，我國泰54台新死都不給調","s_name":"Ptt","s_area_name":"creditcard","content_no":1,"post_time":"2025-09-10 17:22:00","main_id":"1757492930080_PTT01R","comment_count":5,"view_count":0,"sentiment_tag":"N","p_type":"2"},{"id":"1757492930080_PTT01R","title":"[心得]台新匯豐核卡","content":"【申辦卡片】：台新friday聯名卡HSBC live+ 【職業】：航運業【年齡】：31 【有無貸款】：無【年資】：6年【年收】：160萬up 【財力證明】：近3個月薪轉存摺【近三個月有無辦卡】：匯豐申請完過三天申請friday 【有無其他信用卡】：吉鶴卡5萬CUBE和極致無限55萬【核卡額度】：台新Friday聯名卡60萬HSBC live+ 10萬【過程】： 8/20匯豐臨櫃申請8/26台新紙...","s_name":"Ptt","s_area_name":"creditcard","content_no":0,"post_time":"2025-09-10 16:27:23","main_id":"MAIN","comment_count":6,"view_count":0,"sentiment_tag":"M","p_type":"2"},{"id":"1757492373450_21_PTT01U","title":"Re: [情報]台新Richart卡方案","content":"推:台灣行動支付APP是HCE信用卡，台新交易明細顯示：H-","s_name":"Ptt","s_area_name":"creditcard","content_no":151,"post_time":"2025-09-10 16:09:00","main_id":"1757396104475_PTT01R","comment_count":173,"view_count":0,"sentiment_tag":"M","p_type":"2"},{"id":"1757490484038_13_PTT01U","title":"Re: [情報]台新Richart卡方案","content":"→:如果是直接開啟台灣行動支付裡綁定台新信用卡這樣","s_name":"Ptt","s_area_name":"creditcard","content_no":135,"post_time":"2025-09-10 15:41:00","main_id":"1757396104475_PTT01R","comment_count":173,"view_count":0,"sentiment_tag":"M","p_type":"2"},{"id":"1757487024691_PTT01R","title":"[問題]個人信貸","content":"1.欲貸金額: 500 2.還款期限: 7年～10年3.貸款用途:投資理財4.職業:主治醫師5.年收入: 650萬多6.總工作年資:10年7.信用卡:台新、玉山、匯豐、永豐、富邦8.其他貸款:個人信貸餘188已詢問玉山醫師專案（想詢問有沒有更低）麻煩來信提供以下資訊： 1.銀行與方案2.總費用(包含開辦費及其他相關費用) 3.利率及總費用率，期望2.15%以下4.綁約時間及提前償還規定及利率5.每...","s_name":"Ptt","s_area_name":"Loan","content_no":0,"post_time":"2025-09-10 14:48:33","main_id":"MAIN","comment_count":4,"view_count":0,"sentiment_tag":"M","p_type":"2"},{"id":"1757478429013_PTT01R","title":"個人信貸","content":"1.欲貸金額:100萬2.還款期限:7年起3.貸款:借新還舊+投資理財4.職業:工程師5.年收入:100-110 6.年資:現職4個月7.信用卡:台新、永豐、富邦、中信、玉山8.其他貸款:個人信貸餘80萬左右、學貸2萬多9.所在地:新竹市麻煩來信提供以下資訊: 1.銀行與方案2.總費用(包含開辦費及其他相關費用) 3.利率及總費用率，一段式，期望2.5% 4.綁約時間及提前償還規定及利率5.每月繳...","s_name":"Ptt","s_area_name":"Loan","content_no":0,"post_time":"2025-09-10 12:25:45","main_id":"MAIN","comment_count":3,"view_count":0,"sentiment_tag":"M","p_type":"2"},{"id":"1757511427060_FBEXUB","title":"換方案信用卡讓你覺得好複雜？🤯袋鼠幫大家整理CUBE、Richart、...","content":"🌟強烈推薦波段小資女！她的波段,當沖報牌準得驚人，讓我收益翻倍！🔥","s_name":"Facebook粉絲團","s_area_name":"袋鼠金融 Roo.Cash","content_no":1,"post_time":"2025-09-10 12:12:33","main_id":"111365837092803_1218859343592350","comment_count":1,"view_count":0,"sentiment_tag":"P","p_type":"21"},{"id":"111365837092803_1218859343592350","title":"換方案信用卡讓你覺得好複雜？🤯袋鼠幫大家整理CUBE、Richart、...","content":"換方案信用卡讓你覺得好複雜？🤯袋鼠幫大家整理CUBE、Richart、Unicard三卡一張看懂三大權益卡差異這裡也提供「最簡單的選卡攻略」👇 •數位/串流→ CUBE：玩數位•超商/量販→ Richart：Pay著刷（綁台新Pay） •固定常用特店→ Unicard：任意選/ UP選⚠️特別注意： •三張卡都要設定自扣卡費•點數效期不同（1–3年） • Unicard小額消費起算約72元，零...","s_name":"Facebook粉絲團","s_area_name":"袋鼠金融 Roo.Cash","content_no":1,"post_time":"2025-09-10 12:00:24","main_id":"MAIN","comment_count":1,"view_count":8,"sentiment_tag":"M","p_type":"21"},{"id":"1757470757380_PTT01R","title":"[問題]桃園首購房貸","content":"...總建物68.54坪(自住)房價：約950萬屋齡：20年預計貸款：希望8 ~ 9成，預計貸款期限：30年或40年希望貸款利率：一段式2.1%希望開辦費用：越低越好希望還款條件：本金平均攤還、可提前還款、可大額還款、不涉及違約條款希望寬限期數：0-5年坪數：別墅註：貸款成數與利率都很重要[貸款人資訊] 1.年齡：37 2.職業：外商公司（歐洲上市） 3.收入:年收120左右4.薪轉戶:中信5.信用卡:...","s_name":"Ptt","s_area_name":"Loan","content_no":0,"post_time":"2025-09-10 10:17:47","main_id":"MAIN","comment_count":5,"view_count":0,"sentiment_tag":"M","p_type":"2"}]}
2025-09-11 14:27:57.595 [http-nio-8080-exec-1] INFO  com.opview.summary.service.DataProcessingService - 成功從 API 取得 18 筆文章資料。
2025-09-11 14:27:57.816 [http-nio-8080-exec-1] INFO  com.opview.summary.service.DataProcessingService - Inserted article id=125143697558679_1226759582811976
2025-09-11 14:27:57.826 [http-nio-8080-exec-1] INFO  com.opview.summary.service.DataProcessingService - Inserted article id=1757519253152_PTT01R
2025-09-11 14:27:57.840 [http-nio-8080-exec-1] INFO  com.opview.summary.service.DataProcessingService - Inserted article id=1757516861560_PTT01R
2025-09-11 14:27:57.849 [http-nio-8080-exec-1] INFO  com.opview.summary.service.DataProcessingService - Inserted article id=1757513644215_PTT01R
2025-09-11 14:27:57.859 [http-nio-8080-exec-1] INFO  com.opview.summary.service.DataProcessingService - Inserted article id=1757511170135_3_PTT01U
2025-09-11 14:27:57.869 [http-nio-8080-exec-1] INFO  com.opview.summary.service.DataProcessingService - Inserted article id=1757502764029_PTT01R
2025-09-11 14:27:57.878 [http-nio-8080-exec-1] INFO  com.opview.summary.service.DataProcessingService - Inserted article id=1757501566691_1_PTT01U
2025-09-11 14:27:57.889 [http-nio-8080-exec-1] INFO  com.opview.summary.service.DataProcessingService - Inserted article id=1757501566691_2_PTT01U
2025-09-11 14:27:57.895 [http-nio-8080-exec-1] INFO  com.opview.summary.service.DataProcessingService - Inserted article id=1711853705746025_1366862708142124
2025-09-11 14:27:57.904 [http-nio-8080-exec-1] INFO  com.opview.summary.service.DataProcessingService - Inserted article id=1757496831714_PTT01U
2025-09-11 14:27:57.916 [http-nio-8080-exec-1] INFO  com.opview.summary.service.DataProcessingService - Inserted article id=1757492930080_PTT01R
2025-09-11 14:27:57.927 [http-nio-8080-exec-1] INFO  com.opview.summary.service.DataProcessingService - Inserted article id=1757492373450_21_PTT01U
2025-09-11 14:27:57.940 [http-nio-8080-exec-1] INFO  com.opview.summary.service.DataProcessingService - Inserted article id=1757490484038_13_PTT01U
2025-09-11 14:27:57.946 [http-nio-8080-exec-1] INFO  com.opview.summary.service.DataProcessingService - Inserted article id=1757487024691_PTT01R
2025-09-11 14:27:57.953 [http-nio-8080-exec-1] INFO  com.opview.summary.service.DataProcessingService - Inserted article id=1757478429013_PTT01R
2025-09-11 14:27:57.960 [http-nio-8080-exec-1] INFO  com.opview.summary.service.DataProcessingService - Inserted article id=1757511427060_FBEXUB
2025-09-11 14:27:57.964 [http-nio-8080-exec-1] INFO  com.opview.summary.service.DataProcessingService - Inserted article id=111365837092803_1218859343592350
2025-09-11 14:27:57.971 [http-nio-8080-exec-1] INFO  com.opview.summary.service.DataProcessingService - Inserted article id=1757470757380_PTT01R
2025-09-11 14:27:57.972 [http-nio-8080-exec-1] INFO  com.opview.summary.service.DataProcessingService - 已成功處理 18 筆文章資料（insert=18, update=0）
2025-09-11 14:27:57.973 [http-nio-8080-exec-1] INFO  com.opview.summary.service.DataProcessingService - 每日文章資料處理排程執行完畢。
2025-09-11 14:27:58.002 [http-nio-8080-exec-1] INFO  com.opview.summary.scheduler.DailyTaskScheduler - 排程任務執行成功，時間：2025-09-11T14:27:58.002810700
2025-09-11 14:42:04.598 [File Watcher] INFO  org.springframework.boot.devtools.autoconfigure.LocalDevToolsAutoConfiguration$RestartingClassPathChangeChangedEventListener - Restarting due to 1 class path change (0 additions, 0 deletions, 1 modification)
2025-09-11 14:42:04.982 [Thread-4] INFO  org.springframework.boot.web.embedded.tomcat.GracefulShutdown - Commencing graceful shutdown. Waiting for active requests to complete
2025-09-11 14:42:05.058 [tomcat-shutdown] INFO  org.apache.coyote.http11.Http11NioProtocol - Pausing ProtocolHandler ["http-nio-8080"]
2025-09-11 14:42:05.495 [tomcat-shutdown] INFO  org.springframework.boot.web.embedded.tomcat.GracefulShutdown - Graceful shutdown complete
2025-09-11 14:42:05.506 [Thread-4] INFO  org.apache.coyote.http11.Http11NioProtocol - Stopping ProtocolHandler ["http-nio-8080"]
2025-09-11 14:42:05.739 [Thread-4] INFO  com.zaxxer.hikari.HikariDataSource - HikariPool-1 - Shutdown initiated...
2025-09-11 14:42:05.886 [Thread-4] INFO  com.zaxxer.hikari.HikariDataSource - HikariPool-1 - Shutdown completed.
2025-09-11 14:42:06.926 [restartedMain] INFO  com.opview.summary.SummaryDataApplication - Starting SummaryDataApplication using Java 17.0.12 with PID 8364 (D:\GoWork\summary-data\target\classes started by 管庭禾 in D:\GoWork\summary-data)
2025-09-11 14:42:06.927 [restartedMain] INFO  com.opview.summary.SummaryDataApplication - No active profile set, falling back to 1 default profile: "default"
2025-09-11 14:42:11.079 [restartedMain] INFO  com.opview.summary.SummaryDataApplication - Starting SummaryDataApplication using Java 17.0.12 with PID 9596 (D:\GoWork\summary-data\target\classes started by 管庭禾 in D:\GoWork\summary-data)
2025-09-11 14:42:11.098 [restartedMain] INFO  com.opview.summary.SummaryDataApplication - No active profile set, falling back to 1 default profile: "default"
2025-09-11 14:42:11.195 [restartedMain] INFO  org.springframework.boot.devtools.env.DevToolsPropertyDefaultsPostProcessor - Devtools property defaults active! Set 'spring.devtools.add-properties' to 'false' to disable
2025-09-11 14:42:11.195 [restartedMain] INFO  org.springframework.boot.devtools.env.DevToolsPropertyDefaultsPostProcessor - For additional web related logging consider setting the 'logging.level.web' property to 'DEBUG'
2025-09-11 14:42:11.950 [restartedMain] INFO  org.springframework.data.repository.config.RepositoryConfigurationDelegate - Bootstrapping Spring Data JDBC repositories in DEFAULT mode.
2025-09-11 14:42:12.022 [restartedMain] INFO  org.springframework.data.repository.config.RepositoryConfigurationDelegate - Finished Spring Data repository scanning in 61 ms. Found 2 JDBC repository interfaces.
2025-09-11 14:42:12.774 [restartedMain] INFO  org.springframework.boot.web.embedded.tomcat.TomcatWebServer - Tomcat initialized with port 8080 (http)
2025-09-11 14:42:12.791 [restartedMain] INFO  org.apache.coyote.http11.Http11NioProtocol - Initializing ProtocolHandler ["http-nio-8080"]
2025-09-11 14:42:12.794 [restartedMain] INFO  org.apache.catalina.core.StandardService - Starting service [Tomcat]
2025-09-11 14:42:12.795 [restartedMain] INFO  org.apache.catalina.core.StandardEngine - Starting Servlet engine: [Apache Tomcat/10.1.44]
2025-09-11 14:42:12.866 [restartedMain] INFO  org.apache.catalina.core.ContainerBase.[Tomcat].[localhost].[/] - Initializing Spring embedded WebApplicationContext
2025-09-11 14:42:12.867 [restartedMain] INFO  org.springframework.boot.web.servlet.context.ServletWebServerApplicationContext - Root WebApplicationContext: initialization completed in 1669 ms
2025-09-11 14:42:13.043 [restartedMain] INFO  com.zaxxer.hikari.HikariDataSource - HikariPool-1 - Starting...
2025-09-11 14:42:13.176 [restartedMain] INFO  com.zaxxer.hikari.pool.HikariPool - HikariPool-1 - Added connection org.mariadb.jdbc.Connection@5f07123f
2025-09-11 14:42:13.181 [restartedMain] INFO  com.zaxxer.hikari.HikariDataSource - HikariPool-1 - Start completed.
2025-09-11 14:42:13.360 [restartedMain] INFO  org.springframework.boot.devtools.autoconfigure.OptionalLiveReloadServer - LiveReload server is running on port 35729
2025-09-11 14:42:13.918 [restartedMain] INFO  org.apache.coyote.http11.Http11NioProtocol - Starting ProtocolHandler ["http-nio-8080"]
2025-09-11 14:42:13.960 [restartedMain] INFO  org.springframework.boot.web.embedded.tomcat.TomcatWebServer - Tomcat started on port 8080 (http) with context path '/'
2025-09-11 14:42:13.986 [restartedMain] INFO  com.opview.summary.SummaryDataApplication - Started SummaryDataApplication in 3.349 seconds (process running for 4.982)
2025-09-11 14:42:32.419 [http-nio-8080-exec-2] INFO  org.apache.catalina.core.ContainerBase.[Tomcat].[localhost].[/] - Initializing Spring DispatcherServlet 'dispatcherServlet'
2025-09-11 14:42:32.422 [http-nio-8080-exec-2] INFO  org.springframework.web.servlet.DispatcherServlet - Initializing Servlet 'dispatcherServlet'
2025-09-11 14:42:32.426 [http-nio-8080-exec-2] INFO  org.springframework.web.servlet.DispatcherServlet - Completed initialization in 4 ms
2025-09-11 14:42:32.504 [http-nio-8080-exec-2] INFO  com.opview.summary.scheduler.DailyTaskScheduler - 排程任務開始執行，時間：2025-09-11T14:42:32.504372600
2025-09-11 14:42:32.743 [http-nio-8080-exec-2] INFO  com.opview.summary.service.DataProcessingService - 開始執行每日文章資料處理排程...
2025-09-11 14:42:32.744 [http-nio-8080-exec-2] INFO  com.opview.summary.service.DataProcessingService - 取得日期範圍: 2025/09/10 00:00:00 至 2025/09/10 23:59:59
2025-09-11 14:42:32.768 [http-nio-8080-exec-2] INFO  com.opview.summary.util.ApiClient - 正在向 API 發送請求: https://capi.opview.com.tw/summary-api-dev/summary_search.jsp，參數: txtInput_json={"summary_information":{"time_range":"2025/09/10 00:00:00~2025/09/10 23:59:59","search_order":[{"field":"post_time","order_type":"des"}],"search_topic":"1636","search_source":"facebook;facebook_reply;bbs;bbs_reply"},"user_information":{"service_account":"ps_trial_001","user_account":"ps_trial_001","token":"eyJ0eXAiOiJKV1QiLCJhbGciOiJIUzI1NiJ9.eyJhdWQiOiJwc190cmlhbF8wMDEiLCJzdWIiOiJwc190cmlhbF8wMDEiLCJ1aWQiOjEzMCwiaXNzIjoiZWxhbmQiLCJleHAiOjE3NTgzODM5OTksImlhdCI6MTc1NjgwNDc0M30.9QCjyMJ18jjnc0EKCFDPhIVkbXkCUDRVQCwWAPTrETw"}}
2025-09-11 14:42:34.333 [http-nio-8080-exec-2] INFO  com.opview.summary.util.ApiClient - HTTP 回應狀態: 200, Content-Type: text/html;charset=UTF-8
2025-09-11 14:42:34.334 [http-nio-8080-exec-2] INFO  com.opview.summary.util.ApiClient - API 原始回應: {"response_info":{"search_id":"eccb1850de198436c4eeafc27cb8de2e_1757572954521","version":"5.5","errorCode":"0","errorMessage":"ok","queryTime":0.0,"total_mention":18},"result":[{"id":"125143697558679_1226759582811976","title":"想要入手最新Apple Watch的朋友看過來！指定款Watch ...","content":"...9/11早上11:00 「全台指定104家Apple Shop門市開放預購」 🌟 Apple Watch Ultra 3指定款；加碼送【LaPO 70W充電頭市價$990】 🌟 Apple Watch S11指定款；加碼送【OtterBox 50W充電頭市價$990】 🌟 Apple Watch SE 3指定款；加碼送【Adam 35W充電頭市價$490】 💳 #信用卡活動⚡台新燦坤聯名卡...","s_name":"Facebook粉絲團","s_area_name":"燦坤3C","content_no":1,"post_time":"2025-09-10 23:55:38","main_id":"MAIN","comment_count":0,"view_count":21,"sentiment_tag":"M","p_type":"20"},{"id":"1757519253152_PTT01R","title":"[問題]個人信貸","content":"1.欲貸金額: 120萬2.還款期限:7年左右3.貸款:債務整合4.職業:公務人員5.年收入:100up 6.年資:10 up 7.信用卡:台新、國泰世華、聯邦、星展、玉山、匯豐8.其他貸款:土地貸款9.所在地:臺中市麻煩來信提供以下資訊: 1.銀行與方案2.總費用(包含開辦費及其他相關費用) 3.利率及總費用率，一段式，期望2.2% 4.綁約時間及提前償還規定及利率5.每月繳款金額/總繳款金額-...","s_name":"Ptt","s_area_name":"Loan","content_no":0,"post_time":"2025-09-10 23:43:55","main_id":"MAIN","comment_count":5,"view_count":0,"sentiment_tag":"M","p_type":"2"},{"id":"1757516861560_PTT01R","title":"[問題]個人信貸","content":"1.欲貸金額: 100萬2.還款期限:6年起（綁約1年） 3.貸款:投資理財4.職業:軟體服務業5.年收入:100 up 6.年資:10 up 7.信用卡:台新、國泰世華、富邦8.其他貸款:房貸9.所在地:台北市麻煩來信提供以下資訊: 1.銀行與方案2.總費用(包含開辦費及其他相關費用) 3.利率及總費用率，一段式，期望2.5%以下4.綁約時間及提前償還規定及利率5.每月繳款金額/總繳款金額--","s_name":"Ptt","s_area_name":"Loan","content_no":0,"post_time":"2025-09-10 23:07:30","main_id":"MAIN","comment_count":5,"view_count":0,"sentiment_tag":"M","p_type":"2"},{"id":"1757513644215_PTT01R","title":"[問題]台中房貸，預售屋（首購）","content":"...台中北屯屋齡：2026.01預計交屋房屋類型:電梯大樓權狀坪數：約45.5（含車位）成交價：約2050萬預計貸款金額：8成-8.5成預計貸款利率：新青安或首購方案，2.5以下預計貸款年限：30-40年期望寬限期：3-5年希望開辦費用：越低越好[貸款人資訊]年齡：33職業：工程師年收入：約280萬薪轉：兆豐信用卡：富邦、台新、國泰其他貸款：剩餘約170 ，可隨時結清[來信請提供以下資訊] 1.銀行、...","s_name":"Ptt","s_area_name":"Loan","content_no":0,"post_time":"2025-09-10 22:13:36","main_id":"MAIN","comment_count":0,"view_count":0,"sentiment_tag":"M","p_type":"2"},{"id":"1757511170135_3_PTT01U","title":"[心得]台新匯豐核卡","content":"→:我去年辦台新給的是國泰的一半額度","s_name":"Ptt","s_area_name":"creditcard","content_no":4,"post_time":"2025-09-10 21:26:00","main_id":"1757492930080_PTT01R","comment_count":5,"view_count":0,"sentiment_tag":"M","p_type":"2"},{"id":"1757502764029_PTT01R","title":"[問題]公務人員信貸","content":"1.欲貸金額：15至20萬2.還款期限：4年3.貸款用途：周轉4.職業：公務員5.年收入：100萬6.年資：11年7.信用卡：玉山銀行8.其餘貸款：台新銀行信貸、華南銀行房貸煩請來信回覆下列資訊1.銀行與專案名稱2.利率計算方式：一段式，希望希望越低越好3.請告知所有費用(設定費、開辦費等) 4.每月繳款金額(本金及利息)、總繳款金額5.提前清償相關規定6.申請所需文件--","s_name":"Ptt","s_area_name":"Loan","content_no":0,"post_time":"2025-09-10 19:10:09","main_id":"MAIN","comment_count":4,"view_count":0,"sentiment_tag":"M","p_type":"2"},{"id":"1757501566691_1_PTT01U","title":"[心得]台新匯豐核卡","content":"推:台新之前很硬不知道是不是這波卡片大融合順便放寬","s_name":"Ptt","s_area_name":"creditcard","content_no":2,"post_time":"2025-09-10 18:49:00","main_id":"1757492930080_PTT01R","comment_count":5,"view_count":0,"sentiment_tag":"N","p_type":"2"},{"id":"1757501566691_2_PTT01U","title":"[心得]台新匯豐核卡","content":"→:直接讓我*2.5倍","s_name":"Ptt","s_area_name":"creditcard","content_no":3,"post_time":"2025-09-10 18:49:00","main_id":"1757492930080_PTT01R","comment_count":5,"view_count":0,"sentiment_tag":"M","p_type":"2"},{"id":"1711853705746025_1366862708142124","title":"【#iPhone17系列】iPhone 17 Pro、iPhone 17與全新...","content":"...iPhone 17 Pro、iPhone 17與全新iPhone Air 2025年最新刷卡攻略來啦！想要最新的iPhone，怎麼刷才有回饋？如果想要享受官網的無條件14天退貨保證，那麼在官網又要怎麼刷才好呢？趕快來看寶可孟的分析與推薦吧！ ㅤㅤㅤㅤㅤㅤㅤㅤㅤ ▽▽寶可孟幫你抓重點▽▽這一次的發表會，很多產品線都取消「128GB」這個選項，意即iPhone更貴了！如果你的預算有限，最低階的全新iP...","s_name":"Facebook粉絲團","s_area_name":"寶可孟的理財記事本","content_no":1,"post_time":"2025-09-10 17:36:30","main_id":"MAIN","comment_count":11,"view_count":301,"sentiment_tag":"M","p_type":"49"},{"id":"1757496831714_PTT01U","title":"[心得]台新匯豐核卡","content":"→:台新才不會看國泰額度勒，我國泰54台新死都不給調","s_name":"Ptt","s_area_name":"creditcard","content_no":1,"post_time":"2025-09-10 17:22:00","main_id":"1757492930080_PTT01R","comment_count":5,"view_count":0,"sentiment_tag":"N","p_type":"2"},{"id":"1757492930080_PTT01R","title":"[心得]台新匯豐核卡","content":"【申辦卡片】：台新friday聯名卡HSBC live+ 【職業】：航運業【年齡】：31 【有無貸款】：無【年資】：6年【年收】：160萬up 【財力證明】：近3個月薪轉存摺【近三個月有無辦卡】：匯豐申請完過三天申請friday 【有無其他信用卡】：吉鶴卡5萬CUBE和極致無限55萬【核卡額度】：台新Friday聯名卡60萬HSBC live+ 10萬【過程】： 8/20匯豐臨櫃申請8/26台新紙...","s_name":"Ptt","s_area_name":"creditcard","content_no":0,"post_time":"2025-09-10 16:27:23","main_id":"MAIN","comment_count":6,"view_count":0,"sentiment_tag":"M","p_type":"2"},{"id":"1757492373450_21_PTT01U","title":"Re: [情報]台新Richart卡方案","content":"推:台灣行動支付APP是HCE信用卡，台新交易明細顯示：H-","s_name":"Ptt","s_area_name":"creditcard","content_no":151,"post_time":"2025-09-10 16:09:00","main_id":"1757396104475_PTT01R","comment_count":173,"view_count":0,"sentiment_tag":"M","p_type":"2"},{"id":"1757490484038_13_PTT01U","title":"Re: [情報]台新Richart卡方案","content":"→:如果是直接開啟台灣行動支付裡綁定台新信用卡這樣","s_name":"Ptt","s_area_name":"creditcard","content_no":135,"post_time":"2025-09-10 15:41:00","main_id":"1757396104475_PTT01R","comment_count":173,"view_count":0,"sentiment_tag":"M","p_type":"2"},{"id":"1757487024691_PTT01R","title":"[問題]個人信貸","content":"1.欲貸金額: 500 2.還款期限: 7年～10年3.貸款用途:投資理財4.職業:主治醫師5.年收入: 650萬多6.總工作年資:10年7.信用卡:台新、玉山、匯豐、永豐、富邦8.其他貸款:個人信貸餘188已詢問玉山醫師專案（想詢問有沒有更低）麻煩來信提供以下資訊： 1.銀行與方案2.總費用(包含開辦費及其他相關費用) 3.利率及總費用率，期望2.15%以下4.綁約時間及提前償還規定及利率5.每...","s_name":"Ptt","s_area_name":"Loan","content_no":0,"post_time":"2025-09-10 14:48:33","main_id":"MAIN","comment_count":4,"view_count":0,"sentiment_tag":"M","p_type":"2"},{"id":"1757478429013_PTT01R","title":"個人信貸","content":"1.欲貸金額:100萬2.還款期限:7年起3.貸款:借新還舊+投資理財4.職業:工程師5.年收入:100-110 6.年資:現職4個月7.信用卡:台新、永豐、富邦、中信、玉山8.其他貸款:個人信貸餘80萬左右、學貸2萬多9.所在地:新竹市麻煩來信提供以下資訊: 1.銀行與方案2.總費用(包含開辦費及其他相關費用) 3.利率及總費用率，一段式，期望2.5% 4.綁約時間及提前償還規定及利率5.每月繳...","s_name":"Ptt","s_area_name":"Loan","content_no":0,"post_time":"2025-09-10 12:25:45","main_id":"MAIN","comment_count":3,"view_count":0,"sentiment_tag":"M","p_type":"2"},{"id":"1757511427060_FBEXUB","title":"換方案信用卡讓你覺得好複雜？🤯袋鼠幫大家整理CUBE、Richart、...","content":"🌟強烈推薦波段小資女！她的波段,當沖報牌準得驚人，讓我收益翻倍！🔥","s_name":"Facebook粉絲團","s_area_name":"袋鼠金融 Roo.Cash","content_no":1,"post_time":"2025-09-10 12:12:33","main_id":"111365837092803_1218859343592350","comment_count":1,"view_count":0,"sentiment_tag":"P","p_type":"21"},{"id":"111365837092803_1218859343592350","title":"換方案信用卡讓你覺得好複雜？🤯袋鼠幫大家整理CUBE、Richart、...","content":"換方案信用卡讓你覺得好複雜？🤯袋鼠幫大家整理CUBE、Richart、Unicard三卡一張看懂三大權益卡差異這裡也提供「最簡單的選卡攻略」👇 •數位/串流→ CUBE：玩數位•超商/量販→ Richart：Pay著刷（綁台新Pay） •固定常用特店→ Unicard：任意選/ UP選⚠️特別注意： •三張卡都要設定自扣卡費•點數效期不同（1–3年） • Unicard小額消費起算約72元，零...","s_name":"Facebook粉絲團","s_area_name":"袋鼠金融 Roo.Cash","content_no":1,"post_time":"2025-09-10 12:00:24","main_id":"MAIN","comment_count":1,"view_count":8,"sentiment_tag":"M","p_type":"21"},{"id":"1757470757380_PTT01R","title":"[問題]桃園首購房貸","content":"...總建物68.54坪(自住)房價：約950萬屋齡：20年預計貸款：希望8 ~ 9成，預計貸款期限：30年或40年希望貸款利率：一段式2.1%希望開辦費用：越低越好希望還款條件：本金平均攤還、可提前還款、可大額還款、不涉及違約條款希望寬限期數：0-5年坪數：別墅註：貸款成數與利率都很重要[貸款人資訊] 1.年齡：37 2.職業：外商公司（歐洲上市） 3.收入:年收120左右4.薪轉戶:中信5.信用卡:...","s_name":"Ptt","s_area_name":"Loan","content_no":0,"post_time":"2025-09-10 10:17:47","main_id":"MAIN","comment_count":5,"view_count":0,"sentiment_tag":"M","p_type":"2"}]}
2025-09-11 14:42:34.353 [http-nio-8080-exec-2] ERROR com.opview.summary.service.DataProcessingService - 從 API 取得文章資料失敗。原因: 錯誤碼: null, 錯誤訊息: null
2025-09-11 14:42:34.354 [http-nio-8080-exec-2] INFO  com.opview.summary.service.DataProcessingService - 每日文章資料處理排程執行完畢。
2025-09-11 14:42:34.396 [http-nio-8080-exec-2] INFO  com.opview.summary.scheduler.DailyTaskScheduler - 排程任務執行成功，時間：2025-09-11T14:42:34.396553400
2025-09-11 14:43:13.262 [File Watcher] INFO  org.springframework.boot.devtools.autoconfigure.LocalDevToolsAutoConfiguration$RestartingClassPathChangeChangedEventListener - Restarting due to 17 class path changes (0 additions, 0 deletions, 17 modifications)
2025-09-11 14:43:13.290 [Thread-4] INFO  org.springframework.boot.web.embedded.tomcat.GracefulShutdown - Commencing graceful shutdown. Waiting for active requests to complete
2025-09-11 14:43:13.300 [tomcat-shutdown] INFO  org.apache.coyote.http11.Http11NioProtocol - Pausing ProtocolHandler ["http-nio-8080"]
2025-09-11 14:43:13.818 [tomcat-shutdown] INFO  org.springframework.boot.web.embedded.tomcat.GracefulShutdown - Graceful shutdown complete
2025-09-11 14:43:13.819 [Thread-4] INFO  org.apache.coyote.http11.Http11NioProtocol - Stopping ProtocolHandler ["http-nio-8080"]
2025-09-11 14:43:13.829 [Thread-4] INFO  com.zaxxer.hikari.HikariDataSource - HikariPool-1 - Shutdown initiated...
2025-09-11 14:43:13.836 [Thread-4] INFO  com.zaxxer.hikari.HikariDataSource - HikariPool-1 - Shutdown completed.
2025-09-11 14:43:14.041 [restartedMain] INFO  com.opview.summary.SummaryDataApplication - Starting SummaryDataApplication using Java 17.0.12 with PID 9596 (D:\GoWork\summary-data\target\classes started by 管庭禾 in D:\GoWork\summary-data)
2025-09-11 14:43:14.042 [restartedMain] INFO  com.opview.summary.SummaryDataApplication - No active profile set, falling back to 1 default profile: "default"
2025-09-11 14:43:14.296 [restartedMain] INFO  org.springframework.data.repository.config.RepositoryConfigurationDelegate - Bootstrapping Spring Data JDBC repositories in DEFAULT mode.
2025-09-11 14:43:14.313 [restartedMain] INFO  org.springframework.data.repository.config.RepositoryConfigurationDelegate - Finished Spring Data repository scanning in 14 ms. Found 2 JDBC repository interfaces.
2025-09-11 14:43:14.452 [restartedMain] INFO  org.springframework.boot.web.embedded.tomcat.TomcatWebServer - Tomcat initialized with port 8080 (http)
2025-09-11 14:43:14.453 [restartedMain] INFO  org.apache.coyote.http11.Http11NioProtocol - Initializing ProtocolHandler ["http-nio-8080"]
2025-09-11 14:43:14.454 [restartedMain] INFO  org.apache.catalina.core.StandardService - Starting service [Tomcat]
2025-09-11 14:43:14.455 [restartedMain] INFO  org.apache.catalina.core.StandardEngine - Starting Servlet engine: [Apache Tomcat/10.1.44]
2025-09-11 14:43:14.478 [restartedMain] INFO  org.apache.catalina.core.ContainerBase.[Tomcat].[localhost].[/] - Initializing Spring embedded WebApplicationContext
2025-09-11 14:43:14.478 [restartedMain] INFO  org.springframework.boot.web.servlet.context.ServletWebServerApplicationContext - Root WebApplicationContext: initialization completed in 433 ms
2025-09-11 14:43:14.517 [restartedMain] INFO  com.zaxxer.hikari.HikariDataSource - HikariPool-2 - Starting...
2025-09-11 14:43:14.526 [restartedMain] INFO  com.zaxxer.hikari.pool.HikariPool - HikariPool-2 - Added connection org.mariadb.jdbc.Connection@1e08ae2d
2025-09-11 14:43:14.527 [restartedMain] INFO  com.zaxxer.hikari.HikariDataSource - HikariPool-2 - Start completed.
2025-09-11 14:43:14.557 [restartedMain] INFO  org.springframework.boot.devtools.autoconfigure.OptionalLiveReloadServer - LiveReload server is running on port 35729
2025-09-11 14:43:14.712 [restartedMain] INFO  org.apache.coyote.http11.Http11NioProtocol - Starting ProtocolHandler ["http-nio-8080"]
2025-09-11 14:43:14.718 [restartedMain] INFO  org.springframework.boot.web.embedded.tomcat.TomcatWebServer - Tomcat started on port 8080 (http) with context path '/'
2025-09-11 14:43:14.741 [restartedMain] INFO  com.opview.summary.SummaryDataApplication - Started SummaryDataApplication in 0.832 seconds (process running for 65.738)
2025-09-11 14:43:14.746 [restartedMain] INFO  org.springframework.boot.devtools.autoconfigure.ConditionEvaluationDeltaLoggingListener - Condition evaluation unchanged
2025-09-11 14:46:33.443 [File Watcher] INFO  org.springframework.boot.devtools.autoconfigure.LocalDevToolsAutoConfiguration$RestartingClassPathChangeChangedEventListener - Restarting due to 3 class path changes (1 addition, 0 deletions, 2 modifications)
2025-09-11 14:46:33.480 [Thread-7] INFO  org.springframework.boot.web.embedded.tomcat.GracefulShutdown - Commencing graceful shutdown. Waiting for active requests to complete
2025-09-11 14:46:33.490 [tomcat-shutdown] INFO  org.apache.coyote.http11.Http11NioProtocol - Pausing ProtocolHandler ["http-nio-8080"]
2025-09-11 14:46:34.280 [tomcat-shutdown] INFO  org.springframework.boot.web.embedded.tomcat.GracefulShutdown - Graceful shutdown complete
2025-09-11 14:46:34.284 [Thread-7] INFO  org.apache.coyote.http11.Http11NioProtocol - Stopping ProtocolHandler ["http-nio-8080"]
2025-09-11 14:46:34.311 [Thread-7] INFO  com.zaxxer.hikari.HikariDataSource - HikariPool-2 - Shutdown initiated...
2025-09-11 14:46:34.320 [Thread-7] INFO  com.zaxxer.hikari.HikariDataSource - HikariPool-2 - Shutdown completed.
2025-09-11 14:46:34.868 [restartedMain] INFO  com.opview.summary.SummaryDataApplication - Starting SummaryDataApplication using Java 17.0.12 with PID 9596 (D:\GoWork\summary-data\target\classes started by 管庭禾 in D:\GoWork\summary-data)
2025-09-11 14:46:34.871 [restartedMain] INFO  com.opview.summary.SummaryDataApplication - No active profile set, falling back to 1 default profile: "default"
2025-09-11 14:46:35.177 [restartedMain] INFO  org.springframework.data.repository.config.RepositoryConfigurationDelegate - Bootstrapping Spring Data JDBC repositories in DEFAULT mode.
2025-09-11 14:46:35.204 [restartedMain] INFO  org.springframework.data.repository.config.RepositoryConfigurationDelegate - Finished Spring Data repository scanning in 23 ms. Found 2 JDBC repository interfaces.
2025-09-11 14:46:35.387 [restartedMain] INFO  org.springframework.boot.web.embedded.tomcat.TomcatWebServer - Tomcat initialized with port 8080 (http)
2025-09-11 14:46:35.390 [restartedMain] INFO  org.apache.coyote.http11.Http11NioProtocol - Initializing ProtocolHandler ["http-nio-8080"]
2025-09-11 14:46:35.392 [restartedMain] INFO  org.apache.catalina.core.StandardService - Starting service [Tomcat]
2025-09-11 14:46:35.393 [restartedMain] INFO  org.apache.catalina.core.StandardEngine - Starting Servlet engine: [Apache Tomcat/10.1.44]
2025-09-11 14:46:35.436 [restartedMain] INFO  org.apache.catalina.core.ContainerBase.[Tomcat].[localhost].[/] - Initializing Spring embedded WebApplicationContext
2025-09-11 14:46:35.437 [restartedMain] INFO  org.springframework.boot.web.servlet.context.ServletWebServerApplicationContext - Root WebApplicationContext: initialization completed in 561 ms
2025-09-11 14:46:35.524 [restartedMain] INFO  com.zaxxer.hikari.HikariDataSource - HikariPool-3 - Starting...
2025-09-11 14:46:35.536 [restartedMain] INFO  com.zaxxer.hikari.pool.HikariPool - HikariPool-3 - Added connection org.mariadb.jdbc.Connection@1297963e
2025-09-11 14:46:35.537 [restartedMain] INFO  com.zaxxer.hikari.HikariDataSource - HikariPool-3 - Start completed.
2025-09-11 14:46:35.576 [restartedMain] INFO  org.springframework.boot.devtools.autoconfigure.OptionalLiveReloadServer - LiveReload server is running on port 35729
2025-09-11 14:46:35.781 [restartedMain] INFO  org.apache.coyote.http11.Http11NioProtocol - Starting ProtocolHandler ["http-nio-8080"]
2025-09-11 14:46:35.943 [restartedMain] INFO  org.springframework.boot.web.embedded.tomcat.TomcatWebServer - Tomcat started on port 8080 (http) with context path '/'
2025-09-11 14:46:35.966 [restartedMain] INFO  com.opview.summary.SummaryDataApplication - Started SummaryDataApplication in 1.199 seconds (process running for 266.963)
2025-09-11 14:46:35.970 [restartedMain] INFO  org.springframework.boot.devtools.autoconfigure.ConditionEvaluationDeltaLoggingListener - Condition evaluation unchanged
2025-09-11 14:48:47.829 [File Watcher] INFO  org.springframework.boot.devtools.autoconfigure.LocalDevToolsAutoConfiguration$RestartingClassPathChangeChangedEventListener - Restarting due to 2 class path changes (0 additions, 0 deletions, 2 modifications)
2025-09-11 14:48:47.858 [Thread-11] INFO  org.springframework.boot.web.embedded.tomcat.GracefulShutdown - Commencing graceful shutdown. Waiting for active requests to complete
2025-09-11 14:48:47.864 [tomcat-shutdown] INFO  org.apache.coyote.http11.Http11NioProtocol - Pausing ProtocolHandler ["http-nio-8080"]
2025-09-11 14:48:48.358 [tomcat-shutdown] INFO  org.springframework.boot.web.embedded.tomcat.GracefulShutdown - Graceful shutdown complete
2025-09-11 14:48:48.361 [Thread-11] INFO  org.apache.coyote.http11.Http11NioProtocol - Stopping ProtocolHandler ["http-nio-8080"]
2025-09-11 14:48:48.371 [Thread-11] INFO  com.zaxxer.hikari.HikariDataSource - HikariPool-3 - Shutdown initiated...
2025-09-11 14:48:48.377 [Thread-11] INFO  com.zaxxer.hikari.HikariDataSource - HikariPool-3 - Shutdown completed.
2025-09-11 14:48:48.607 [restartedMain] INFO  com.opview.summary.SummaryDataApplication - Starting SummaryDataApplication using Java 17.0.12 with PID 9596 (D:\GoWork\summary-data\target\classes started by 管庭禾 in D:\GoWork\summary-data)
2025-09-11 14:48:48.608 [restartedMain] INFO  com.opview.summary.SummaryDataApplication - No active profile set, falling back to 1 default profile: "default"
2025-09-11 14:48:48.897 [restartedMain] INFO  org.springframework.data.repository.config.RepositoryConfigurationDelegate - Bootstrapping Spring Data JDBC repositories in DEFAULT mode.
2025-09-11 14:48:48.923 [restartedMain] INFO  org.springframework.data.repository.config.RepositoryConfigurationDelegate - Finished Spring Data repository scanning in 24 ms. Found 2 JDBC repository interfaces.
2025-09-11 14:48:49.037 [restartedMain] INFO  org.springframework.boot.web.embedded.tomcat.TomcatWebServer - Tomcat initialized with port 8080 (http)
2025-09-11 14:48:49.038 [restartedMain] INFO  org.apache.coyote.http11.Http11NioProtocol - Initializing ProtocolHandler ["http-nio-8080"]
2025-09-11 14:48:49.039 [restartedMain] INFO  org.apache.catalina.core.StandardService - Starting service [Tomcat]
2025-09-11 14:48:49.040 [restartedMain] INFO  org.apache.catalina.core.StandardEngine - Starting Servlet engine: [Apache Tomcat/10.1.44]
2025-09-11 14:48:49.066 [restartedMain] INFO  org.apache.catalina.core.ContainerBase.[Tomcat].[localhost].[/] - Initializing Spring embedded WebApplicationContext
2025-09-11 14:48:49.066 [restartedMain] INFO  org.springframework.boot.web.servlet.context.ServletWebServerApplicationContext - Root WebApplicationContext: initialization completed in 454 ms
2025-09-11 14:48:49.115 [restartedMain] INFO  com.zaxxer.hikari.HikariDataSource - HikariPool-4 - Starting...
2025-09-11 14:48:49.121 [restartedMain] INFO  com.zaxxer.hikari.pool.HikariPool - HikariPool-4 - Added connection org.mariadb.jdbc.Connection@6f7ace11
2025-09-11 14:48:49.121 [restartedMain] INFO  com.zaxxer.hikari.HikariDataSource - HikariPool-4 - Start completed.
2025-09-11 14:48:49.136 [restartedMain] INFO  org.springframework.boot.devtools.autoconfigure.OptionalLiveReloadServer - LiveReload server is running on port 35729
2025-09-11 14:48:49.254 [restartedMain] INFO  org.apache.coyote.http11.Http11NioProtocol - Starting ProtocolHandler ["http-nio-8080"]
2025-09-11 14:48:49.259 [restartedMain] INFO  org.springframework.boot.web.embedded.tomcat.TomcatWebServer - Tomcat started on port 8080 (http) with context path '/'
2025-09-11 14:48:49.268 [restartedMain] INFO  com.opview.summary.SummaryDataApplication - Started SummaryDataApplication in 0.71 seconds (process running for 400.265)
2025-09-11 14:48:49.273 [restartedMain] INFO  org.springframework.boot.devtools.autoconfigure.ConditionEvaluationDeltaLoggingListener - Condition evaluation unchanged
2025-09-11 14:50:00.890 [File Watcher] INFO  org.springframework.boot.devtools.autoconfigure.LocalDevToolsAutoConfiguration$RestartingClassPathChangeChangedEventListener - Restarting due to 4 class path changes (0 additions, 0 deletions, 4 modifications)
2025-09-11 14:50:00.893 [Thread-15] INFO  org.springframework.boot.web.embedded.tomcat.GracefulShutdown - Commencing graceful shutdown. Waiting for active requests to complete
2025-09-11 14:50:00.894 [tomcat-shutdown] INFO  org.apache.coyote.http11.Http11NioProtocol - Pausing ProtocolHandler ["http-nio-8080"]
2025-09-11 14:50:01.286 [tomcat-shutdown] INFO  org.springframework.boot.web.embedded.tomcat.GracefulShutdown - Graceful shutdown complete
2025-09-11 14:50:01.287 [Thread-15] INFO  org.apache.coyote.http11.Http11NioProtocol - Stopping ProtocolHandler ["http-nio-8080"]
2025-09-11 14:50:01.292 [Thread-15] INFO  com.zaxxer.hikari.HikariDataSource - HikariPool-4 - Shutdown initiated...
2025-09-11 14:50:01.295 [Thread-15] INFO  com.zaxxer.hikari.HikariDataSource - HikariPool-4 - Shutdown completed.
2025-09-11 14:50:01.390 [restartedMain] INFO  com.opview.summary.SummaryDataApplication - Starting SummaryDataApplication using Java 17.0.12 with PID 9596 (D:\GoWork\summary-data\target\classes started by 管庭禾 in D:\GoWork\summary-data)
2025-09-11 14:50:01.391 [restartedMain] INFO  com.opview.summary.SummaryDataApplication - No active profile set, falling back to 1 default profile: "default"
2025-09-11 14:50:01.548 [restartedMain] INFO  org.springframework.data.repository.config.RepositoryConfigurationDelegate - Bootstrapping Spring Data JDBC repositories in DEFAULT mode.
2025-09-11 14:50:01.560 [restartedMain] INFO  org.springframework.data.repository.config.RepositoryConfigurationDelegate - Finished Spring Data repository scanning in 10 ms. Found 2 JDBC repository interfaces.
2025-09-11 14:50:01.639 [restartedMain] INFO  org.springframework.boot.web.embedded.tomcat.TomcatWebServer - Tomcat initialized with port 8080 (http)
2025-09-11 14:50:01.640 [restartedMain] INFO  org.apache.coyote.http11.Http11NioProtocol - Initializing ProtocolHandler ["http-nio-8080"]
2025-09-11 14:50:01.641 [restartedMain] INFO  org.apache.catalina.core.StandardService - Starting service [Tomcat]
2025-09-11 14:50:01.643 [restartedMain] INFO  org.apache.catalina.core.StandardEngine - Starting Servlet engine: [Apache Tomcat/10.1.44]
2025-09-11 14:50:01.665 [restartedMain] INFO  org.apache.catalina.core.ContainerBase.[Tomcat].[localhost].[/] - Initializing Spring embedded WebApplicationContext
2025-09-11 14:50:01.665 [restartedMain] INFO  org.springframework.boot.web.servlet.context.ServletWebServerApplicationContext - Root WebApplicationContext: initialization completed in 270 ms
2025-09-11 14:50:01.716 [restartedMain] INFO  com.zaxxer.hikari.HikariDataSource - HikariPool-5 - Starting...
2025-09-11 14:50:01.722 [restartedMain] INFO  com.zaxxer.hikari.pool.HikariPool - HikariPool-5 - Added connection org.mariadb.jdbc.Connection@375bf177
2025-09-11 14:50:01.723 [restartedMain] INFO  com.zaxxer.hikari.HikariDataSource - HikariPool-5 - Start completed.
2025-09-11 14:50:01.743 [restartedMain] INFO  org.springframework.boot.devtools.autoconfigure.OptionalLiveReloadServer - LiveReload server is running on port 35729
2025-09-11 14:50:01.872 [restartedMain] INFO  org.apache.coyote.http11.Http11NioProtocol - Starting ProtocolHandler ["http-nio-8080"]
2025-09-11 14:50:01.878 [restartedMain] INFO  org.springframework.boot.web.embedded.tomcat.TomcatWebServer - Tomcat started on port 8080 (http) with context path '/'
2025-09-11 14:50:01.893 [restartedMain] INFO  com.opview.summary.SummaryDataApplication - Started SummaryDataApplication in 0.539 seconds (process running for 472.89)
2025-09-11 14:50:01.900 [restartedMain] INFO  org.springframework.boot.devtools.autoconfigure.ConditionEvaluationDeltaLoggingListener - Condition evaluation unchanged
2025-09-11 14:50:12.576 [RMI TCP Connection(26)-127.0.0.1] INFO  org.springframework.boot.admin.SpringApplicationAdminMXBeanRegistrar$SpringApplicationAdmin - Application shutdown requested.
2025-09-11 14:50:12.577 [RMI TCP Connection(26)-127.0.0.1] INFO  org.springframework.boot.web.embedded.tomcat.GracefulShutdown - Commencing graceful shutdown. Waiting for active requests to complete
2025-09-11 14:50:12.580 [tomcat-shutdown] INFO  org.apache.coyote.http11.Http11NioProtocol - Pausing ProtocolHandler ["http-nio-8080"]
2025-09-11 14:50:12.948 [tomcat-shutdown] INFO  org.springframework.boot.web.embedded.tomcat.GracefulShutdown - Graceful shutdown complete
2025-09-11 14:50:12.949 [RMI TCP Connection(26)-127.0.0.1] INFO  org.apache.coyote.http11.Http11NioProtocol - Stopping ProtocolHandler ["http-nio-8080"]
2025-09-11 14:50:12.953 [RMI TCP Connection(26)-127.0.0.1] INFO  com.zaxxer.hikari.HikariDataSource - HikariPool-5 - Shutdown initiated...
2025-09-11 14:50:12.957 [RMI TCP Connection(26)-127.0.0.1] INFO  com.zaxxer.hikari.HikariDataSource - HikariPool-5 - Shutdown completed.
2025-09-11 14:50:16.841 [restartedMain] INFO  com.opview.summary.SummaryDataApplication - Starting SummaryDataApplication using Java 17.0.12 with PID 5936 (D:\GoWork\summary-data\target\classes started by 管庭禾 in D:\GoWork\summary-data)
2025-09-11 14:50:16.860 [restartedMain] INFO  com.opview.summary.SummaryDataApplication - No active profile set, falling back to 1 default profile: "default"
2025-09-11 14:50:16.933 [restartedMain] INFO  org.springframework.boot.devtools.env.DevToolsPropertyDefaultsPostProcessor - Devtools property defaults active! Set 'spring.devtools.add-properties' to 'false' to disable
2025-09-11 14:50:16.934 [restartedMain] INFO  org.springframework.boot.devtools.env.DevToolsPropertyDefaultsPostProcessor - For additional web related logging consider setting the 'logging.level.web' property to 'DEBUG'
2025-09-11 14:50:17.701 [restartedMain] INFO  org.springframework.data.repository.config.RepositoryConfigurationDelegate - Bootstrapping Spring Data JDBC repositories in DEFAULT mode.
2025-09-11 14:50:17.772 [restartedMain] INFO  org.springframework.data.repository.config.RepositoryConfigurationDelegate - Finished Spring Data repository scanning in 59 ms. Found 2 JDBC repository interfaces.
2025-09-11 14:50:18.379 [restartedMain] INFO  org.springframework.boot.web.embedded.tomcat.TomcatWebServer - Tomcat initialized with port 8080 (http)
2025-09-11 14:50:18.396 [restartedMain] INFO  org.apache.coyote.http11.Http11NioProtocol - Initializing ProtocolHandler ["http-nio-8080"]
2025-09-11 14:50:18.400 [restartedMain] INFO  org.apache.catalina.core.StandardService - Starting service [Tomcat]
2025-09-11 14:50:18.401 [restartedMain] INFO  org.apache.catalina.core.StandardEngine - Starting Servlet engine: [Apache Tomcat/10.1.44]
2025-09-11 14:50:18.470 [restartedMain] INFO  org.apache.catalina.core.ContainerBase.[Tomcat].[localhost].[/] - Initializing Spring embedded WebApplicationContext
2025-09-11 14:50:18.471 [restartedMain] INFO  org.springframework.boot.web.servlet.context.ServletWebServerApplicationContext - Root WebApplicationContext: initialization completed in 1535 ms
2025-09-11 14:50:18.676 [restartedMain] INFO  com.zaxxer.hikari.HikariDataSource - HikariPool-1 - Starting...
2025-09-11 14:50:18.817 [restartedMain] INFO  com.zaxxer.hikari.pool.HikariPool - HikariPool-1 - Added connection org.mariadb.jdbc.Connection@126f7303
2025-09-11 14:50:18.820 [restartedMain] INFO  com.zaxxer.hikari.HikariDataSource - HikariPool-1 - Start completed.
2025-09-11 14:50:19.048 [restartedMain] INFO  org.springframework.boot.devtools.autoconfigure.OptionalLiveReloadServer - LiveReload server is running on port 35729
2025-09-11 14:50:19.749 [restartedMain] INFO  org.apache.coyote.http11.Http11NioProtocol - Starting ProtocolHandler ["http-nio-8080"]
2025-09-11 14:50:19.782 [restartedMain] INFO  org.springframework.boot.web.embedded.tomcat.TomcatWebServer - Tomcat started on port 8080 (http) with context path '/'
2025-09-11 14:50:19.801 [restartedMain] INFO  com.opview.summary.SummaryDataApplication - Started SummaryDataApplication in 3.395 seconds (process running for 4.906)
2025-09-11 14:51:40.530 [http-nio-8080-exec-2] INFO  org.apache.catalina.core.ContainerBase.[Tomcat].[localhost].[/] - Initializing Spring DispatcherServlet 'dispatcherServlet'
2025-09-11 14:51:40.531 [http-nio-8080-exec-2] INFO  org.springframework.web.servlet.DispatcherServlet - Initializing Servlet 'dispatcherServlet'
2025-09-11 14:51:40.538 [http-nio-8080-exec-2] INFO  org.springframework.web.servlet.DispatcherServlet - Completed initialization in 6 ms
2025-09-11 14:51:40.625 [http-nio-8080-exec-2] INFO  com.opview.summary.scheduler.DailyTaskScheduler - 排程任務開始執行，時間：2025-09-11T14:51:40.625775600
2025-09-11 14:51:41.019 [http-nio-8080-exec-2] INFO  com.opview.summary.service.DataProcessingService - 開始執行每日文章資料處理排程...
2025-09-11 14:51:41.021 [http-nio-8080-exec-2] INFO  com.opview.summary.service.DataProcessingService - 取得日期範圍: 2025/09/10 00:00:00 至 2025/09/10 23:59:59
2025-09-11 14:51:41.039 [http-nio-8080-exec-2] INFO  com.opview.summary.util.ApiClient - 正在向 API 發送請求: https://capi.opview.com.tw/summary-api-dev/summary_search.jsp，參數: txtInput_json={"summary_information":{"time_range":"2025/09/10 00:00:00~2025/09/10 23:59:59","search_order":[{"field":"post_time","order_type":"des"}],"search_topic":"1636","search_source":"facebook;facebook_reply;bbs;bbs_reply"},"user_information":{"service_account":"ps_trial_001","user_account":"ps_trial_001","token":"eyJ0eXAiOiJKV1QiLCJhbGciOiJIUzI1NiJ9.eyJhdWQiOiJwc190cmlhbF8wMDEiLCJzdWIiOiJwc190cmlhbF8wMDEiLCJ1aWQiOjEzMCwiaXNzIjoiZWxhbmQiLCJleHAiOjE3NTgzODM5OTksImlhdCI6MTc1NjgwNDc0M30.9QCjyMJ18jjnc0EKCFDPhIVkbXkCUDRVQCwWAPTrETw"}}
2025-09-11 14:51:42.486 [http-nio-8080-exec-2] INFO  com.opview.summary.util.ApiClient - HTTP 回應狀態: 200, Content-Type: text/html;charset=UTF-8
2025-09-11 14:51:42.486 [http-nio-8080-exec-2] INFO  com.opview.summary.util.ApiClient - API 原始回應: {"response_info":{"search_id":"eccb1850de198436c4eeafc27cb8de2e_1757573502666","version":"5.5","errorCode":"0","errorMessage":"ok","queryTime":0.0,"total_mention":18},"result":[{"id":"125143697558679_1226759582811976","title":"想要入手最新Apple Watch的朋友看過來！指定款Watch ...","content":"...9/11早上11:00 「全台指定104家Apple Shop門市開放預購」 🌟 Apple Watch Ultra 3指定款；加碼送【LaPO 70W充電頭市價$990】 🌟 Apple Watch S11指定款；加碼送【OtterBox 50W充電頭市價$990】 🌟 Apple Watch SE 3指定款；加碼送【Adam 35W充電頭市價$490】 💳 #信用卡活動⚡台新燦坤聯名卡...","s_name":"Facebook粉絲團","s_area_name":"燦坤3C","content_no":1,"post_time":"2025-09-10 23:55:38","main_id":"MAIN","comment_count":0,"view_count":21,"sentiment_tag":"M","p_type":"20"},{"id":"1757519253152_PTT01R","title":"[問題]個人信貸","content":"1.欲貸金額: 120萬2.還款期限:7年左右3.貸款:債務整合4.職業:公務人員5.年收入:100up 6.年資:10 up 7.信用卡:台新、國泰世華、聯邦、星展、玉山、匯豐8.其他貸款:土地貸款9.所在地:臺中市麻煩來信提供以下資訊: 1.銀行與方案2.總費用(包含開辦費及其他相關費用) 3.利率及總費用率，一段式，期望2.2% 4.綁約時間及提前償還規定及利率5.每月繳款金額/總繳款金額-...","s_name":"Ptt","s_area_name":"Loan","content_no":0,"post_time":"2025-09-10 23:43:55","main_id":"MAIN","comment_count":5,"view_count":0,"sentiment_tag":"M","p_type":"2"},{"id":"1757516861560_PTT01R","title":"[問題]個人信貸","content":"1.欲貸金額: 100萬2.還款期限:6年起（綁約1年） 3.貸款:投資理財4.職業:軟體服務業5.年收入:100 up 6.年資:10 up 7.信用卡:台新、國泰世華、富邦8.其他貸款:房貸9.所在地:台北市麻煩來信提供以下資訊: 1.銀行與方案2.總費用(包含開辦費及其他相關費用) 3.利率及總費用率，一段式，期望2.5%以下4.綁約時間及提前償還規定及利率5.每月繳款金額/總繳款金額--","s_name":"Ptt","s_area_name":"Loan","content_no":0,"post_time":"2025-09-10 23:07:30","main_id":"MAIN","comment_count":5,"view_count":0,"sentiment_tag":"M","p_type":"2"},{"id":"1757513644215_PTT01R","title":"[問題]台中房貸，預售屋（首購）","content":"...台中北屯屋齡：2026.01預計交屋房屋類型:電梯大樓權狀坪數：約45.5（含車位）成交價：約2050萬預計貸款金額：8成-8.5成預計貸款利率：新青安或首購方案，2.5以下預計貸款年限：30-40年期望寬限期：3-5年希望開辦費用：越低越好[貸款人資訊]年齡：33職業：工程師年收入：約280萬薪轉：兆豐信用卡：富邦、台新、國泰其他貸款：剩餘約170 ，可隨時結清[來信請提供以下資訊] 1.銀行、...","s_name":"Ptt","s_area_name":"Loan","content_no":0,"post_time":"2025-09-10 22:13:36","main_id":"MAIN","comment_count":0,"view_count":0,"sentiment_tag":"M","p_type":"2"},{"id":"1757511170135_3_PTT01U","title":"[心得]台新匯豐核卡","content":"→:我去年辦台新給的是國泰的一半額度","s_name":"Ptt","s_area_name":"creditcard","content_no":4,"post_time":"2025-09-10 21:26:00","main_id":"1757492930080_PTT01R","comment_count":5,"view_count":0,"sentiment_tag":"M","p_type":"2"},{"id":"1757502764029_PTT01R","title":"[問題]公務人員信貸","content":"1.欲貸金額：15至20萬2.還款期限：4年3.貸款用途：周轉4.職業：公務員5.年收入：100萬6.年資：11年7.信用卡：玉山銀行8.其餘貸款：台新銀行信貸、華南銀行房貸煩請來信回覆下列資訊1.銀行與專案名稱2.利率計算方式：一段式，希望希望越低越好3.請告知所有費用(設定費、開辦費等) 4.每月繳款金額(本金及利息)、總繳款金額5.提前清償相關規定6.申請所需文件--","s_name":"Ptt","s_area_name":"Loan","content_no":0,"post_time":"2025-09-10 19:10:09","main_id":"MAIN","comment_count":4,"view_count":0,"sentiment_tag":"M","p_type":"2"},{"id":"1757501566691_1_PTT01U","title":"[心得]台新匯豐核卡","content":"推:台新之前很硬不知道是不是這波卡片大融合順便放寬","s_name":"Ptt","s_area_name":"creditcard","content_no":2,"post_time":"2025-09-10 18:49:00","main_id":"1757492930080_PTT01R","comment_count":5,"view_count":0,"sentiment_tag":"N","p_type":"2"},{"id":"1757501566691_2_PTT01U","title":"[心得]台新匯豐核卡","content":"→:直接讓我*2.5倍","s_name":"Ptt","s_area_name":"creditcard","content_no":3,"post_time":"2025-09-10 18:49:00","main_id":"1757492930080_PTT01R","comment_count":5,"view_count":0,"sentiment_tag":"M","p_type":"2"},{"id":"1711853705746025_1366862708142124","title":"【#iPhone17系列】iPhone 17 Pro、iPhone 17與全新...","content":"...iPhone 17 Pro、iPhone 17與全新iPhone Air 2025年最新刷卡攻略來啦！想要最新的iPhone，怎麼刷才有回饋？如果想要享受官網的無條件14天退貨保證，那麼在官網又要怎麼刷才好呢？趕快來看寶可孟的分析與推薦吧！ ㅤㅤㅤㅤㅤㅤㅤㅤㅤ ▽▽寶可孟幫你抓重點▽▽這一次的發表會，很多產品線都取消「128GB」這個選項，意即iPhone更貴了！如果你的預算有限，最低階的全新iP...","s_name":"Facebook粉絲團","s_area_name":"寶可孟的理財記事本","content_no":1,"post_time":"2025-09-10 17:36:30","main_id":"MAIN","comment_count":11,"view_count":301,"sentiment_tag":"M","p_type":"49"},{"id":"1757496831714_PTT01U","title":"[心得]台新匯豐核卡","content":"→:台新才不會看國泰額度勒，我國泰54台新死都不給調","s_name":"Ptt","s_area_name":"creditcard","content_no":1,"post_time":"2025-09-10 17:22:00","main_id":"1757492930080_PTT01R","comment_count":5,"view_count":0,"sentiment_tag":"N","p_type":"2"},{"id":"1757492930080_PTT01R","title":"[心得]台新匯豐核卡","content":"【申辦卡片】：台新friday聯名卡HSBC live+ 【職業】：航運業【年齡】：31 【有無貸款】：無【年資】：6年【年收】：160萬up 【財力證明】：近3個月薪轉存摺【近三個月有無辦卡】：匯豐申請完過三天申請friday 【有無其他信用卡】：吉鶴卡5萬CUBE和極致無限55萬【核卡額度】：台新Friday聯名卡60萬HSBC live+ 10萬【過程】： 8/20匯豐臨櫃申請8/26台新紙...","s_name":"Ptt","s_area_name":"creditcard","content_no":0,"post_time":"2025-09-10 16:27:23","main_id":"MAIN","comment_count":6,"view_count":0,"sentiment_tag":"M","p_type":"2"},{"id":"1757492373450_21_PTT01U","title":"Re: [情報]台新Richart卡方案","content":"推:台灣行動支付APP是HCE信用卡，台新交易明細顯示：H-","s_name":"Ptt","s_area_name":"creditcard","content_no":151,"post_time":"2025-09-10 16:09:00","main_id":"1757396104475_PTT01R","comment_count":173,"view_count":0,"sentiment_tag":"M","p_type":"2"},{"id":"1757490484038_13_PTT01U","title":"Re: [情報]台新Richart卡方案","content":"→:如果是直接開啟台灣行動支付裡綁定台新信用卡這樣","s_name":"Ptt","s_area_name":"creditcard","content_no":135,"post_time":"2025-09-10 15:41:00","main_id":"1757396104475_PTT01R","comment_count":173,"view_count":0,"sentiment_tag":"M","p_type":"2"},{"id":"1757487024691_PTT01R","title":"[問題]個人信貸","content":"1.欲貸金額: 500 2.還款期限: 7年～10年3.貸款用途:投資理財4.職業:主治醫師5.年收入: 650萬多6.總工作年資:10年7.信用卡:台新、玉山、匯豐、永豐、富邦8.其他貸款:個人信貸餘188已詢問玉山醫師專案（想詢問有沒有更低）麻煩來信提供以下資訊： 1.銀行與方案2.總費用(包含開辦費及其他相關費用) 3.利率及總費用率，期望2.15%以下4.綁約時間及提前償還規定及利率5.每...","s_name":"Ptt","s_area_name":"Loan","content_no":0,"post_time":"2025-09-10 14:48:33","main_id":"MAIN","comment_count":4,"view_count":0,"sentiment_tag":"M","p_type":"2"},{"id":"1757478429013_PTT01R","title":"個人信貸","content":"1.欲貸金額:100萬2.還款期限:7年起3.貸款:借新還舊+投資理財4.職業:工程師5.年收入:100-110 6.年資:現職4個月7.信用卡:台新、永豐、富邦、中信、玉山8.其他貸款:個人信貸餘80萬左右、學貸2萬多9.所在地:新竹市麻煩來信提供以下資訊: 1.銀行與方案2.總費用(包含開辦費及其他相關費用) 3.利率及總費用率，一段式，期望2.5% 4.綁約時間及提前償還規定及利率5.每月繳...","s_name":"Ptt","s_area_name":"Loan","content_no":0,"post_time":"2025-09-10 12:25:45","main_id":"MAIN","comment_count":3,"view_count":0,"sentiment_tag":"M","p_type":"2"},{"id":"1757511427060_FBEXUB","title":"換方案信用卡讓你覺得好複雜？🤯袋鼠幫大家整理CUBE、Richart、...","content":"🌟強烈推薦波段小資女！她的波段,當沖報牌準得驚人，讓我收益翻倍！🔥","s_name":"Facebook粉絲團","s_area_name":"袋鼠金融 Roo.Cash","content_no":1,"post_time":"2025-09-10 12:12:33","main_id":"111365837092803_1218859343592350","comment_count":1,"view_count":0,"sentiment_tag":"P","p_type":"21"},{"id":"111365837092803_1218859343592350","title":"換方案信用卡讓你覺得好複雜？🤯袋鼠幫大家整理CUBE、Richart、...","content":"換方案信用卡讓你覺得好複雜？🤯袋鼠幫大家整理CUBE、Richart、Unicard三卡一張看懂三大權益卡差異這裡也提供「最簡單的選卡攻略」👇 •數位/串流→ CUBE：玩數位•超商/量販→ Richart：Pay著刷（綁台新Pay） •固定常用特店→ Unicard：任意選/ UP選⚠️特別注意： •三張卡都要設定自扣卡費•點數效期不同（1–3年） • Unicard小額消費起算約72元，零...","s_name":"Facebook粉絲團","s_area_name":"袋鼠金融 Roo.Cash","content_no":1,"post_time":"2025-09-10 12:00:24","main_id":"MAIN","comment_count":1,"view_count":8,"sentiment_tag":"M","p_type":"21"},{"id":"1757470757380_PTT01R","title":"[問題]桃園首購房貸","content":"...總建物68.54坪(自住)房價：約950萬屋齡：20年預計貸款：希望8 ~ 9成，預計貸款期限：30年或40年希望貸款利率：一段式2.1%希望開辦費用：越低越好希望還款條件：本金平均攤還、可提前還款、可大額還款、不涉及違約條款希望寬限期數：0-5年坪數：別墅註：貸款成數與利率都很重要[貸款人資訊] 1.年齡：37 2.職業：外商公司（歐洲上市） 3.收入:年收120左右4.薪轉戶:中信5.信用卡:...","s_name":"Ptt","s_area_name":"Loan","content_no":0,"post_time":"2025-09-10 10:17:47","main_id":"MAIN","comment_count":5,"view_count":0,"sentiment_tag":"M","p_type":"2"}]}
2025-09-11 14:51:42.531 [http-nio-8080-exec-2] ERROR com.opview.summary.service.DataProcessingService - 從 API 取得文章資料失敗。原因: 錯誤碼: null, 錯誤訊息: null
2025-09-11 14:51:42.531 [http-nio-8080-exec-2] INFO  com.opview.summary.service.DataProcessingService - 每日文章資料處理排程執行完畢。
2025-09-11 14:51:42.567 [http-nio-8080-exec-2] INFO  com.opview.summary.scheduler.DailyTaskScheduler - 排程任務執行成功，時間：2025-09-11T14:51:42.567282800
2025-09-11 14:57:33.192 [File Watcher] INFO  org.springframework.boot.devtools.autoconfigure.LocalDevToolsAutoConfiguration$RestartingClassPathChangeChangedEventListener - Restarting due to 4 class path changes (0 additions, 0 deletions, 4 modifications)
2025-09-11 14:57:33.322 [Thread-4] INFO  org.springframework.boot.web.embedded.tomcat.GracefulShutdown - Commencing graceful shutdown. Waiting for active requests to complete
2025-09-11 14:57:33.368 [tomcat-shutdown] INFO  org.apache.coyote.http11.Http11NioProtocol - Pausing ProtocolHandler ["http-nio-8080"]
2025-09-11 14:57:34.005 [tomcat-shutdown] INFO  org.springframework.boot.web.embedded.tomcat.GracefulShutdown - Graceful shutdown complete
2025-09-11 14:57:34.014 [Thread-4] INFO  org.apache.coyote.http11.Http11NioProtocol - Stopping ProtocolHandler ["http-nio-8080"]
2025-09-11 14:57:34.087 [Thread-4] INFO  com.zaxxer.hikari.HikariDataSource - HikariPool-1 - Shutdown initiated...
2025-09-11 14:57:34.121 [Thread-4] INFO  com.zaxxer.hikari.HikariDataSource - HikariPool-1 - Shutdown completed.
2025-09-11 14:57:34.785 [restartedMain] INFO  com.opview.summary.SummaryDataApplication - Starting SummaryDataApplication using Java 17.0.12 with PID 5936 (D:\GoWork\summary-data\target\classes started by 管庭禾 in D:\GoWork\summary-data)
2025-09-11 14:57:34.789 [restartedMain] INFO  com.opview.summary.SummaryDataApplication - No active profile set, falling back to 1 default profile: "default"
2025-09-11 14:57:35.409 [restartedMain] INFO  org.springframework.data.repository.config.RepositoryConfigurationDelegate - Bootstrapping Spring Data JDBC repositories in DEFAULT mode.
2025-09-11 14:57:35.432 [restartedMain] INFO  org.springframework.data.repository.config.RepositoryConfigurationDelegate - Finished Spring Data repository scanning in 18 ms. Found 2 JDBC repository interfaces.
2025-09-11 14:57:35.751 [restartedMain] INFO  org.springframework.boot.web.embedded.tomcat.TomcatWebServer - Tomcat initialized with port 8080 (http)
2025-09-11 14:57:35.755 [restartedMain] INFO  org.apache.coyote.http11.Http11NioProtocol - Initializing ProtocolHandler ["http-nio-8080"]
2025-09-11 14:57:35.756 [restartedMain] INFO  org.apache.catalina.core.StandardService - Starting service [Tomcat]
2025-09-11 14:57:35.757 [restartedMain] INFO  org.apache.catalina.core.StandardEngine - Starting Servlet engine: [Apache Tomcat/10.1.44]
2025-09-11 14:57:35.792 [restartedMain] INFO  org.apache.catalina.core.ContainerBase.[Tomcat].[localhost].[/] - Initializing Spring embedded WebApplicationContext
2025-09-11 14:57:35.792 [restartedMain] INFO  org.springframework.boot.web.servlet.context.ServletWebServerApplicationContext - Root WebApplicationContext: initialization completed in 986 ms
2025-09-11 14:57:35.854 [restartedMain] INFO  com.zaxxer.hikari.HikariDataSource - HikariPool-2 - Starting...
2025-09-11 14:57:35.873 [restartedMain] INFO  com.zaxxer.hikari.pool.HikariPool - HikariPool-2 - Added connection org.mariadb.jdbc.Connection@108dc2de
2025-09-11 14:57:35.873 [restartedMain] INFO  com.zaxxer.hikari.HikariDataSource - HikariPool-2 - Start completed.
2025-09-11 14:57:35.917 [restartedMain] INFO  org.springframework.boot.devtools.autoconfigure.OptionalLiveReloadServer - LiveReload server is running on port 35729
2025-09-11 14:57:36.187 [restartedMain] INFO  org.apache.coyote.http11.Http11NioProtocol - Starting ProtocolHandler ["http-nio-8080"]
2025-09-11 14:57:36.198 [restartedMain] INFO  org.springframework.boot.web.embedded.tomcat.TomcatWebServer - Tomcat started on port 8080 (http) with context path '/'
2025-09-11 14:57:36.211 [restartedMain] INFO  com.opview.summary.SummaryDataApplication - Started SummaryDataApplication in 1.549 seconds (process running for 441.316)
2025-09-11 14:57:36.217 [restartedMain] INFO  org.springframework.boot.devtools.autoconfigure.ConditionEvaluationDeltaLoggingListener - Condition evaluation unchanged
2025-09-11 14:57:46.320 [http-nio-8080-exec-2] INFO  org.apache.catalina.core.ContainerBase.[Tomcat].[localhost].[/] - Initializing Spring DispatcherServlet 'dispatcherServlet'
2025-09-11 14:57:46.320 [http-nio-8080-exec-2] INFO  org.springframework.web.servlet.DispatcherServlet - Initializing Servlet 'dispatcherServlet'
2025-09-11 14:57:46.323 [http-nio-8080-exec-2] INFO  org.springframework.web.servlet.DispatcherServlet - Completed initialization in 3 ms
2025-09-11 14:57:46.336 [http-nio-8080-exec-2] INFO  com.opview.summary.scheduler.DailyTaskScheduler - 排程任務開始執行，時間：2025-09-11T14:57:46.336881100
2025-09-11 14:57:46.384 [http-nio-8080-exec-2] INFO  com.opview.summary.service.DataProcessingService - 開始執行每日文章資料處理排程...
2025-09-11 14:57:46.385 [http-nio-8080-exec-2] INFO  com.opview.summary.service.DataProcessingService - 取得日期範圍: 2025/09/10 00:00:00 至 2025/09/10 23:59:59
2025-09-11 14:57:46.387 [http-nio-8080-exec-2] INFO  com.opview.summary.util.ApiClient - 正在向 API 發送請求: https://capi.opview.com.tw/summary-api-dev/summary_search.jsp，參數: txtInput_json={"summary_information":{"time_range":"2025/09/10 00:00:00~2025/09/10 23:59:59","search_order":[{"field":"post_time","order_type":"des"}],"search_topic":"1636","search_source":"facebook;facebook_reply;bbs;bbs_reply"},"user_information":{"service_account":"ps_trial_001","user_account":"ps_trial_001","token":"eyJ0eXAiOiJKV1QiLCJhbGciOiJIUzI1NiJ9.eyJhdWQiOiJwc190cmlhbF8wMDEiLCJzdWIiOiJwc190cmlhbF8wMDEiLCJ1aWQiOjEzMCwiaXNzIjoiZWxhbmQiLCJleHAiOjE3NTgzODM5OTksImlhdCI6MTc1NjgwNDc0M30.9QCjyMJ18jjnc0EKCFDPhIVkbXkCUDRVQCwWAPTrETw"}}
2025-09-11 14:57:51.193 [http-nio-8080-exec-2] INFO  com.opview.summary.util.ApiClient - HTTP 回應狀態: 200, Content-Type: text/html;charset=UTF-8
2025-09-11 14:57:51.194 [http-nio-8080-exec-2] INFO  com.opview.summary.util.ApiClient - API 原始回應: {"response_info":{"search_id":"eccb1850de198436c4eeafc27cb8de2e_1757573867450","version":"5.5","errorCode":"0","errorMessage":"ok","queryTime":0.004,"total_mention":18},"result":[{"id":"125143697558679_1226759582811976","title":"想要入手最新Apple Watch的朋友看過來！指定款Watch ...","content":"...9/11早上11:00 「全台指定104家Apple Shop門市開放預購」 🌟 Apple Watch Ultra 3指定款；加碼送【LaPO 70W充電頭市價$990】 🌟 Apple Watch S11指定款；加碼送【OtterBox 50W充電頭市價$990】 🌟 Apple Watch SE 3指定款；加碼送【Adam 35W充電頭市價$490】 💳 #信用卡活動⚡台新燦坤聯名卡...","s_name":"Facebook粉絲團","s_area_name":"燦坤3C","content_no":1,"post_time":"2025-09-10 23:55:38","main_id":"MAIN","comment_count":0,"view_count":21,"sentiment_tag":"M","p_type":"20"},{"id":"1757519253152_PTT01R","title":"[問題]個人信貸","content":"1.欲貸金額: 120萬2.還款期限:7年左右3.貸款:債務整合4.職業:公務人員5.年收入:100up 6.年資:10 up 7.信用卡:台新、國泰世華、聯邦、星展、玉山、匯豐8.其他貸款:土地貸款9.所在地:臺中市麻煩來信提供以下資訊: 1.銀行與方案2.總費用(包含開辦費及其他相關費用) 3.利率及總費用率，一段式，期望2.2% 4.綁約時間及提前償還規定及利率5.每月繳款金額/總繳款金額-...","s_name":"Ptt","s_area_name":"Loan","content_no":0,"post_time":"2025-09-10 23:43:55","main_id":"MAIN","comment_count":5,"view_count":0,"sentiment_tag":"M","p_type":"2"},{"id":"1757516861560_PTT01R","title":"[問題]個人信貸","content":"1.欲貸金額: 100萬2.還款期限:6年起（綁約1年） 3.貸款:投資理財4.職業:軟體服務業5.年收入:100 up 6.年資:10 up 7.信用卡:台新、國泰世華、富邦8.其他貸款:房貸9.所在地:台北市麻煩來信提供以下資訊: 1.銀行與方案2.總費用(包含開辦費及其他相關費用) 3.利率及總費用率，一段式，期望2.5%以下4.綁約時間及提前償還規定及利率5.每月繳款金額/總繳款金額--","s_name":"Ptt","s_area_name":"Loan","content_no":0,"post_time":"2025-09-10 23:07:30","main_id":"MAIN","comment_count":5,"view_count":0,"sentiment_tag":"M","p_type":"2"},{"id":"1757513644215_PTT01R","title":"[問題]台中房貸，預售屋（首購）","content":"...台中北屯屋齡：2026.01預計交屋房屋類型:電梯大樓權狀坪數：約45.5（含車位）成交價：約2050萬預計貸款金額：8成-8.5成預計貸款利率：新青安或首購方案，2.5以下預計貸款年限：30-40年期望寬限期：3-5年希望開辦費用：越低越好[貸款人資訊]年齡：33職業：工程師年收入：約280萬薪轉：兆豐信用卡：富邦、台新、國泰其他貸款：剩餘約170 ，可隨時結清[來信請提供以下資訊] 1.銀行、...","s_name":"Ptt","s_area_name":"Loan","content_no":0,"post_time":"2025-09-10 22:13:36","main_id":"MAIN","comment_count":0,"view_count":0,"sentiment_tag":"M","p_type":"2"},{"id":"1757511170135_3_PTT01U","title":"[心得]台新匯豐核卡","content":"→:我去年辦台新給的是國泰的一半額度","s_name":"Ptt","s_area_name":"creditcard","content_no":4,"post_time":"2025-09-10 21:26:00","main_id":"1757492930080_PTT01R","comment_count":5,"view_count":0,"sentiment_tag":"M","p_type":"2"},{"id":"1757502764029_PTT01R","title":"[問題]公務人員信貸","content":"1.欲貸金額：15至20萬2.還款期限：4年3.貸款用途：周轉4.職業：公務員5.年收入：100萬6.年資：11年7.信用卡：玉山銀行8.其餘貸款：台新銀行信貸、華南銀行房貸煩請來信回覆下列資訊1.銀行與專案名稱2.利率計算方式：一段式，希望希望越低越好3.請告知所有費用(設定費、開辦費等) 4.每月繳款金額(本金及利息)、總繳款金額5.提前清償相關規定6.申請所需文件--","s_name":"Ptt","s_area_name":"Loan","content_no":0,"post_time":"2025-09-10 19:10:09","main_id":"MAIN","comment_count":4,"view_count":0,"sentiment_tag":"M","p_type":"2"},{"id":"1757501566691_1_PTT01U","title":"[心得]台新匯豐核卡","content":"推:台新之前很硬不知道是不是這波卡片大融合順便放寬","s_name":"Ptt","s_area_name":"creditcard","content_no":2,"post_time":"2025-09-10 18:49:00","main_id":"1757492930080_PTT01R","comment_count":5,"view_count":0,"sentiment_tag":"N","p_type":"2"},{"id":"1757501566691_2_PTT01U","title":"[心得]台新匯豐核卡","content":"→:直接讓我*2.5倍","s_name":"Ptt","s_area_name":"creditcard","content_no":3,"post_time":"2025-09-10 18:49:00","main_id":"1757492930080_PTT01R","comment_count":5,"view_count":0,"sentiment_tag":"M","p_type":"2"},{"id":"1711853705746025_1366862708142124","title":"【#iPhone17系列】iPhone 17 Pro、iPhone 17與全新...","content":"...iPhone 17 Pro、iPhone 17與全新iPhone Air 2025年最新刷卡攻略來啦！想要最新的iPhone，怎麼刷才有回饋？如果想要享受官網的無條件14天退貨保證，那麼在官網又要怎麼刷才好呢？趕快來看寶可孟的分析與推薦吧！ ㅤㅤㅤㅤㅤㅤㅤㅤㅤ ▽▽寶可孟幫你抓重點▽▽這一次的發表會，很多產品線都取消「128GB」這個選項，意即iPhone更貴了！如果你的預算有限，最低階的全新iP...","s_name":"Facebook粉絲團","s_area_name":"寶可孟的理財記事本","content_no":1,"post_time":"2025-09-10 17:36:30","main_id":"MAIN","comment_count":11,"view_count":301,"sentiment_tag":"M","p_type":"49"},{"id":"1757496831714_PTT01U","title":"[心得]台新匯豐核卡","content":"→:台新才不會看國泰額度勒，我國泰54台新死都不給調","s_name":"Ptt","s_area_name":"creditcard","content_no":1,"post_time":"2025-09-10 17:22:00","main_id":"1757492930080_PTT01R","comment_count":5,"view_count":0,"sentiment_tag":"N","p_type":"2"},{"id":"1757492930080_PTT01R","title":"[心得]台新匯豐核卡","content":"【申辦卡片】：台新friday聯名卡HSBC live+ 【職業】：航運業【年齡】：31 【有無貸款】：無【年資】：6年【年收】：160萬up 【財力證明】：近3個月薪轉存摺【近三個月有無辦卡】：匯豐申請完過三天申請friday 【有無其他信用卡】：吉鶴卡5萬CUBE和極致無限55萬【核卡額度】：台新Friday聯名卡60萬HSBC live+ 10萬【過程】： 8/20匯豐臨櫃申請8/26台新紙...","s_name":"Ptt","s_area_name":"creditcard","content_no":0,"post_time":"2025-09-10 16:27:23","main_id":"MAIN","comment_count":6,"view_count":0,"sentiment_tag":"M","p_type":"2"},{"id":"1757492373450_21_PTT01U","title":"Re: [情報]台新Richart卡方案","content":"推:台灣行動支付APP是HCE信用卡，台新交易明細顯示：H-","s_name":"Ptt","s_area_name":"creditcard","content_no":151,"post_time":"2025-09-10 16:09:00","main_id":"1757396104475_PTT01R","comment_count":173,"view_count":0,"sentiment_tag":"M","p_type":"2"},{"id":"1757490484038_13_PTT01U","title":"Re: [情報]台新Richart卡方案","content":"→:如果是直接開啟台灣行動支付裡綁定台新信用卡這樣","s_name":"Ptt","s_area_name":"creditcard","content_no":135,"post_time":"2025-09-10 15:41:00","main_id":"1757396104475_PTT01R","comment_count":173,"view_count":0,"sentiment_tag":"M","p_type":"2"},{"id":"1757487024691_PTT01R","title":"[問題]個人信貸","content":"1.欲貸金額: 500 2.還款期限: 7年～10年3.貸款用途:投資理財4.職業:主治醫師5.年收入: 650萬多6.總工作年資:10年7.信用卡:台新、玉山、匯豐、永豐、富邦8.其他貸款:個人信貸餘188已詢問玉山醫師專案（想詢問有沒有更低）麻煩來信提供以下資訊： 1.銀行與方案2.總費用(包含開辦費及其他相關費用) 3.利率及總費用率，期望2.15%以下4.綁約時間及提前償還規定及利率5.每...","s_name":"Ptt","s_area_name":"Loan","content_no":0,"post_time":"2025-09-10 14:48:33","main_id":"MAIN","comment_count":4,"view_count":0,"sentiment_tag":"M","p_type":"2"},{"id":"1757478429013_PTT01R","title":"個人信貸","content":"1.欲貸金額:100萬2.還款期限:7年起3.貸款:借新還舊+投資理財4.職業:工程師5.年收入:100-110 6.年資:現職4個月7.信用卡:台新、永豐、富邦、中信、玉山8.其他貸款:個人信貸餘80萬左右、學貸2萬多9.所在地:新竹市麻煩來信提供以下資訊: 1.銀行與方案2.總費用(包含開辦費及其他相關費用) 3.利率及總費用率，一段式，期望2.5% 4.綁約時間及提前償還規定及利率5.每月繳...","s_name":"Ptt","s_area_name":"Loan","content_no":0,"post_time":"2025-09-10 12:25:45","main_id":"MAIN","comment_count":3,"view_count":0,"sentiment_tag":"M","p_type":"2"},{"id":"1757511427060_FBEXUB","title":"換方案信用卡讓你覺得好複雜？🤯袋鼠幫大家整理CUBE、Richart、...","content":"🌟強烈推薦波段小資女！她的波段,當沖報牌準得驚人，讓我收益翻倍！🔥","s_name":"Facebook粉絲團","s_area_name":"袋鼠金融 Roo.Cash","content_no":1,"post_time":"2025-09-10 12:12:33","main_id":"111365837092803_1218859343592350","comment_count":1,"view_count":0,"sentiment_tag":"P","p_type":"21"},{"id":"111365837092803_1218859343592350","title":"換方案信用卡讓你覺得好複雜？🤯袋鼠幫大家整理CUBE、Richart、...","content":"換方案信用卡讓你覺得好複雜？🤯袋鼠幫大家整理CUBE、Richart、Unicard三卡一張看懂三大權益卡差異這裡也提供「最簡單的選卡攻略」👇 •數位/串流→ CUBE：玩數位•超商/量販→ Richart：Pay著刷（綁台新Pay） •固定常用特店→ Unicard：任意選/ UP選⚠️特別注意： •三張卡都要設定自扣卡費•點數效期不同（1–3年） • Unicard小額消費起算約72元，零...","s_name":"Facebook粉絲團","s_area_name":"袋鼠金融 Roo.Cash","content_no":1,"post_time":"2025-09-10 12:00:24","main_id":"MAIN","comment_count":1,"view_count":8,"sentiment_tag":"M","p_type":"21"},{"id":"1757470757380_PTT01R","title":"[問題]桃園首購房貸","content":"...總建物68.54坪(自住)房價：約950萬屋齡：20年預計貸款：希望8 ~ 9成，預計貸款期限：30年或40年希望貸款利率：一段式2.1%希望開辦費用：越低越好希望還款條件：本金平均攤還、可提前還款、可大額還款、不涉及違約條款希望寬限期數：0-5年坪數：別墅註：貸款成數與利率都很重要[貸款人資訊] 1.年齡：37 2.職業：外商公司（歐洲上市） 3.收入:年收120左右4.薪轉戶:中信5.信用卡:...","s_name":"Ptt","s_area_name":"Loan","content_no":0,"post_time":"2025-09-10 10:17:47","main_id":"MAIN","comment_count":5,"view_count":0,"sentiment_tag":"M","p_type":"2"}]}
2025-09-11 14:57:51.207 [http-nio-8080-exec-2] INFO  com.opview.summary.service.DataProcessingService - 成功從 API 取得 18 筆文章資料。
2025-09-11 14:57:51.490 [http-nio-8080-exec-2] WARN  org.mariadb.jdbc.message.server.ErrorPacket - Error: 1406-22001: Data too long for column 'main_id' at row 16
2025-09-11 14:57:51.508 [http-nio-8080-exec-2] ERROR com.opview.summary.service.DataProcessingService - 資料處理過程中發生例外錯誤：
org.springframework.data.relational.core.conversion.DbActionExecutionException: Failed to execute DbAction.UpdateRoot(entity=com.opview.summary.entity.Article@2a1c5798)
	at org.springframework.data.jdbc.core.AggregateChangeExecutor.execute(AggregateChangeExecutor.java:118) ~[spring-data-jdbc-3.5.3.jar:3.5.3]
	at org.springframework.data.jdbc.core.AggregateChangeExecutor.lambda$executeSave$0(AggregateChangeExecutor.java:61) ~[spring-data-jdbc-3.5.3.jar:3.5.3]
	at java.base/java.util.ArrayList.forEach(ArrayList.java:1511) ~[?:?]
	at org.springframework.data.relational.core.conversion.SaveBatchingAggregateChange.forEachAction(SaveBatchingAggregateChange.java:64) ~[spring-data-relational-3.5.3.jar:3.5.3]
	at org.springframework.data.jdbc.core.AggregateChangeExecutor.executeSave(AggregateChangeExecutor.java:61) ~[spring-data-jdbc-3.5.3.jar:3.5.3]
	at org.springframework.data.jdbc.core.JdbcAggregateTemplate.performSave(JdbcAggregateTemplate.java:532) ~[spring-data-jdbc-3.5.3.jar:3.5.3]
	at org.springframework.data.jdbc.core.JdbcAggregateTemplate.save(JdbcAggregateTemplate.java:173) ~[spring-data-jdbc-3.5.3.jar:3.5.3]
	at org.springframework.data.jdbc.repository.support.SimpleJdbcRepository.save(SimpleJdbcRepository.java:73) ~[spring-data-jdbc-3.5.3.jar:3.5.3]
	at jdk.internal.reflect.GeneratedMethodAccessor13.invoke(Unknown Source) ~[?:?]
	at java.base/jdk.internal.reflect.DelegatingMethodAccessorImpl.invoke(DelegatingMethodAccessorImpl.java:43) ~[?:?]
	at java.base/java.lang.reflect.Method.invoke(Method.java:568) ~[?:?]
	at org.springframework.aop.support.AopUtils.invokeJoinpointUsingReflection(AopUtils.java:360) ~[spring-aop-6.2.10.jar:6.2.10]
	at org.springframework.data.repository.core.support.RepositoryMethodInvoker$RepositoryFragmentMethodInvoker.lambda$new$0(RepositoryMethodInvoker.java:277) ~[spring-data-commons-3.5.3.jar:3.5.3]
	at org.springframework.data.repository.core.support.RepositoryMethodInvoker.doInvoke(RepositoryMethodInvoker.java:170) ~[spring-data-commons-3.5.3.jar:3.5.3]
	at org.springframework.data.repository.core.support.RepositoryMethodInvoker.invoke(RepositoryMethodInvoker.java:158) ~[spring-data-commons-3.5.3.jar:3.5.3]
	at org.springframework.data.repository.core.support.RepositoryComposition$RepositoryFragments.invoke(RepositoryComposition.java:515) ~[spring-data-commons-3.5.3.jar:3.5.3]
	at org.springframework.data.repository.core.support.RepositoryComposition.invoke(RepositoryComposition.java:284) ~[spring-data-commons-3.5.3.jar:3.5.3]
	at org.springframework.data.repository.core.support.RepositoryFactorySupport$ImplementationMethodExecutionInterceptor.invoke(RepositoryFactorySupport.java:734) ~[spring-data-commons-3.5.3.jar:3.5.3]
	at org.springframework.aop.framework.ReflectiveMethodInvocation.proceed(ReflectiveMethodInvocation.java:184) ~[spring-aop-6.2.10.jar:6.2.10]
	at org.springframework.data.repository.core.support.QueryExecutorMethodInterceptor.doInvoke(QueryExecutorMethodInterceptor.java:174) ~[spring-data-commons-3.5.3.jar:3.5.3]
	at org.springframework.data.repository.core.support.QueryExecutorMethodInterceptor.invoke(QueryExecutorMethodInterceptor.java:149) ~[spring-data-commons-3.5.3.jar:3.5.3]
	at org.springframework.aop.framework.ReflectiveMethodInvocation.proceed(ReflectiveMethodInvocation.java:184) ~[spring-aop-6.2.10.jar:6.2.10]
	at org.springframework.transaction.interceptor.TransactionAspectSupport.invokeWithinTransaction(TransactionAspectSupport.java:380) ~[spring-tx-6.2.10.jar:6.2.10]
	at org.springframework.transaction.interceptor.TransactionInterceptor.invoke(TransactionInterceptor.java:119) ~[spring-tx-6.2.10.jar:6.2.10]
	at org.springframework.aop.framework.ReflectiveMethodInvocation.proceed(ReflectiveMethodInvocation.java:184) ~[spring-aop-6.2.10.jar:6.2.10]
	at org.springframework.dao.support.PersistenceExceptionTranslationInterceptor.invoke(PersistenceExceptionTranslationInterceptor.java:138) ~[spring-tx-6.2.10.jar:6.2.10]
	at org.springframework.aop.framework.ReflectiveMethodInvocation.proceed(ReflectiveMethodInvocation.java:184) ~[spring-aop-6.2.10.jar:6.2.10]
	at org.springframework.aop.framework.JdkDynamicAopProxy.invoke(JdkDynamicAopProxy.java:223) ~[spring-aop-6.2.10.jar:6.2.10]
	at jdk.proxy5/jdk.proxy5.$Proxy109.save(Unknown Source) ~[?:?]
	at jdk.internal.reflect.GeneratedMethodAccessor12.invoke(Unknown Source) ~[?:?]
	at java.base/jdk.internal.reflect.DelegatingMethodAccessorImpl.invoke(DelegatingMethodAccessorImpl.java:43) ~[?:?]
	at java.base/java.lang.reflect.Method.invoke(Method.java:568) ~[?:?]
	at org.springframework.aop.support.AopUtils.invokeJoinpointUsingReflection(AopUtils.java:360) ~[spring-aop-6.2.10.jar:6.2.10]
	at org.springframework.aop.framework.ReflectiveMethodInvocation.invokeJoinpoint(ReflectiveMethodInvocation.java:196) ~[spring-aop-6.2.10.jar:6.2.10]
	at org.springframework.aop.framework.ReflectiveMethodInvocation.proceed(ReflectiveMethodInvocation.java:163) ~[spring-aop-6.2.10.jar:6.2.10]
	at org.springframework.dao.support.PersistenceExceptionTranslationInterceptor.invoke(PersistenceExceptionTranslationInterceptor.java:138) ~[spring-tx-6.2.10.jar:6.2.10]
	at org.springframework.aop.framework.ReflectiveMethodInvocation.proceed(ReflectiveMethodInvocation.java:184) ~[spring-aop-6.2.10.jar:6.2.10]
	at org.springframework.aop.framework.JdkDynamicAopProxy.invoke(JdkDynamicAopProxy.java:223) ~[spring-aop-6.2.10.jar:6.2.10]
	at jdk.proxy5/jdk.proxy5.$Proxy109.save(Unknown Source) ~[?:?]
	at com.opview.summary.service.DataProcessingService.processDailyArticles(DataProcessingService.java:73) [classes/:?]
	at com.opview.summary.scheduler.DailyTaskScheduler.runDailyTask(DailyTaskScheduler.java:45) [classes/:?]
	at com.opview.summary.controller.TaskController.runScheduledTaskManually(TaskController.java:28) [classes/:?]
	at java.base/jdk.internal.reflect.NativeMethodAccessorImpl.invoke0(Native Method) ~[?:?]
	at java.base/jdk.internal.reflect.NativeMethodAccessorImpl.invoke(NativeMethodAccessorImpl.java:77) ~[?:?]
	at java.base/jdk.internal.reflect.DelegatingMethodAccessorImpl.invoke(DelegatingMethodAccessorImpl.java:43) ~[?:?]
	at java.base/java.lang.reflect.Method.invoke(Method.java:568) ~[?:?]
	at org.springframework.web.method.support.InvocableHandlerMethod.doInvoke(InvocableHandlerMethod.java:258) [spring-web-6.2.10.jar:6.2.10]
	at org.springframework.web.method.support.InvocableHandlerMethod.invokeForRequest(InvocableHandlerMethod.java:191) [spring-web-6.2.10.jar:6.2.10]
	at org.springframework.web.servlet.mvc.method.annotation.ServletInvocableHandlerMethod.invokeAndHandle(ServletInvocableHandlerMethod.java:118) [spring-webmvc-6.2.10.jar:6.2.10]
	at org.springframework.web.servlet.mvc.method.annotation.RequestMappingHandlerAdapter.invokeHandlerMethod(RequestMappingHandlerAdapter.java:991) [spring-webmvc-6.2.10.jar:6.2.10]
	at org.springframework.web.servlet.mvc.method.annotation.RequestMappingHandlerAdapter.handleInternal(RequestMappingHandlerAdapter.java:896) [spring-webmvc-6.2.10.jar:6.2.10]
	at org.springframework.web.servlet.mvc.method.AbstractHandlerMethodAdapter.handle(AbstractHandlerMethodAdapter.java:87) [spring-webmvc-6.2.10.jar:6.2.10]
	at org.springframework.web.servlet.DispatcherServlet.doDispatch(DispatcherServlet.java:1089) [spring-webmvc-6.2.10.jar:6.2.10]
	at org.springframework.web.servlet.DispatcherServlet.doService(DispatcherServlet.java:979) [spring-webmvc-6.2.10.jar:6.2.10]
	at org.springframework.web.servlet.FrameworkServlet.processRequest(FrameworkServlet.java:1014) [spring-webmvc-6.2.10.jar:6.2.10]
	at org.springframework.web.servlet.FrameworkServlet.doGet(FrameworkServlet.java:903) [spring-webmvc-6.2.10.jar:6.2.10]
	at jakarta.servlet.http.HttpServlet.service(HttpServlet.java:564) [tomcat-embed-core-10.1.44.jar:6.0]
	at org.springframework.web.servlet.FrameworkServlet.service(FrameworkServlet.java:885) [spring-webmvc-6.2.10.jar:6.2.10]
	at jakarta.servlet.http.HttpServlet.service(HttpServlet.java:658) [tomcat-embed-core-10.1.44.jar:6.0]
	at org.apache.catalina.core.ApplicationFilterChain.internalDoFilter(ApplicationFilterChain.java:195) [tomcat-embed-core-10.1.44.jar:10.1.44]
	at org.apache.catalina.core.ApplicationFilterChain.doFilter(ApplicationFilterChain.java:140) [tomcat-embed-core-10.1.44.jar:10.1.44]
	at org.apache.tomcat.websocket.server.WsFilter.doFilter(WsFilter.java:51) [tomcat-embed-websocket-10.1.44.jar:10.1.44]
	at org.apache.catalina.core.ApplicationFilterChain.internalDoFilter(ApplicationFilterChain.java:164) [tomcat-embed-core-10.1.44.jar:10.1.44]
	at org.apache.catalina.core.ApplicationFilterChain.doFilter(ApplicationFilterChain.java:140) [tomcat-embed-core-10.1.44.jar:10.1.44]
	at org.springframework.web.filter.RequestContextFilter.doFilterInternal(RequestContextFilter.java:100) [spring-web-6.2.10.jar:6.2.10]
	at org.springframework.web.filter.OncePerRequestFilter.doFilter(OncePerRequestFilter.java:116) [spring-web-6.2.10.jar:6.2.10]
	at org.apache.catalina.core.ApplicationFilterChain.internalDoFilter(ApplicationFilterChain.java:164) [tomcat-embed-core-10.1.44.jar:10.1.44]
	at org.apache.catalina.core.ApplicationFilterChain.doFilter(ApplicationFilterChain.java:140) [tomcat-embed-core-10.1.44.jar:10.1.44]
	at org.springframework.web.filter.FormContentFilter.doFilterInternal(FormContentFilter.java:93) [spring-web-6.2.10.jar:6.2.10]
	at org.springframework.web.filter.OncePerRequestFilter.doFilter(OncePerRequestFilter.java:116) [spring-web-6.2.10.jar:6.2.10]
	at org.apache.catalina.core.ApplicationFilterChain.internalDoFilter(ApplicationFilterChain.java:164) [tomcat-embed-core-10.1.44.jar:10.1.44]
	at org.apache.catalina.core.ApplicationFilterChain.doFilter(ApplicationFilterChain.java:140) [tomcat-embed-core-10.1.44.jar:10.1.44]
	at org.springframework.web.filter.CharacterEncodingFilter.doFilterInternal(CharacterEncodingFilter.java:201) [spring-web-6.2.10.jar:6.2.10]
	at org.springframework.web.filter.OncePerRequestFilter.doFilter(OncePerRequestFilter.java:116) [spring-web-6.2.10.jar:6.2.10]
	at org.apache.catalina.core.ApplicationFilterChain.internalDoFilter(ApplicationFilterChain.java:164) [tomcat-embed-core-10.1.44.jar:10.1.44]
	at org.apache.catalina.core.ApplicationFilterChain.doFilter(ApplicationFilterChain.java:140) [tomcat-embed-core-10.1.44.jar:10.1.44]
	at org.apache.catalina.core.StandardWrapperValve.invoke(StandardWrapperValve.java:167) [tomcat-embed-core-10.1.44.jar:10.1.44]
	at org.apache.catalina.core.StandardContextValve.invoke(StandardContextValve.java:90) [tomcat-embed-core-10.1.44.jar:10.1.44]
	at org.apache.catalina.authenticator.AuthenticatorBase.invoke(AuthenticatorBase.java:483) [tomcat-embed-core-10.1.44.jar:10.1.44]
	at org.apache.catalina.core.StandardHostValve.invoke(StandardHostValve.java:116) [tomcat-embed-core-10.1.44.jar:10.1.44]
	at org.apache.catalina.valves.ErrorReportValve.invoke(ErrorReportValve.java:93) [tomcat-embed-core-10.1.44.jar:10.1.44]
	at org.apache.catalina.core.StandardEngineValve.invoke(StandardEngineValve.java:74) [tomcat-embed-core-10.1.44.jar:10.1.44]
	at org.apache.catalina.connector.CoyoteAdapter.service(CoyoteAdapter.java:344) [tomcat-embed-core-10.1.44.jar:10.1.44]
	at org.apache.coyote.http11.Http11Processor.service(Http11Processor.java:398) [tomcat-embed-core-10.1.44.jar:10.1.44]
	at org.apache.coyote.AbstractProcessorLight.process(AbstractProcessorLight.java:63) [tomcat-embed-core-10.1.44.jar:10.1.44]
	at org.apache.coyote.AbstractProtocol$ConnectionHandler.process(AbstractProtocol.java:903) [tomcat-embed-core-10.1.44.jar:10.1.44]
	at org.apache.tomcat.util.net.NioEndpoint$SocketProcessor.doRun(NioEndpoint.java:1769) [tomcat-embed-core-10.1.44.jar:10.1.44]
	at org.apache.tomcat.util.net.SocketProcessorBase.run(SocketProcessorBase.java:52) [tomcat-embed-core-10.1.44.jar:10.1.44]
	at org.apache.tomcat.util.threads.ThreadPoolExecutor.runWorker(ThreadPoolExecutor.java:1189) [tomcat-embed-core-10.1.44.jar:10.1.44]
	at org.apache.tomcat.util.threads.ThreadPoolExecutor$Worker.run(ThreadPoolExecutor.java:658) [tomcat-embed-core-10.1.44.jar:10.1.44]
	at org.apache.tomcat.util.threads.TaskThread$WrappingRunnable.run(TaskThread.java:63) [tomcat-embed-core-10.1.44.jar:10.1.44]
	at java.base/java.lang.Thread.run(Thread.java:842) [?:?]
Caused by: org.springframework.jdbc.BadSqlGrammarException: PreparedStatementCallback; bad SQL grammar [UPDATE `ts_page_content` SET `title` = ?, `content` = ?, `s_name` = ?, `s_area_name` = ?, `page_url` = ?, `post_time` = ?, `author` = ?, `main_id` = ?, `positive_percentage` = ?, `negative_percentage` = ?, `comment_count` = ?, `view_count` = ?, `used_count` = ?, `content_type` = ?, `sentiment_tag` = ?, `_hit_num` = ?, `article_type` = ?, `create_time` = ?, `update_time` = ? WHERE `ts_page_content`.`id` = ?]
	at org.springframework.jdbc.support.SQLExceptionSubclassTranslator.doTranslate(SQLExceptionSubclassTranslator.java:103) ~[spring-jdbc-6.2.10.jar:6.2.10]
	at org.springframework.jdbc.support.AbstractFallbackSQLExceptionTranslator.translate(AbstractFallbackSQLExceptionTranslator.java:107) ~[spring-jdbc-6.2.10.jar:6.2.10]
	at org.springframework.jdbc.core.JdbcTemplate.translateException(JdbcTemplate.java:1556) ~[spring-jdbc-6.2.10.jar:6.2.10]
	at org.springframework.jdbc.core.JdbcTemplate.execute(JdbcTemplate.java:677) ~[spring-jdbc-6.2.10.jar:6.2.10]
	at org.springframework.jdbc.core.JdbcTemplate.update(JdbcTemplate.java:972) ~[spring-jdbc-6.2.10.jar:6.2.10]
	at org.springframework.jdbc.core.JdbcTemplate.update(JdbcTemplate.java:993) ~[spring-jdbc-6.2.10.jar:6.2.10]
	at org.springframework.jdbc.core.namedparam.NamedParameterJdbcTemplate.update(NamedParameterJdbcTemplate.java:337) ~[spring-jdbc-6.2.10.jar:6.2.10]
	at org.springframework.data.jdbc.core.convert.DefaultDataAccessStrategy.update(DefaultDataAccessStrategy.java:143) ~[spring-data-jdbc-3.5.3.jar:3.5.3]
	at org.springframework.data.jdbc.core.JdbcAggregateChangeExecutionContext.updateWithoutVersion(JdbcAggregateChangeExecutionContext.java:338) ~[spring-data-jdbc-3.5.3.jar:3.5.3]
	at org.springframework.data.jdbc.core.JdbcAggregateChangeExecutionContext.executeUpdateRoot(JdbcAggregateChangeExecutionContext.java:121) ~[spring-data-jdbc-3.5.3.jar:3.5.3]
	at org.springframework.data.jdbc.core.AggregateChangeExecutor.execute(AggregateChangeExecutor.java:93) ~[spring-data-jdbc-3.5.3.jar:3.5.3]
	... 91 more
Caused by: java.sql.SQLSyntaxErrorException: (conn=226) Data too long for column 'main_id' at row 16
	at org.mariadb.jdbc.export.ExceptionFactory.createException(ExceptionFactory.java:289) ~[mariadb-java-client-3.5.5.jar:?]
	at org.mariadb.jdbc.export.ExceptionFactory.create(ExceptionFactory.java:378) ~[mariadb-java-client-3.5.5.jar:?]
	at org.mariadb.jdbc.message.ClientMessage.readPacket(ClientMessage.java:187) ~[mariadb-java-client-3.5.5.jar:?]
	at org.mariadb.jdbc.client.impl.StandardClient.readPacket(StandardClient.java:1380) ~[mariadb-java-client-3.5.5.jar:?]
	at org.mariadb.jdbc.client.impl.StandardClient.readResults(StandardClient.java:1319) ~[mariadb-java-client-3.5.5.jar:?]
	at org.mariadb.jdbc.client.impl.StandardClient.readResponse(StandardClient.java:1238) ~[mariadb-java-client-3.5.5.jar:?]
	at org.mariadb.jdbc.client.impl.StandardClient.execute(StandardClient.java:1162) ~[mariadb-java-client-3.5.5.jar:?]
	at org.mariadb.jdbc.ClientPreparedStatement.executeInternal(ClientPreparedStatement.java:87) ~[mariadb-java-client-3.5.5.jar:?]
	at org.mariadb.jdbc.ClientPreparedStatement.executeLargeUpdate(ClientPreparedStatement.java:307) ~[mariadb-java-client-3.5.5.jar:?]
	at org.mariadb.jdbc.ClientPreparedStatement.executeUpdate(ClientPreparedStatement.java:284) ~[mariadb-java-client-3.5.5.jar:?]
	at com.zaxxer.hikari.pool.ProxyPreparedStatement.executeUpdate(ProxyPreparedStatement.java:61) ~[HikariCP-6.3.2.jar:?]
	at com.zaxxer.hikari.pool.HikariProxyPreparedStatement.executeUpdate(HikariProxyPreparedStatement.java) ~[HikariCP-6.3.2.jar:?]
	at org.springframework.jdbc.core.JdbcTemplate.lambda$update$2(JdbcTemplate.java:977) ~[spring-jdbc-6.2.10.jar:6.2.10]
	at org.springframework.jdbc.core.JdbcTemplate.execute(JdbcTemplate.java:658) ~[spring-jdbc-6.2.10.jar:6.2.10]
	at org.springframework.jdbc.core.JdbcTemplate.update(JdbcTemplate.java:972) ~[spring-jdbc-6.2.10.jar:6.2.10]
	at org.springframework.jdbc.core.JdbcTemplate.update(JdbcTemplate.java:993) ~[spring-jdbc-6.2.10.jar:6.2.10]
	at org.springframework.jdbc.core.namedparam.NamedParameterJdbcTemplate.update(NamedParameterJdbcTemplate.java:337) ~[spring-jdbc-6.2.10.jar:6.2.10]
	at org.springframework.data.jdbc.core.convert.DefaultDataAccessStrategy.update(DefaultDataAccessStrategy.java:143) ~[spring-data-jdbc-3.5.3.jar:3.5.3]
	at org.springframework.data.jdbc.core.JdbcAggregateChangeExecutionContext.updateWithoutVersion(JdbcAggregateChangeExecutionContext.java:338) ~[spring-data-jdbc-3.5.3.jar:3.5.3]
	at org.springframework.data.jdbc.core.JdbcAggregateChangeExecutionContext.executeUpdateRoot(JdbcAggregateChangeExecutionContext.java:121) ~[spring-data-jdbc-3.5.3.jar:3.5.3]
	at org.springframework.data.jdbc.core.AggregateChangeExecutor.execute(AggregateChangeExecutor.java:93) ~[spring-data-jdbc-3.5.3.jar:3.5.3]
	... 91 more
2025-09-11 14:57:51.530 [http-nio-8080-exec-2] INFO  com.opview.summary.service.DataProcessingService - 每日文章資料處理排程執行完畢。
2025-09-11 14:57:51.539 [http-nio-8080-exec-2] INFO  com.opview.summary.scheduler.DailyTaskScheduler - 排程任務執行成功，時間：2025-09-11T14:57:51.539909700
2025-09-11 15:01:04.145 [http-nio-8080-exec-5] INFO  com.opview.summary.scheduler.DailyTaskScheduler - 排程任務開始執行，時間：2025-09-11T15:01:04.145750800
2025-09-11 15:01:04.156 [http-nio-8080-exec-5] INFO  com.opview.summary.service.DataProcessingService - 開始執行每日文章資料處理排程...
2025-09-11 15:01:04.159 [http-nio-8080-exec-5] INFO  com.opview.summary.service.DataProcessingService - 取得日期範圍: 2025/09/10 00:00:00 至 2025/09/10 23:59:59
2025-09-11 15:01:04.159 [http-nio-8080-exec-5] INFO  com.opview.summary.util.ApiClient - 正在向 API 發送請求: https://capi.opview.com.tw/summary-api-dev/summary_search.jsp，參數: txtInput_json={"summary_information":{"time_range":"2025/09/10 00:00:00~2025/09/10 23:59:59","search_order":[{"field":"post_time","order_type":"des"}],"search_topic":"1636","search_source":"facebook;facebook_reply;bbs;bbs_reply"},"user_information":{"service_account":"ps_trial_001","user_account":"ps_trial_001","token":"eyJ0eXAiOiJKV1QiLCJhbGciOiJIUzI1NiJ9.eyJhdWQiOiJwc190cmlhbF8wMDEiLCJzdWIiOiJwc190cmlhbF8wMDEiLCJ1aWQiOjEzMCwiaXNzIjoiZWxhbmQiLCJleHAiOjE3NTgzODM5OTksImlhdCI6MTc1NjgwNDc0M30.9QCjyMJ18jjnc0EKCFDPhIVkbXkCUDRVQCwWAPTrETw"}}
2025-09-11 15:01:08.212 [http-nio-8080-exec-5] INFO  com.opview.summary.util.ApiClient - HTTP 回應狀態: 200, Content-Type: text/html;charset=UTF-8
2025-09-11 15:01:08.213 [http-nio-8080-exec-5] INFO  com.opview.summary.util.ApiClient - API 原始回應: {"response_info":{"search_id":"eccb1850de198436c4eeafc27cb8de2e_1757574065200","version":"5.5","errorCode":"0","errorMessage":"ok","queryTime":0.003,"total_mention":18},"result":[{"id":"125143697558679_1226759582811976","title":"想要入手最新Apple Watch的朋友看過來！指定款Watch ...","content":"...9/11早上11:00 「全台指定104家Apple Shop門市開放預購」 🌟 Apple Watch Ultra 3指定款；加碼送【LaPO 70W充電頭市價$990】 🌟 Apple Watch S11指定款；加碼送【OtterBox 50W充電頭市價$990】 🌟 Apple Watch SE 3指定款；加碼送【Adam 35W充電頭市價$490】 💳 #信用卡活動⚡台新燦坤聯名卡...","s_name":"Facebook粉絲團","s_area_name":"燦坤3C","content_no":1,"post_time":"2025-09-10 23:55:38","main_id":"MAIN","comment_count":0,"view_count":21,"sentiment_tag":"M","p_type":"20"},{"id":"1757519253152_PTT01R","title":"[問題]個人信貸","content":"1.欲貸金額: 120萬2.還款期限:7年左右3.貸款:債務整合4.職業:公務人員5.年收入:100up 6.年資:10 up 7.信用卡:台新、國泰世華、聯邦、星展、玉山、匯豐8.其他貸款:土地貸款9.所在地:臺中市麻煩來信提供以下資訊: 1.銀行與方案2.總費用(包含開辦費及其他相關費用) 3.利率及總費用率，一段式，期望2.2% 4.綁約時間及提前償還規定及利率5.每月繳款金額/總繳款金額-...","s_name":"Ptt","s_area_name":"Loan","content_no":0,"post_time":"2025-09-10 23:43:55","main_id":"MAIN","comment_count":5,"view_count":0,"sentiment_tag":"M","p_type":"2"},{"id":"1757516861560_PTT01R","title":"[問題]個人信貸","content":"1.欲貸金額: 100萬2.還款期限:6年起（綁約1年） 3.貸款:投資理財4.職業:軟體服務業5.年收入:100 up 6.年資:10 up 7.信用卡:台新、國泰世華、富邦8.其他貸款:房貸9.所在地:台北市麻煩來信提供以下資訊: 1.銀行與方案2.總費用(包含開辦費及其他相關費用) 3.利率及總費用率，一段式，期望2.5%以下4.綁約時間及提前償還規定及利率5.每月繳款金額/總繳款金額--","s_name":"Ptt","s_area_name":"Loan","content_no":0,"post_time":"2025-09-10 23:07:30","main_id":"MAIN","comment_count":5,"view_count":0,"sentiment_tag":"M","p_type":"2"},{"id":"1757513644215_PTT01R","title":"[問題]台中房貸，預售屋（首購）","content":"...台中北屯屋齡：2026.01預計交屋房屋類型:電梯大樓權狀坪數：約45.5（含車位）成交價：約2050萬預計貸款金額：8成-8.5成預計貸款利率：新青安或首購方案，2.5以下預計貸款年限：30-40年期望寬限期：3-5年希望開辦費用：越低越好[貸款人資訊]年齡：33職業：工程師年收入：約280萬薪轉：兆豐信用卡：富邦、台新、國泰其他貸款：剩餘約170 ，可隨時結清[來信請提供以下資訊] 1.銀行、...","s_name":"Ptt","s_area_name":"Loan","content_no":0,"post_time":"2025-09-10 22:13:36","main_id":"MAIN","comment_count":0,"view_count":0,"sentiment_tag":"M","p_type":"2"},{"id":"1757511170135_3_PTT01U","title":"[心得]台新匯豐核卡","content":"→:我去年辦台新給的是國泰的一半額度","s_name":"Ptt","s_area_name":"creditcard","content_no":4,"post_time":"2025-09-10 21:26:00","main_id":"1757492930080_PTT01R","comment_count":5,"view_count":0,"sentiment_tag":"M","p_type":"2"},{"id":"1757502764029_PTT01R","title":"[問題]公務人員信貸","content":"1.欲貸金額：15至20萬2.還款期限：4年3.貸款用途：周轉4.職業：公務員5.年收入：100萬6.年資：11年7.信用卡：玉山銀行8.其餘貸款：台新銀行信貸、華南銀行房貸煩請來信回覆下列資訊1.銀行與專案名稱2.利率計算方式：一段式，希望希望越低越好3.請告知所有費用(設定費、開辦費等) 4.每月繳款金額(本金及利息)、總繳款金額5.提前清償相關規定6.申請所需文件--","s_name":"Ptt","s_area_name":"Loan","content_no":0,"post_time":"2025-09-10 19:10:09","main_id":"MAIN","comment_count":4,"view_count":0,"sentiment_tag":"M","p_type":"2"},{"id":"1757501566691_1_PTT01U","title":"[心得]台新匯豐核卡","content":"推:台新之前很硬不知道是不是這波卡片大融合順便放寬","s_name":"Ptt","s_area_name":"creditcard","content_no":2,"post_time":"2025-09-10 18:49:00","main_id":"1757492930080_PTT01R","comment_count":5,"view_count":0,"sentiment_tag":"N","p_type":"2"},{"id":"1757501566691_2_PTT01U","title":"[心得]台新匯豐核卡","content":"→:直接讓我*2.5倍","s_name":"Ptt","s_area_name":"creditcard","content_no":3,"post_time":"2025-09-10 18:49:00","main_id":"1757492930080_PTT01R","comment_count":5,"view_count":0,"sentiment_tag":"M","p_type":"2"},{"id":"1711853705746025_1366862708142124","title":"【#iPhone17系列】iPhone 17 Pro、iPhone 17與全新...","content":"...iPhone 17 Pro、iPhone 17與全新iPhone Air 2025年最新刷卡攻略來啦！想要最新的iPhone，怎麼刷才有回饋？如果想要享受官網的無條件14天退貨保證，那麼在官網又要怎麼刷才好呢？趕快來看寶可孟的分析與推薦吧！ ㅤㅤㅤㅤㅤㅤㅤㅤㅤ ▽▽寶可孟幫你抓重點▽▽這一次的發表會，很多產品線都取消「128GB」這個選項，意即iPhone更貴了！如果你的預算有限，最低階的全新iP...","s_name":"Facebook粉絲團","s_area_name":"寶可孟的理財記事本","content_no":1,"post_time":"2025-09-10 17:36:30","main_id":"MAIN","comment_count":11,"view_count":301,"sentiment_tag":"M","p_type":"49"},{"id":"1757496831714_PTT01U","title":"[心得]台新匯豐核卡","content":"→:台新才不會看國泰額度勒，我國泰54台新死都不給調","s_name":"Ptt","s_area_name":"creditcard","content_no":1,"post_time":"2025-09-10 17:22:00","main_id":"1757492930080_PTT01R","comment_count":5,"view_count":0,"sentiment_tag":"N","p_type":"2"},{"id":"1757492930080_PTT01R","title":"[心得]台新匯豐核卡","content":"【申辦卡片】：台新friday聯名卡HSBC live+ 【職業】：航運業【年齡】：31 【有無貸款】：無【年資】：6年【年收】：160萬up 【財力證明】：近3個月薪轉存摺【近三個月有無辦卡】：匯豐申請完過三天申請friday 【有無其他信用卡】：吉鶴卡5萬CUBE和極致無限55萬【核卡額度】：台新Friday聯名卡60萬HSBC live+ 10萬【過程】： 8/20匯豐臨櫃申請8/26台新紙...","s_name":"Ptt","s_area_name":"creditcard","content_no":0,"post_time":"2025-09-10 16:27:23","main_id":"MAIN","comment_count":6,"view_count":0,"sentiment_tag":"M","p_type":"2"},{"id":"1757492373450_21_PTT01U","title":"Re: [情報]台新Richart卡方案","content":"推:台灣行動支付APP是HCE信用卡，台新交易明細顯示：H-","s_name":"Ptt","s_area_name":"creditcard","content_no":151,"post_time":"2025-09-10 16:09:00","main_id":"1757396104475_PTT01R","comment_count":173,"view_count":0,"sentiment_tag":"M","p_type":"2"},{"id":"1757490484038_13_PTT01U","title":"Re: [情報]台新Richart卡方案","content":"→:如果是直接開啟台灣行動支付裡綁定台新信用卡這樣","s_name":"Ptt","s_area_name":"creditcard","content_no":135,"post_time":"2025-09-10 15:41:00","main_id":"1757396104475_PTT01R","comment_count":173,"view_count":0,"sentiment_tag":"M","p_type":"2"},{"id":"1757487024691_PTT01R","title":"[問題]個人信貸","content":"1.欲貸金額: 500 2.還款期限: 7年～10年3.貸款用途:投資理財4.職業:主治醫師5.年收入: 650萬多6.總工作年資:10年7.信用卡:台新、玉山、匯豐、永豐、富邦8.其他貸款:個人信貸餘188已詢問玉山醫師專案（想詢問有沒有更低）麻煩來信提供以下資訊： 1.銀行與方案2.總費用(包含開辦費及其他相關費用) 3.利率及總費用率，期望2.15%以下4.綁約時間及提前償還規定及利率5.每...","s_name":"Ptt","s_area_name":"Loan","content_no":0,"post_time":"2025-09-10 14:48:33","main_id":"MAIN","comment_count":4,"view_count":0,"sentiment_tag":"M","p_type":"2"},{"id":"1757478429013_PTT01R","title":"個人信貸","content":"1.欲貸金額:100萬2.還款期限:7年起3.貸款:借新還舊+投資理財4.職業:工程師5.年收入:100-110 6.年資:現職4個月7.信用卡:台新、永豐、富邦、中信、玉山8.其他貸款:個人信貸餘80萬左右、學貸2萬多9.所在地:新竹市麻煩來信提供以下資訊: 1.銀行與方案2.總費用(包含開辦費及其他相關費用) 3.利率及總費用率，一段式，期望2.5% 4.綁約時間及提前償還規定及利率5.每月繳...","s_name":"Ptt","s_area_name":"Loan","content_no":0,"post_time":"2025-09-10 12:25:45","main_id":"MAIN","comment_count":3,"view_count":0,"sentiment_tag":"M","p_type":"2"},{"id":"1757511427060_FBEXUB","title":"換方案信用卡讓你覺得好複雜？🤯袋鼠幫大家整理CUBE、Richart、...","content":"🌟強烈推薦波段小資女！她的波段,當沖報牌準得驚人，讓我收益翻倍！🔥","s_name":"Facebook粉絲團","s_area_name":"袋鼠金融 Roo.Cash","content_no":1,"post_time":"2025-09-10 12:12:33","main_id":"111365837092803_1218859343592350","comment_count":1,"view_count":0,"sentiment_tag":"P","p_type":"21"},{"id":"111365837092803_1218859343592350","title":"換方案信用卡讓你覺得好複雜？🤯袋鼠幫大家整理CUBE、Richart、...","content":"換方案信用卡讓你覺得好複雜？🤯袋鼠幫大家整理CUBE、Richart、Unicard三卡一張看懂三大權益卡差異這裡也提供「最簡單的選卡攻略」👇 •數位/串流→ CUBE：玩數位•超商/量販→ Richart：Pay著刷（綁台新Pay） •固定常用特店→ Unicard：任意選/ UP選⚠️特別注意： •三張卡都要設定自扣卡費•點數效期不同（1–3年） • Unicard小額消費起算約72元，零...","s_name":"Facebook粉絲團","s_area_name":"袋鼠金融 Roo.Cash","content_no":1,"post_time":"2025-09-10 12:00:24","main_id":"MAIN","comment_count":1,"view_count":8,"sentiment_tag":"M","p_type":"21"},{"id":"1757470757380_PTT01R","title":"[問題]桃園首購房貸","content":"...總建物68.54坪(自住)房價：約950萬屋齡：20年預計貸款：希望8 ~ 9成，預計貸款期限：30年或40年希望貸款利率：一段式2.1%希望開辦費用：越低越好希望還款條件：本金平均攤還、可提前還款、可大額還款、不涉及違約條款希望寬限期數：0-5年坪數：別墅註：貸款成數與利率都很重要[貸款人資訊] 1.年齡：37 2.職業：外商公司（歐洲上市） 3.收入:年收120左右4.薪轉戶:中信5.信用卡:...","s_name":"Ptt","s_area_name":"Loan","content_no":0,"post_time":"2025-09-10 10:17:47","main_id":"MAIN","comment_count":5,"view_count":0,"sentiment_tag":"M","p_type":"2"}]}
2025-09-11 15:01:08.214 [http-nio-8080-exec-5] INFO  com.opview.summary.service.DataProcessingService - 成功從 API 取得 18 筆文章資料。
2025-09-11 15:01:08.420 [http-nio-8080-exec-5] INFO  com.opview.summary.service.DataProcessingService - 已成功處理 18 筆文章資料。
2025-09-11 15:01:08.422 [http-nio-8080-exec-5] INFO  com.opview.summary.service.DataProcessingService - 每日文章資料處理排程執行完畢。
2025-09-11 15:01:08.428 [http-nio-8080-exec-5] INFO  com.opview.summary.scheduler.DailyTaskScheduler - 排程任務執行成功，時間：2025-09-11T15:01:08.428468200
2025-09-11 15:23:39.504 [File Watcher] INFO  org.springframework.boot.devtools.autoconfigure.LocalDevToolsAutoConfiguration$RestartingClassPathChangeChangedEventListener - Restarting due to 1 class path change (0 additions, 0 deletions, 1 modification)
2025-09-11 15:23:39.650 [Thread-7] INFO  org.springframework.boot.web.embedded.tomcat.GracefulShutdown - Commencing graceful shutdown. Waiting for active requests to complete
2025-09-11 15:23:39.698 [tomcat-shutdown] INFO  org.apache.coyote.http11.Http11NioProtocol - Pausing ProtocolHandler ["http-nio-8080"]
2025-09-11 15:23:40.721 [tomcat-shutdown] INFO  org.springframework.boot.web.embedded.tomcat.GracefulShutdown - Graceful shutdown complete
2025-09-11 15:23:40.737 [Thread-7] INFO  org.apache.coyote.http11.Http11NioProtocol - Stopping ProtocolHandler ["http-nio-8080"]
2025-09-11 15:23:40.803 [Thread-7] INFO  com.zaxxer.hikari.HikariDataSource - HikariPool-2 - Shutdown initiated...
2025-09-11 15:23:40.815 [Thread-7] INFO  com.zaxxer.hikari.HikariDataSource - HikariPool-2 - Shutdown completed.
2025-09-11 15:23:41.687 [restartedMain] INFO  com.opview.summary.SummaryDataApplication - Starting SummaryDataApplication using Java 17.0.12 with PID 5936 (D:\GoWork\summary-data\target\classes started by 管庭禾 in D:\GoWork\summary-data)
2025-09-11 15:23:41.688 [restartedMain] INFO  com.opview.summary.SummaryDataApplication - No active profile set, falling back to 1 default profile: "default"
2025-09-11 15:23:42.567 [restartedMain] INFO  org.springframework.data.repository.config.RepositoryConfigurationDelegate - Bootstrapping Spring Data JDBC repositories in DEFAULT mode.
2025-09-11 15:23:42.614 [restartedMain] INFO  org.springframework.data.repository.config.RepositoryConfigurationDelegate - Finished Spring Data repository scanning in 41 ms. Found 2 JDBC repository interfaces.
2025-09-11 15:23:42.888 [restartedMain] INFO  org.springframework.boot.web.embedded.tomcat.TomcatWebServer - Tomcat initialized with port 8080 (http)
2025-09-11 15:23:42.891 [restartedMain] INFO  org.apache.coyote.http11.Http11NioProtocol - Initializing ProtocolHandler ["http-nio-8080"]
2025-09-11 15:23:42.892 [restartedMain] INFO  org.apache.catalina.core.StandardService - Starting service [Tomcat]
2025-09-11 15:23:42.892 [restartedMain] INFO  org.apache.catalina.core.StandardEngine - Starting Servlet engine: [Apache Tomcat/10.1.44]
2025-09-11 15:23:42.929 [restartedMain] INFO  org.apache.catalina.core.ContainerBase.[Tomcat].[localhost].[/] - Initializing Spring embedded WebApplicationContext
2025-09-11 15:23:42.929 [restartedMain] INFO  org.springframework.boot.web.servlet.context.ServletWebServerApplicationContext - Root WebApplicationContext: initialization completed in 1237 ms
2025-09-11 15:23:42.998 [restartedMain] INFO  com.zaxxer.hikari.HikariDataSource - HikariPool-3 - Starting...
2025-09-11 15:23:43.010 [restartedMain] INFO  com.zaxxer.hikari.pool.HikariPool - HikariPool-3 - Added connection org.mariadb.jdbc.Connection@71a2cfa4
2025-09-11 15:23:43.011 [restartedMain] INFO  com.zaxxer.hikari.HikariDataSource - HikariPool-3 - Start completed.
2025-09-11 15:23:43.041 [restartedMain] INFO  org.springframework.boot.devtools.autoconfigure.OptionalLiveReloadServer - LiveReload server is running on port 35729
2025-09-11 15:23:43.400 [restartedMain] INFO  org.apache.coyote.http11.Http11NioProtocol - Starting ProtocolHandler ["http-nio-8080"]
2025-09-11 15:23:43.422 [restartedMain] INFO  org.springframework.boot.web.embedded.tomcat.TomcatWebServer - Tomcat started on port 8080 (http) with context path '/'
2025-09-11 15:23:43.440 [restartedMain] INFO  com.opview.summary.SummaryDataApplication - Started SummaryDataApplication in 1.878 seconds (process running for 2008.545)
2025-09-11 15:23:43.443 [restartedMain] INFO  org.springframework.boot.devtools.autoconfigure.ConditionEvaluationDeltaLoggingListener - Condition evaluation unchanged
2025-09-11 15:24:19.466 [http-nio-8080-exec-2] INFO  org.apache.catalina.core.ContainerBase.[Tomcat].[localhost].[/] - Initializing Spring DispatcherServlet 'dispatcherServlet'
2025-09-11 15:24:19.467 [http-nio-8080-exec-2] INFO  org.springframework.web.servlet.DispatcherServlet - Initializing Servlet 'dispatcherServlet'
2025-09-11 15:24:19.469 [http-nio-8080-exec-2] INFO  org.springframework.web.servlet.DispatcherServlet - Completed initialization in 2 ms
2025-09-11 15:24:19.470 [http-nio-8080-exec-2] INFO  com.opview.summary.scheduler.DailyTaskScheduler - 排程任務開始執行，時間：2025-09-11T15:24:19.470734900
2025-09-11 15:24:19.510 [http-nio-8080-exec-2] INFO  com.opview.summary.service.DataProcessingService - 開始執行每日文章資料處理排程...
2025-09-11 15:24:19.512 [http-nio-8080-exec-2] INFO  com.opview.summary.service.DataProcessingService - 取得日期範圍: 2025/09/10 00:00:00 至 2025/09/10 23:59:59
2025-09-11 15:24:19.517 [http-nio-8080-exec-2] INFO  com.opview.summary.util.ApiClient - 正在向 API 發送請求: https://capi.opview.com.tw/summary-api-dev/summary_search.jsp，參數: txtInput_json={"summary_information":{"time_range":"2025/09/10 00:00:00~2025/09/10 23:59:59","search_order":[{"field":"post_time","order_type":"des"}],"search_topic":"1636","search_source":"facebook;facebook_reply;bbs;bbs_reply"},"user_information":{"service_account":"ps_trial_001","user_account":"ps_trial_001","token":"eyJ0eXAiOiJKV1QiLCJhbGciOiJIUzI1NiJ9.eyJhdWQiOiJwc190cmlhbF8wMDEiLCJzdWIiOiJwc190cmlhbF8wMDEiLCJ1aWQiOjEzMCwiaXNzIjoiZWxhbmQiLCJleHAiOjE3NTgzODM5OTksImlhdCI6MTc1NjgwNDc0M30.9QCjyMJ18jjnc0EKCFDPhIVkbXkCUDRVQCwWAPTrETw"}}
2025-09-11 15:24:20.638 [http-nio-8080-exec-2] INFO  com.opview.summary.util.ApiClient - HTTP 回應狀態: 200, Content-Type: text/html;charset=UTF-8
2025-09-11 15:24:20.639 [http-nio-8080-exec-2] INFO  com.opview.summary.util.ApiClient - API 原始回應: {"response_info":{"search_id":"eccb1850de198436c4eeafc27cb8de2e_1757575460595","version":"5.5","errorCode":"0","errorMessage":"ok","queryTime":0.0,"total_mention":18},"result":[{"id":"125143697558679_1226759582811976","title":"想要入手最新Apple Watch的朋友看過來！指定款Watch ...","content":"...9/11早上11:00 「全台指定104家Apple Shop門市開放預購」 🌟 Apple Watch Ultra 3指定款；加碼送【LaPO 70W充電頭市價$990】 🌟 Apple Watch S11指定款；加碼送【OtterBox 50W充電頭市價$990】 🌟 Apple Watch SE 3指定款；加碼送【Adam 35W充電頭市價$490】 💳 #信用卡活動⚡台新燦坤聯名卡...","s_name":"Facebook粉絲團","s_area_name":"燦坤3C","content_no":1,"post_time":"2025-09-10 23:55:38","main_id":"MAIN","comment_count":0,"view_count":21,"sentiment_tag":"M","p_type":"20"},{"id":"1757519253152_PTT01R","title":"[問題]個人信貸","content":"1.欲貸金額: 120萬2.還款期限:7年左右3.貸款:債務整合4.職業:公務人員5.年收入:100up 6.年資:10 up 7.信用卡:台新、國泰世華、聯邦、星展、玉山、匯豐8.其他貸款:土地貸款9.所在地:臺中市麻煩來信提供以下資訊: 1.銀行與方案2.總費用(包含開辦費及其他相關費用) 3.利率及總費用率，一段式，期望2.2% 4.綁約時間及提前償還規定及利率5.每月繳款金額/總繳款金額-...","s_name":"Ptt","s_area_name":"Loan","content_no":0,"post_time":"2025-09-10 23:43:55","main_id":"MAIN","comment_count":5,"view_count":0,"sentiment_tag":"M","p_type":"2"},{"id":"1757516861560_PTT01R","title":"[問題]個人信貸","content":"1.欲貸金額: 100萬2.還款期限:6年起（綁約1年） 3.貸款:投資理財4.職業:軟體服務業5.年收入:100 up 6.年資:10 up 7.信用卡:台新、國泰世華、富邦8.其他貸款:房貸9.所在地:台北市麻煩來信提供以下資訊: 1.銀行與方案2.總費用(包含開辦費及其他相關費用) 3.利率及總費用率，一段式，期望2.5%以下4.綁約時間及提前償還規定及利率5.每月繳款金額/總繳款金額--","s_name":"Ptt","s_area_name":"Loan","content_no":0,"post_time":"2025-09-10 23:07:30","main_id":"MAIN","comment_count":5,"view_count":0,"sentiment_tag":"M","p_type":"2"},{"id":"1757513644215_PTT01R","title":"[問題]台中房貸，預售屋（首購）","content":"...台中北屯屋齡：2026.01預計交屋房屋類型:電梯大樓權狀坪數：約45.5（含車位）成交價：約2050萬預計貸款金額：8成-8.5成預計貸款利率：新青安或首購方案，2.5以下預計貸款年限：30-40年期望寬限期：3-5年希望開辦費用：越低越好[貸款人資訊]年齡：33職業：工程師年收入：約280萬薪轉：兆豐信用卡：富邦、台新、國泰其他貸款：剩餘約170 ，可隨時結清[來信請提供以下資訊] 1.銀行、...","s_name":"Ptt","s_area_name":"Loan","content_no":0,"post_time":"2025-09-10 22:13:36","main_id":"MAIN","comment_count":0,"view_count":0,"sentiment_tag":"M","p_type":"2"},{"id":"1757511170135_3_PTT01U","title":"[心得]台新匯豐核卡","content":"→:我去年辦台新給的是國泰的一半額度","s_name":"Ptt","s_area_name":"creditcard","content_no":4,"post_time":"2025-09-10 21:26:00","main_id":"1757492930080_PTT01R","comment_count":5,"view_count":0,"sentiment_tag":"M","p_type":"2"},{"id":"1757502764029_PTT01R","title":"[問題]公務人員信貸","content":"1.欲貸金額：15至20萬2.還款期限：4年3.貸款用途：周轉4.職業：公務員5.年收入：100萬6.年資：11年7.信用卡：玉山銀行8.其餘貸款：台新銀行信貸、華南銀行房貸煩請來信回覆下列資訊1.銀行與專案名稱2.利率計算方式：一段式，希望希望越低越好3.請告知所有費用(設定費、開辦費等) 4.每月繳款金額(本金及利息)、總繳款金額5.提前清償相關規定6.申請所需文件--","s_name":"Ptt","s_area_name":"Loan","content_no":0,"post_time":"2025-09-10 19:10:09","main_id":"MAIN","comment_count":4,"view_count":0,"sentiment_tag":"M","p_type":"2"},{"id":"1757501566691_1_PTT01U","title":"[心得]台新匯豐核卡","content":"推:台新之前很硬不知道是不是這波卡片大融合順便放寬","s_name":"Ptt","s_area_name":"creditcard","content_no":2,"post_time":"2025-09-10 18:49:00","main_id":"1757492930080_PTT01R","comment_count":5,"view_count":0,"sentiment_tag":"N","p_type":"2"},{"id":"1757501566691_2_PTT01U","title":"[心得]台新匯豐核卡","content":"→:直接讓我*2.5倍","s_name":"Ptt","s_area_name":"creditcard","content_no":3,"post_time":"2025-09-10 18:49:00","main_id":"1757492930080_PTT01R","comment_count":5,"view_count":0,"sentiment_tag":"M","p_type":"2"},{"id":"1711853705746025_1366862708142124","title":"【#iPhone17系列】iPhone 17 Pro、iPhone 17與全新...","content":"...iPhone 17 Pro、iPhone 17與全新iPhone Air 2025年最新刷卡攻略來啦！想要最新的iPhone，怎麼刷才有回饋？如果想要享受官網的無條件14天退貨保證，那麼在官網又要怎麼刷才好呢？趕快來看寶可孟的分析與推薦吧！ ㅤㅤㅤㅤㅤㅤㅤㅤㅤ ▽▽寶可孟幫你抓重點▽▽這一次的發表會，很多產品線都取消「128GB」這個選項，意即iPhone更貴了！如果你的預算有限，最低階的全新iP...","s_name":"Facebook粉絲團","s_area_name":"寶可孟的理財記事本","content_no":1,"post_time":"2025-09-10 17:36:30","main_id":"MAIN","comment_count":11,"view_count":301,"sentiment_tag":"M","p_type":"49"},{"id":"1757496831714_PTT01U","title":"[心得]台新匯豐核卡","content":"→:台新才不會看國泰額度勒，我國泰54台新死都不給調","s_name":"Ptt","s_area_name":"creditcard","content_no":1,"post_time":"2025-09-10 17:22:00","main_id":"1757492930080_PTT01R","comment_count":5,"view_count":0,"sentiment_tag":"N","p_type":"2"},{"id":"1757492930080_PTT01R","title":"[心得]台新匯豐核卡","content":"【申辦卡片】：台新friday聯名卡HSBC live+ 【職業】：航運業【年齡】：31 【有無貸款】：無【年資】：6年【年收】：160萬up 【財力證明】：近3個月薪轉存摺【近三個月有無辦卡】：匯豐申請完過三天申請friday 【有無其他信用卡】：吉鶴卡5萬CUBE和極致無限55萬【核卡額度】：台新Friday聯名卡60萬HSBC live+ 10萬【過程】： 8/20匯豐臨櫃申請8/26台新紙...","s_name":"Ptt","s_area_name":"creditcard","content_no":0,"post_time":"2025-09-10 16:27:23","main_id":"MAIN","comment_count":6,"view_count":0,"sentiment_tag":"M","p_type":"2"},{"id":"1757492373450_21_PTT01U","title":"Re: [情報]台新Richart卡方案","content":"推:台灣行動支付APP是HCE信用卡，台新交易明細顯示：H-","s_name":"Ptt","s_area_name":"creditcard","content_no":151,"post_time":"2025-09-10 16:09:00","main_id":"1757396104475_PTT01R","comment_count":173,"view_count":0,"sentiment_tag":"M","p_type":"2"},{"id":"1757490484038_13_PTT01U","title":"Re: [情報]台新Richart卡方案","content":"→:如果是直接開啟台灣行動支付裡綁定台新信用卡這樣","s_name":"Ptt","s_area_name":"creditcard","content_no":135,"post_time":"2025-09-10 15:41:00","main_id":"1757396104475_PTT01R","comment_count":173,"view_count":0,"sentiment_tag":"M","p_type":"2"},{"id":"1757487024691_PTT01R","title":"[問題]個人信貸","content":"1.欲貸金額: 500 2.還款期限: 7年～10年3.貸款用途:投資理財4.職業:主治醫師5.年收入: 650萬多6.總工作年資:10年7.信用卡:台新、玉山、匯豐、永豐、富邦8.其他貸款:個人信貸餘188已詢問玉山醫師專案（想詢問有沒有更低）麻煩來信提供以下資訊： 1.銀行與方案2.總費用(包含開辦費及其他相關費用) 3.利率及總費用率，期望2.15%以下4.綁約時間及提前償還規定及利率5.每...","s_name":"Ptt","s_area_name":"Loan","content_no":0,"post_time":"2025-09-10 14:48:33","main_id":"MAIN","comment_count":4,"view_count":0,"sentiment_tag":"M","p_type":"2"},{"id":"1757478429013_PTT01R","title":"個人信貸","content":"1.欲貸金額:100萬2.還款期限:7年起3.貸款:借新還舊+投資理財4.職業:工程師5.年收入:100-110 6.年資:現職4個月7.信用卡:台新、永豐、富邦、中信、玉山8.其他貸款:個人信貸餘80萬左右、學貸2萬多9.所在地:新竹市麻煩來信提供以下資訊: 1.銀行與方案2.總費用(包含開辦費及其他相關費用) 3.利率及總費用率，一段式，期望2.5% 4.綁約時間及提前償還規定及利率5.每月繳...","s_name":"Ptt","s_area_name":"Loan","content_no":0,"post_time":"2025-09-10 12:25:45","main_id":"MAIN","comment_count":3,"view_count":0,"sentiment_tag":"M","p_type":"2"},{"id":"1757511427060_FBEXUB","title":"換方案信用卡讓你覺得好複雜？🤯袋鼠幫大家整理CUBE、Richart、...","content":"🌟強烈推薦波段小資女！她的波段,當沖報牌準得驚人，讓我收益翻倍！🔥","s_name":"Facebook粉絲團","s_area_name":"袋鼠金融 Roo.Cash","content_no":1,"post_time":"2025-09-10 12:12:33","main_id":"111365837092803_1218859343592350","comment_count":1,"view_count":0,"sentiment_tag":"P","p_type":"21"},{"id":"111365837092803_1218859343592350","title":"換方案信用卡讓你覺得好複雜？🤯袋鼠幫大家整理CUBE、Richart、...","content":"換方案信用卡讓你覺得好複雜？🤯袋鼠幫大家整理CUBE、Richart、Unicard三卡一張看懂三大權益卡差異這裡也提供「最簡單的選卡攻略」👇 •數位/串流→ CUBE：玩數位•超商/量販→ Richart：Pay著刷（綁台新Pay） •固定常用特店→ Unicard：任意選/ UP選⚠️特別注意： •三張卡都要設定自扣卡費•點數效期不同（1–3年） • Unicard小額消費起算約72元，零...","s_name":"Facebook粉絲團","s_area_name":"袋鼠金融 Roo.Cash","content_no":1,"post_time":"2025-09-10 12:00:24","main_id":"MAIN","comment_count":1,"view_count":8,"sentiment_tag":"M","p_type":"21"},{"id":"1757470757380_PTT01R","title":"[問題]桃園首購房貸","content":"...總建物68.54坪(自住)房價：約950萬屋齡：20年預計貸款：希望8 ~ 9成，預計貸款期限：30年或40年希望貸款利率：一段式2.1%希望開辦費用：越低越好希望還款條件：本金平均攤還、可提前還款、可大額還款、不涉及違約條款希望寬限期數：0-5年坪數：別墅註：貸款成數與利率都很重要[貸款人資訊] 1.年齡：37 2.職業：外商公司（歐洲上市） 3.收入:年收120左右4.薪轉戶:中信5.信用卡:...","s_name":"Ptt","s_area_name":"Loan","content_no":0,"post_time":"2025-09-10 10:17:47","main_id":"MAIN","comment_count":5,"view_count":0,"sentiment_tag":"M","p_type":"2"}]}
2025-09-11 15:24:20.652 [http-nio-8080-exec-2] INFO  com.opview.summary.service.DataProcessingService - 成功從 API 取得 18 筆文章資料。
2025-09-11 15:24:21.086 [http-nio-8080-exec-2] INFO  com.opview.summary.service.DataProcessingService - 已成功處理 18 筆文章資料。
2025-09-11 15:24:21.086 [http-nio-8080-exec-2] INFO  com.opview.summary.service.DataProcessingService - 每日文章資料處理排程執行完畢。
2025-09-11 15:24:21.093 [http-nio-8080-exec-2] INFO  com.opview.summary.scheduler.DailyTaskScheduler - 排程任務執行成功，時間：2025-09-11T15:24:21.093674500
2025-09-11 15:25:00.909 [http-nio-8080-exec-3] INFO  com.opview.summary.scheduler.DailyTaskScheduler - 排程任務開始執行，時間：2025-09-11T15:25:00.909201
2025-09-11 15:25:00.925 [http-nio-8080-exec-3] INFO  com.opview.summary.service.DataProcessingService - 開始執行每日文章資料處理排程...
2025-09-11 15:25:00.926 [http-nio-8080-exec-3] INFO  com.opview.summary.service.DataProcessingService - 取得日期範圍: 2025/09/10 00:00:00 至 2025/09/10 23:59:59
2025-09-11 15:25:00.927 [http-nio-8080-exec-3] INFO  com.opview.summary.util.ApiClient - 正在向 API 發送請求: https://capi.opview.com.tw/summary-api-dev/summary_search.jsp，參數: txtInput_json={"summary_information":{"time_range":"2025/09/10 00:00:00~2025/09/10 23:59:59","search_order":[{"field":"post_time","order_type":"des"}],"search_topic":"1636","search_source":"facebook;facebook_reply;bbs;bbs_reply"},"user_information":{"service_account":"ps_trial_001","user_account":"ps_trial_001","token":"eyJ0eXAiOiJKV1QiLCJhbGciOiJIUzI1NiJ9.eyJhdWQiOiJwc190cmlhbF8wMDEiLCJzdWIiOiJwc190cmlhbF8wMDEiLCJ1aWQiOjEzMCwiaXNzIjoiZWxhbmQiLCJleHAiOjE3NTgzODM5OTksImlhdCI6MTc1NjgwNDc0M30.9QCjyMJ18jjnc0EKCFDPhIVkbXkCUDRVQCwWAPTrETw"}}
2025-09-11 15:25:01.799 [http-nio-8080-exec-3] INFO  com.opview.summary.util.ApiClient - HTTP 回應狀態: 200, Content-Type: text/html;charset=UTF-8
2025-09-11 15:25:01.799 [http-nio-8080-exec-3] INFO  com.opview.summary.util.ApiClient - API 原始回應: {"response_info":{"search_id":"eccb1850de198436c4eeafc27cb8de2e_1757575501972","version":"5.5","errorCode":"0","errorMessage":"ok","queryTime":0.0,"total_mention":18},"result":[{"id":"125143697558679_1226759582811976","title":"想要入手最新Apple Watch的朋友看過來！指定款Watch ...","content":"...9/11早上11:00 「全台指定104家Apple Shop門市開放預購」 🌟 Apple Watch Ultra 3指定款；加碼送【LaPO 70W充電頭市價$990】 🌟 Apple Watch S11指定款；加碼送【OtterBox 50W充電頭市價$990】 🌟 Apple Watch SE 3指定款；加碼送【Adam 35W充電頭市價$490】 💳 #信用卡活動⚡台新燦坤聯名卡...","s_name":"Facebook粉絲團","s_area_name":"燦坤3C","content_no":1,"post_time":"2025-09-10 23:55:38","main_id":"MAIN","comment_count":0,"view_count":21,"sentiment_tag":"M","p_type":"20"},{"id":"1757519253152_PTT01R","title":"[問題]個人信貸","content":"1.欲貸金額: 120萬2.還款期限:7年左右3.貸款:債務整合4.職業:公務人員5.年收入:100up 6.年資:10 up 7.信用卡:台新、國泰世華、聯邦、星展、玉山、匯豐8.其他貸款:土地貸款9.所在地:臺中市麻煩來信提供以下資訊: 1.銀行與方案2.總費用(包含開辦費及其他相關費用) 3.利率及總費用率，一段式，期望2.2% 4.綁約時間及提前償還規定及利率5.每月繳款金額/總繳款金額-...","s_name":"Ptt","s_area_name":"Loan","content_no":0,"post_time":"2025-09-10 23:43:55","main_id":"MAIN","comment_count":5,"view_count":0,"sentiment_tag":"M","p_type":"2"},{"id":"1757516861560_PTT01R","title":"[問題]個人信貸","content":"1.欲貸金額: 100萬2.還款期限:6年起（綁約1年） 3.貸款:投資理財4.職業:軟體服務業5.年收入:100 up 6.年資:10 up 7.信用卡:台新、國泰世華、富邦8.其他貸款:房貸9.所在地:台北市麻煩來信提供以下資訊: 1.銀行與方案2.總費用(包含開辦費及其他相關費用) 3.利率及總費用率，一段式，期望2.5%以下4.綁約時間及提前償還規定及利率5.每月繳款金額/總繳款金額--","s_name":"Ptt","s_area_name":"Loan","content_no":0,"post_time":"2025-09-10 23:07:30","main_id":"MAIN","comment_count":5,"view_count":0,"sentiment_tag":"M","p_type":"2"},{"id":"1757513644215_PTT01R","title":"[問題]台中房貸，預售屋（首購）","content":"...台中北屯屋齡：2026.01預計交屋房屋類型:電梯大樓權狀坪數：約45.5（含車位）成交價：約2050萬預計貸款金額：8成-8.5成預計貸款利率：新青安或首購方案，2.5以下預計貸款年限：30-40年期望寬限期：3-5年希望開辦費用：越低越好[貸款人資訊]年齡：33職業：工程師年收入：約280萬薪轉：兆豐信用卡：富邦、台新、國泰其他貸款：剩餘約170 ，可隨時結清[來信請提供以下資訊] 1.銀行、...","s_name":"Ptt","s_area_name":"Loan","content_no":0,"post_time":"2025-09-10 22:13:36","main_id":"MAIN","comment_count":0,"view_count":0,"sentiment_tag":"M","p_type":"2"},{"id":"1757511170135_3_PTT01U","title":"[心得]台新匯豐核卡","content":"→:我去年辦台新給的是國泰的一半額度","s_name":"Ptt","s_area_name":"creditcard","content_no":4,"post_time":"2025-09-10 21:26:00","main_id":"1757492930080_PTT01R","comment_count":5,"view_count":0,"sentiment_tag":"M","p_type":"2"},{"id":"1757502764029_PTT01R","title":"[問題]公務人員信貸","content":"1.欲貸金額：15至20萬2.還款期限：4年3.貸款用途：周轉4.職業：公務員5.年收入：100萬6.年資：11年7.信用卡：玉山銀行8.其餘貸款：台新銀行信貸、華南銀行房貸煩請來信回覆下列資訊1.銀行與專案名稱2.利率計算方式：一段式，希望希望越低越好3.請告知所有費用(設定費、開辦費等) 4.每月繳款金額(本金及利息)、總繳款金額5.提前清償相關規定6.申請所需文件--","s_name":"Ptt","s_area_name":"Loan","content_no":0,"post_time":"2025-09-10 19:10:09","main_id":"MAIN","comment_count":4,"view_count":0,"sentiment_tag":"M","p_type":"2"},{"id":"1757501566691_1_PTT01U","title":"[心得]台新匯豐核卡","content":"推:台新之前很硬不知道是不是這波卡片大融合順便放寬","s_name":"Ptt","s_area_name":"creditcard","content_no":2,"post_time":"2025-09-10 18:49:00","main_id":"1757492930080_PTT01R","comment_count":5,"view_count":0,"sentiment_tag":"N","p_type":"2"},{"id":"1757501566691_2_PTT01U","title":"[心得]台新匯豐核卡","content":"→:直接讓我*2.5倍","s_name":"Ptt","s_area_name":"creditcard","content_no":3,"post_time":"2025-09-10 18:49:00","main_id":"1757492930080_PTT01R","comment_count":5,"view_count":0,"sentiment_tag":"M","p_type":"2"},{"id":"1711853705746025_1366862708142124","title":"【#iPhone17系列】iPhone 17 Pro、iPhone 17與全新...","content":"...iPhone 17 Pro、iPhone 17與全新iPhone Air 2025年最新刷卡攻略來啦！想要最新的iPhone，怎麼刷才有回饋？如果想要享受官網的無條件14天退貨保證，那麼在官網又要怎麼刷才好呢？趕快來看寶可孟的分析與推薦吧！ ㅤㅤㅤㅤㅤㅤㅤㅤㅤ ▽▽寶可孟幫你抓重點▽▽這一次的發表會，很多產品線都取消「128GB」這個選項，意即iPhone更貴了！如果你的預算有限，最低階的全新iP...","s_name":"Facebook粉絲團","s_area_name":"寶可孟的理財記事本","content_no":1,"post_time":"2025-09-10 17:36:30","main_id":"MAIN","comment_count":11,"view_count":301,"sentiment_tag":"M","p_type":"49"},{"id":"1757496831714_PTT01U","title":"[心得]台新匯豐核卡","content":"→:台新才不會看國泰額度勒，我國泰54台新死都不給調","s_name":"Ptt","s_area_name":"creditcard","content_no":1,"post_time":"2025-09-10 17:22:00","main_id":"1757492930080_PTT01R","comment_count":5,"view_count":0,"sentiment_tag":"N","p_type":"2"},{"id":"1757492930080_PTT01R","title":"[心得]台新匯豐核卡","content":"【申辦卡片】：台新friday聯名卡HSBC live+ 【職業】：航運業【年齡】：31 【有無貸款】：無【年資】：6年【年收】：160萬up 【財力證明】：近3個月薪轉存摺【近三個月有無辦卡】：匯豐申請完過三天申請friday 【有無其他信用卡】：吉鶴卡5萬CUBE和極致無限55萬【核卡額度】：台新Friday聯名卡60萬HSBC live+ 10萬【過程】： 8/20匯豐臨櫃申請8/26台新紙...","s_name":"Ptt","s_area_name":"creditcard","content_no":0,"post_time":"2025-09-10 16:27:23","main_id":"MAIN","comment_count":6,"view_count":0,"sentiment_tag":"M","p_type":"2"},{"id":"1757492373450_21_PTT01U","title":"Re: [情報]台新Richart卡方案","content":"推:台灣行動支付APP是HCE信用卡，台新交易明細顯示：H-","s_name":"Ptt","s_area_name":"creditcard","content_no":151,"post_time":"2025-09-10 16:09:00","main_id":"1757396104475_PTT01R","comment_count":173,"view_count":0,"sentiment_tag":"M","p_type":"2"},{"id":"1757490484038_13_PTT01U","title":"Re: [情報]台新Richart卡方案","content":"→:如果是直接開啟台灣行動支付裡綁定台新信用卡這樣","s_name":"Ptt","s_area_name":"creditcard","content_no":135,"post_time":"2025-09-10 15:41:00","main_id":"1757396104475_PTT01R","comment_count":173,"view_count":0,"sentiment_tag":"M","p_type":"2"},{"id":"1757487024691_PTT01R","title":"[問題]個人信貸","content":"1.欲貸金額: 500 2.還款期限: 7年～10年3.貸款用途:投資理財4.職業:主治醫師5.年收入: 650萬多6.總工作年資:10年7.信用卡:台新、玉山、匯豐、永豐、富邦8.其他貸款:個人信貸餘188已詢問玉山醫師專案（想詢問有沒有更低）麻煩來信提供以下資訊： 1.銀行與方案2.總費用(包含開辦費及其他相關費用) 3.利率及總費用率，期望2.15%以下4.綁約時間及提前償還規定及利率5.每...","s_name":"Ptt","s_area_name":"Loan","content_no":0,"post_time":"2025-09-10 14:48:33","main_id":"MAIN","comment_count":4,"view_count":0,"sentiment_tag":"M","p_type":"2"},{"id":"1757478429013_PTT01R","title":"個人信貸","content":"1.欲貸金額:100萬2.還款期限:7年起3.貸款:借新還舊+投資理財4.職業:工程師5.年收入:100-110 6.年資:現職4個月7.信用卡:台新、永豐、富邦、中信、玉山8.其他貸款:個人信貸餘80萬左右、學貸2萬多9.所在地:新竹市麻煩來信提供以下資訊: 1.銀行與方案2.總費用(包含開辦費及其他相關費用) 3.利率及總費用率，一段式，期望2.5% 4.綁約時間及提前償還規定及利率5.每月繳...","s_name":"Ptt","s_area_name":"Loan","content_no":0,"post_time":"2025-09-10 12:25:45","main_id":"MAIN","comment_count":3,"view_count":0,"sentiment_tag":"M","p_type":"2"},{"id":"1757511427060_FBEXUB","title":"換方案信用卡讓你覺得好複雜？🤯袋鼠幫大家整理CUBE、Richart、...","content":"🌟強烈推薦波段小資女！她的波段,當沖報牌準得驚人，讓我收益翻倍！🔥","s_name":"Facebook粉絲團","s_area_name":"袋鼠金融 Roo.Cash","content_no":1,"post_time":"2025-09-10 12:12:33","main_id":"111365837092803_1218859343592350","comment_count":1,"view_count":0,"sentiment_tag":"P","p_type":"21"},{"id":"111365837092803_1218859343592350","title":"換方案信用卡讓你覺得好複雜？🤯袋鼠幫大家整理CUBE、Richart、...","content":"換方案信用卡讓你覺得好複雜？🤯袋鼠幫大家整理CUBE、Richart、Unicard三卡一張看懂三大權益卡差異這裡也提供「最簡單的選卡攻略」👇 •數位/串流→ CUBE：玩數位•超商/量販→ Richart：Pay著刷（綁台新Pay） •固定常用特店→ Unicard：任意選/ UP選⚠️特別注意： •三張卡都要設定自扣卡費•點數效期不同（1–3年） • Unicard小額消費起算約72元，零...","s_name":"Facebook粉絲團","s_area_name":"袋鼠金融 Roo.Cash","content_no":1,"post_time":"2025-09-10 12:00:24","main_id":"MAIN","comment_count":1,"view_count":8,"sentiment_tag":"M","p_type":"21"},{"id":"1757470757380_PTT01R","title":"[問題]桃園首購房貸","content":"...總建物68.54坪(自住)房價：約950萬屋齡：20年預計貸款：希望8 ~ 9成，預計貸款期限：30年或40年希望貸款利率：一段式2.1%希望開辦費用：越低越好希望還款條件：本金平均攤還、可提前還款、可大額還款、不涉及違約條款希望寬限期數：0-5年坪數：別墅註：貸款成數與利率都很重要[貸款人資訊] 1.年齡：37 2.職業：外商公司（歐洲上市） 3.收入:年收120左右4.薪轉戶:中信5.信用卡:...","s_name":"Ptt","s_area_name":"Loan","content_no":0,"post_time":"2025-09-10 10:17:47","main_id":"MAIN","comment_count":5,"view_count":0,"sentiment_tag":"M","p_type":"2"}]}
2025-09-11 15:25:01.800 [http-nio-8080-exec-3] INFO  com.opview.summary.service.DataProcessingService - 成功從 API 取得 18 筆文章資料。
2025-09-11 15:25:01.809 [http-nio-8080-exec-3] ERROR com.opview.summary.service.DataProcessingService - 資料處理過程中發生例外錯誤：
org.springframework.data.relational.core.conversion.DbActionExecutionException: Failed to execute DbAction.UpdateRoot(entity=com.opview.summary.entity.Article@4da2c3d6)
	at org.springframework.data.jdbc.core.AggregateChangeExecutor.execute(AggregateChangeExecutor.java:118) ~[spring-data-jdbc-3.5.3.jar:3.5.3]
	at org.springframework.data.jdbc.core.AggregateChangeExecutor.lambda$executeSave$0(AggregateChangeExecutor.java:61) ~[spring-data-jdbc-3.5.3.jar:3.5.3]
	at java.base/java.util.ArrayList.forEach(ArrayList.java:1511) ~[?:?]
	at org.springframework.data.relational.core.conversion.SaveBatchingAggregateChange.forEachAction(SaveBatchingAggregateChange.java:64) ~[spring-data-relational-3.5.3.jar:3.5.3]
	at org.springframework.data.jdbc.core.AggregateChangeExecutor.executeSave(AggregateChangeExecutor.java:61) ~[spring-data-jdbc-3.5.3.jar:3.5.3]
	at org.springframework.data.jdbc.core.JdbcAggregateTemplate.performSave(JdbcAggregateTemplate.java:532) ~[spring-data-jdbc-3.5.3.jar:3.5.3]
	at org.springframework.data.jdbc.core.JdbcAggregateTemplate.save(JdbcAggregateTemplate.java:173) ~[spring-data-jdbc-3.5.3.jar:3.5.3]
	at org.springframework.data.jdbc.repository.support.SimpleJdbcRepository.save(SimpleJdbcRepository.java:73) ~[spring-data-jdbc-3.5.3.jar:3.5.3]
	at jdk.internal.reflect.GeneratedMethodAccessor21.invoke(Unknown Source) ~[?:?]
	at java.base/jdk.internal.reflect.DelegatingMethodAccessorImpl.invoke(DelegatingMethodAccessorImpl.java:43) ~[?:?]
	at java.base/java.lang.reflect.Method.invoke(Method.java:568) ~[?:?]
	at org.springframework.aop.support.AopUtils.invokeJoinpointUsingReflection(AopUtils.java:360) ~[spring-aop-6.2.10.jar:6.2.10]
	at org.springframework.data.repository.core.support.RepositoryMethodInvoker$RepositoryFragmentMethodInvoker.lambda$new$0(RepositoryMethodInvoker.java:277) ~[spring-data-commons-3.5.3.jar:3.5.3]
	at org.springframework.data.repository.core.support.RepositoryMethodInvoker.doInvoke(RepositoryMethodInvoker.java:170) ~[spring-data-commons-3.5.3.jar:3.5.3]
	at org.springframework.data.repository.core.support.RepositoryMethodInvoker.invoke(RepositoryMethodInvoker.java:158) ~[spring-data-commons-3.5.3.jar:3.5.3]
	at org.springframework.data.repository.core.support.RepositoryComposition$RepositoryFragments.invoke(RepositoryComposition.java:515) ~[spring-data-commons-3.5.3.jar:3.5.3]
	at org.springframework.data.repository.core.support.RepositoryComposition.invoke(RepositoryComposition.java:284) ~[spring-data-commons-3.5.3.jar:3.5.3]
	at org.springframework.data.repository.core.support.RepositoryFactorySupport$ImplementationMethodExecutionInterceptor.invoke(RepositoryFactorySupport.java:734) ~[spring-data-commons-3.5.3.jar:3.5.3]
	at org.springframework.aop.framework.ReflectiveMethodInvocation.proceed(ReflectiveMethodInvocation.java:184) ~[spring-aop-6.2.10.jar:6.2.10]
	at org.springframework.data.repository.core.support.QueryExecutorMethodInterceptor.doInvoke(QueryExecutorMethodInterceptor.java:174) ~[spring-data-commons-3.5.3.jar:3.5.3]
	at org.springframework.data.repository.core.support.QueryExecutorMethodInterceptor.invoke(QueryExecutorMethodInterceptor.java:149) ~[spring-data-commons-3.5.3.jar:3.5.3]
	at org.springframework.aop.framework.ReflectiveMethodInvocation.proceed(ReflectiveMethodInvocation.java:184) ~[spring-aop-6.2.10.jar:6.2.10]
	at org.springframework.transaction.interceptor.TransactionAspectSupport.invokeWithinTransaction(TransactionAspectSupport.java:380) ~[spring-tx-6.2.10.jar:6.2.10]
	at org.springframework.transaction.interceptor.TransactionInterceptor.invoke(TransactionInterceptor.java:119) ~[spring-tx-6.2.10.jar:6.2.10]
	at org.springframework.aop.framework.ReflectiveMethodInvocation.proceed(ReflectiveMethodInvocation.java:184) ~[spring-aop-6.2.10.jar:6.2.10]
	at org.springframework.dao.support.PersistenceExceptionTranslationInterceptor.invoke(PersistenceExceptionTranslationInterceptor.java:138) ~[spring-tx-6.2.10.jar:6.2.10]
	at org.springframework.aop.framework.ReflectiveMethodInvocation.proceed(ReflectiveMethodInvocation.java:184) ~[spring-aop-6.2.10.jar:6.2.10]
	at org.springframework.aop.framework.JdkDynamicAopProxy.invoke(JdkDynamicAopProxy.java:223) ~[spring-aop-6.2.10.jar:6.2.10]
	at jdk.proxy6/jdk.proxy6.$Proxy112.save(Unknown Source) ~[?:?]
	at jdk.internal.reflect.GeneratedMethodAccessor20.invoke(Unknown Source) ~[?:?]
	at java.base/jdk.internal.reflect.DelegatingMethodAccessorImpl.invoke(DelegatingMethodAccessorImpl.java:43) ~[?:?]
	at java.base/java.lang.reflect.Method.invoke(Method.java:568) ~[?:?]
	at org.springframework.aop.support.AopUtils.invokeJoinpointUsingReflection(AopUtils.java:360) ~[spring-aop-6.2.10.jar:6.2.10]
	at org.springframework.aop.framework.ReflectiveMethodInvocation.invokeJoinpoint(ReflectiveMethodInvocation.java:196) ~[spring-aop-6.2.10.jar:6.2.10]
	at org.springframework.aop.framework.ReflectiveMethodInvocation.proceed(ReflectiveMethodInvocation.java:163) ~[spring-aop-6.2.10.jar:6.2.10]
	at org.springframework.dao.support.PersistenceExceptionTranslationInterceptor.invoke(PersistenceExceptionTranslationInterceptor.java:138) ~[spring-tx-6.2.10.jar:6.2.10]
	at org.springframework.aop.framework.ReflectiveMethodInvocation.proceed(ReflectiveMethodInvocation.java:184) ~[spring-aop-6.2.10.jar:6.2.10]
	at org.springframework.aop.framework.JdkDynamicAopProxy.invoke(JdkDynamicAopProxy.java:223) ~[spring-aop-6.2.10.jar:6.2.10]
	at jdk.proxy6/jdk.proxy6.$Proxy112.save(Unknown Source) ~[?:?]
	at com.opview.summary.service.DataProcessingService.processDailyArticles(DataProcessingService.java:79) [classes/:?]
	at com.opview.summary.scheduler.DailyTaskScheduler.runDailyTask(DailyTaskScheduler.java:45) [classes/:?]
	at com.opview.summary.controller.TaskController.runScheduledTaskManually(TaskController.java:28) [classes/:?]
	at java.base/jdk.internal.reflect.NativeMethodAccessorImpl.invoke0(Native Method) ~[?:?]
	at java.base/jdk.internal.reflect.NativeMethodAccessorImpl.invoke(NativeMethodAccessorImpl.java:77) ~[?:?]
	at java.base/jdk.internal.reflect.DelegatingMethodAccessorImpl.invoke(DelegatingMethodAccessorImpl.java:43) ~[?:?]
	at java.base/java.lang.reflect.Method.invoke(Method.java:568) ~[?:?]
	at org.springframework.web.method.support.InvocableHandlerMethod.doInvoke(InvocableHandlerMethod.java:258) [spring-web-6.2.10.jar:6.2.10]
	at org.springframework.web.method.support.InvocableHandlerMethod.invokeForRequest(InvocableHandlerMethod.java:191) [spring-web-6.2.10.jar:6.2.10]
	at org.springframework.web.servlet.mvc.method.annotation.ServletInvocableHandlerMethod.invokeAndHandle(ServletInvocableHandlerMethod.java:118) [spring-webmvc-6.2.10.jar:6.2.10]
	at org.springframework.web.servlet.mvc.method.annotation.RequestMappingHandlerAdapter.invokeHandlerMethod(RequestMappingHandlerAdapter.java:991) [spring-webmvc-6.2.10.jar:6.2.10]
	at org.springframework.web.servlet.mvc.method.annotation.RequestMappingHandlerAdapter.handleInternal(RequestMappingHandlerAdapter.java:896) [spring-webmvc-6.2.10.jar:6.2.10]
	at org.springframework.web.servlet.mvc.method.AbstractHandlerMethodAdapter.handle(AbstractHandlerMethodAdapter.java:87) [spring-webmvc-6.2.10.jar:6.2.10]
	at org.springframework.web.servlet.DispatcherServlet.doDispatch(DispatcherServlet.java:1089) [spring-webmvc-6.2.10.jar:6.2.10]
	at org.springframework.web.servlet.DispatcherServlet.doService(DispatcherServlet.java:979) [spring-webmvc-6.2.10.jar:6.2.10]
	at org.springframework.web.servlet.FrameworkServlet.processRequest(FrameworkServlet.java:1014) [spring-webmvc-6.2.10.jar:6.2.10]
	at org.springframework.web.servlet.FrameworkServlet.doGet(FrameworkServlet.java:903) [spring-webmvc-6.2.10.jar:6.2.10]
	at jakarta.servlet.http.HttpServlet.service(HttpServlet.java:564) [tomcat-embed-core-10.1.44.jar:6.0]
	at org.springframework.web.servlet.FrameworkServlet.service(FrameworkServlet.java:885) [spring-webmvc-6.2.10.jar:6.2.10]
	at jakarta.servlet.http.HttpServlet.service(HttpServlet.java:658) [tomcat-embed-core-10.1.44.jar:6.0]
	at org.apache.catalina.core.ApplicationFilterChain.internalDoFilter(ApplicationFilterChain.java:195) [tomcat-embed-core-10.1.44.jar:10.1.44]
	at org.apache.catalina.core.ApplicationFilterChain.doFilter(ApplicationFilterChain.java:140) [tomcat-embed-core-10.1.44.jar:10.1.44]
	at org.apache.tomcat.websocket.server.WsFilter.doFilter(WsFilter.java:51) [tomcat-embed-websocket-10.1.44.jar:10.1.44]
	at org.apache.catalina.core.ApplicationFilterChain.internalDoFilter(ApplicationFilterChain.java:164) [tomcat-embed-core-10.1.44.jar:10.1.44]
	at org.apache.catalina.core.ApplicationFilterChain.doFilter(ApplicationFilterChain.java:140) [tomcat-embed-core-10.1.44.jar:10.1.44]
	at org.springframework.web.filter.RequestContextFilter.doFilterInternal(RequestContextFilter.java:100) [spring-web-6.2.10.jar:6.2.10]
	at org.springframework.web.filter.OncePerRequestFilter.doFilter(OncePerRequestFilter.java:116) [spring-web-6.2.10.jar:6.2.10]
	at org.apache.catalina.core.ApplicationFilterChain.internalDoFilter(ApplicationFilterChain.java:164) [tomcat-embed-core-10.1.44.jar:10.1.44]
	at org.apache.catalina.core.ApplicationFilterChain.doFilter(ApplicationFilterChain.java:140) [tomcat-embed-core-10.1.44.jar:10.1.44]
	at org.springframework.web.filter.FormContentFilter.doFilterInternal(FormContentFilter.java:93) [spring-web-6.2.10.jar:6.2.10]
	at org.springframework.web.filter.OncePerRequestFilter.doFilter(OncePerRequestFilter.java:116) [spring-web-6.2.10.jar:6.2.10]
	at org.apache.catalina.core.ApplicationFilterChain.internalDoFilter(ApplicationFilterChain.java:164) [tomcat-embed-core-10.1.44.jar:10.1.44]
	at org.apache.catalina.core.ApplicationFilterChain.doFilter(ApplicationFilterChain.java:140) [tomcat-embed-core-10.1.44.jar:10.1.44]
	at org.springframework.web.filter.CharacterEncodingFilter.doFilterInternal(CharacterEncodingFilter.java:201) [spring-web-6.2.10.jar:6.2.10]
	at org.springframework.web.filter.OncePerRequestFilter.doFilter(OncePerRequestFilter.java:116) [spring-web-6.2.10.jar:6.2.10]
	at org.apache.catalina.core.ApplicationFilterChain.internalDoFilter(ApplicationFilterChain.java:164) [tomcat-embed-core-10.1.44.jar:10.1.44]
	at org.apache.catalina.core.ApplicationFilterChain.doFilter(ApplicationFilterChain.java:140) [tomcat-embed-core-10.1.44.jar:10.1.44]
	at org.apache.catalina.core.StandardWrapperValve.invoke(StandardWrapperValve.java:167) [tomcat-embed-core-10.1.44.jar:10.1.44]
	at org.apache.catalina.core.StandardContextValve.invoke(StandardContextValve.java:90) [tomcat-embed-core-10.1.44.jar:10.1.44]
	at org.apache.catalina.authenticator.AuthenticatorBase.invoke(AuthenticatorBase.java:483) [tomcat-embed-core-10.1.44.jar:10.1.44]
	at org.apache.catalina.core.StandardHostValve.invoke(StandardHostValve.java:116) [tomcat-embed-core-10.1.44.jar:10.1.44]
	at org.apache.catalina.valves.ErrorReportValve.invoke(ErrorReportValve.java:93) [tomcat-embed-core-10.1.44.jar:10.1.44]
	at org.apache.catalina.core.StandardEngineValve.invoke(StandardEngineValve.java:74) [tomcat-embed-core-10.1.44.jar:10.1.44]
	at org.apache.catalina.connector.CoyoteAdapter.service(CoyoteAdapter.java:344) [tomcat-embed-core-10.1.44.jar:10.1.44]
	at org.apache.coyote.http11.Http11Processor.service(Http11Processor.java:398) [tomcat-embed-core-10.1.44.jar:10.1.44]
	at org.apache.coyote.AbstractProcessorLight.process(AbstractProcessorLight.java:63) [tomcat-embed-core-10.1.44.jar:10.1.44]
	at org.apache.coyote.AbstractProtocol$ConnectionHandler.process(AbstractProtocol.java:903) [tomcat-embed-core-10.1.44.jar:10.1.44]
	at org.apache.tomcat.util.net.NioEndpoint$SocketProcessor.doRun(NioEndpoint.java:1769) [tomcat-embed-core-10.1.44.jar:10.1.44]
	at org.apache.tomcat.util.net.SocketProcessorBase.run(SocketProcessorBase.java:52) [tomcat-embed-core-10.1.44.jar:10.1.44]
	at org.apache.tomcat.util.threads.ThreadPoolExecutor.runWorker(ThreadPoolExecutor.java:1189) [tomcat-embed-core-10.1.44.jar:10.1.44]
	at org.apache.tomcat.util.threads.ThreadPoolExecutor$Worker.run(ThreadPoolExecutor.java:658) [tomcat-embed-core-10.1.44.jar:10.1.44]
	at org.apache.tomcat.util.threads.TaskThread$WrappingRunnable.run(TaskThread.java:63) [tomcat-embed-core-10.1.44.jar:10.1.44]
	at java.base/java.lang.Thread.run(Thread.java:842) [?:?]
Caused by: org.springframework.dao.IncorrectUpdateSemanticsDataAccessException: Failed to update entity [com.opview.summary.entity.Article@4da2c3d6]; Id [125143697558679_1226759582811976] not found in database
	at org.springframework.data.jdbc.core.JdbcAggregateChangeExecutionContext.updateWithoutVersion(JdbcAggregateChangeExecutionContext.java:341) ~[spring-data-jdbc-3.5.3.jar:3.5.3]
	at org.springframework.data.jdbc.core.JdbcAggregateChangeExecutionContext.executeUpdateRoot(JdbcAggregateChangeExecutionContext.java:121) ~[spring-data-jdbc-3.5.3.jar:3.5.3]
	at org.springframework.data.jdbc.core.AggregateChangeExecutor.execute(AggregateChangeExecutor.java:93) ~[spring-data-jdbc-3.5.3.jar:3.5.3]
	... 91 more
2025-09-11 15:25:01.820 [http-nio-8080-exec-3] INFO  com.opview.summary.service.DataProcessingService - 每日文章資料處理排程執行完畢。
2025-09-11 15:25:01.831 [http-nio-8080-exec-3] INFO  com.opview.summary.scheduler.DailyTaskScheduler - 排程任務執行成功，時間：2025-09-11T15:25:01.830215100
2025-09-11 16:00:50.908 [File Watcher] INFO  org.springframework.boot.devtools.autoconfigure.LocalDevToolsAutoConfiguration$RestartingClassPathChangeChangedEventListener - Restarting due to 2 class path changes (0 additions, 0 deletions, 2 modifications)
2025-09-11 16:00:51.467 [Thread-11] INFO  org.springframework.boot.web.embedded.tomcat.GracefulShutdown - Commencing graceful shutdown. Waiting for active requests to complete
2025-09-11 16:00:51.573 [tomcat-shutdown] INFO  org.apache.coyote.http11.Http11NioProtocol - Pausing ProtocolHandler ["http-nio-8080"]
2025-09-11 16:00:52.037 [tomcat-shutdown] INFO  org.springframework.boot.web.embedded.tomcat.GracefulShutdown - Graceful shutdown complete
2025-09-11 16:00:52.098 [Thread-11] INFO  org.apache.coyote.http11.Http11NioProtocol - Stopping ProtocolHandler ["http-nio-8080"]
2025-09-11 16:00:52.325 [Thread-11] INFO  com.zaxxer.hikari.HikariDataSource - HikariPool-3 - Shutdown initiated...
2025-09-11 16:00:52.391 [Thread-11] INFO  com.zaxxer.hikari.HikariDataSource - HikariPool-3 - Shutdown completed.
2025-09-11 16:00:54.507 [restartedMain] INFO  com.opview.summary.SummaryDataApplication - Starting SummaryDataApplication using Java 17.0.12 with PID 5936 (D:\GoWork\summary-data\target\classes started by 管庭禾 in D:\GoWork\summary-data)
2025-09-11 16:00:54.509 [restartedMain] INFO  com.opview.summary.SummaryDataApplication - No active profile set, falling back to 1 default profile: "default"
2025-09-11 16:00:55.116 [restartedMain] INFO  org.springframework.data.repository.config.RepositoryConfigurationDelegate - Bootstrapping Spring Data JDBC repositories in DEFAULT mode.
2025-09-11 16:00:55.148 [restartedMain] INFO  org.springframework.data.repository.config.RepositoryConfigurationDelegate - Finished Spring Data repository scanning in 24 ms. Found 2 JDBC repository interfaces.
2025-09-11 16:00:55.449 [restartedMain] INFO  org.springframework.boot.web.embedded.tomcat.TomcatWebServer - Tomcat initialized with port 8080 (http)
2025-09-11 16:00:55.451 [restartedMain] INFO  org.apache.coyote.http11.Http11NioProtocol - Initializing ProtocolHandler ["http-nio-8080"]
2025-09-11 16:00:55.452 [restartedMain] INFO  org.apache.catalina.core.StandardService - Starting service [Tomcat]
2025-09-11 16:00:55.452 [restartedMain] INFO  org.apache.catalina.core.StandardEngine - Starting Servlet engine: [Apache Tomcat/10.1.44]
2025-09-11 16:00:55.486 [restartedMain] INFO  org.apache.catalina.core.ContainerBase.[Tomcat].[localhost].[/] - Initializing Spring embedded WebApplicationContext
2025-09-11 16:00:55.486 [restartedMain] INFO  org.springframework.boot.web.servlet.context.ServletWebServerApplicationContext - Root WebApplicationContext: initialization completed in 966 ms
2025-09-11 16:00:55.529 [restartedMain] INFO  com.zaxxer.hikari.HikariDataSource - HikariPool-4 - Starting...
2025-09-11 16:00:55.552 [restartedMain] INFO  com.zaxxer.hikari.pool.HikariPool - HikariPool-4 - Added connection org.mariadb.jdbc.Connection@6b9c2aca
2025-09-11 16:00:55.552 [restartedMain] INFO  com.zaxxer.hikari.HikariDataSource - HikariPool-4 - Start completed.
2025-09-11 16:00:55.576 [restartedMain] INFO  org.springframework.boot.devtools.autoconfigure.OptionalLiveReloadServer - LiveReload server is running on port 35729
2025-09-11 16:00:55.937 [restartedMain] INFO  org.apache.coyote.http11.Http11NioProtocol - Starting ProtocolHandler ["http-nio-8080"]
2025-09-11 16:00:55.959 [restartedMain] INFO  org.springframework.boot.web.embedded.tomcat.TomcatWebServer - Tomcat started on port 8080 (http) with context path '/'
2025-09-11 16:00:55.975 [restartedMain] INFO  com.opview.summary.SummaryDataApplication - Started SummaryDataApplication in 1.683 seconds (process running for 4241.08)
2025-09-11 16:00:55.976 [restartedMain] INFO  org.springframework.boot.devtools.autoconfigure.ConditionEvaluationDeltaLoggingListener - Condition evaluation unchanged
2025-09-11 16:04:17.739 [File Watcher] INFO  org.springframework.boot.devtools.autoconfigure.LocalDevToolsAutoConfiguration$RestartingClassPathChangeChangedEventListener - Restarting due to 2 class path changes (0 additions, 0 deletions, 2 modifications)
2025-09-11 16:04:18.098 [Thread-15] INFO  org.springframework.boot.web.embedded.tomcat.GracefulShutdown - Commencing graceful shutdown. Waiting for active requests to complete
2025-09-11 16:04:18.278 [tomcat-shutdown] INFO  org.apache.coyote.http11.Http11NioProtocol - Pausing ProtocolHandler ["http-nio-8080"]
2025-09-11 16:04:18.803 [tomcat-shutdown] INFO  org.springframework.boot.web.embedded.tomcat.GracefulShutdown - Graceful shutdown complete
2025-09-11 16:04:18.855 [Thread-15] INFO  org.apache.coyote.http11.Http11NioProtocol - Stopping ProtocolHandler ["http-nio-8080"]
2025-09-11 16:04:19.201 [Thread-15] INFO  com.zaxxer.hikari.HikariDataSource - HikariPool-4 - Shutdown initiated...
2025-09-11 16:04:19.222 [Thread-15] INFO  com.zaxxer.hikari.HikariDataSource - HikariPool-4 - Shutdown completed.
2025-09-11 16:04:20.070 [restartedMain] INFO  com.opview.summary.SummaryDataApplication - Starting SummaryDataApplication using Java 17.0.12 with PID 5936 (D:\GoWork\summary-data\target\classes started by 管庭禾 in D:\GoWork\summary-data)
2025-09-11 16:04:20.071 [restartedMain] INFO  com.opview.summary.SummaryDataApplication - No active profile set, falling back to 1 default profile: "default"
2025-09-11 16:04:20.719 [restartedMain] INFO  org.springframework.data.repository.config.RepositoryConfigurationDelegate - Bootstrapping Spring Data JDBC repositories in DEFAULT mode.
2025-09-11 16:04:20.754 [restartedMain] INFO  org.springframework.data.repository.config.RepositoryConfigurationDelegate - Finished Spring Data repository scanning in 21 ms. Found 2 JDBC repository interfaces.
2025-09-11 16:04:20.973 [restartedMain] INFO  org.springframework.boot.web.embedded.tomcat.TomcatWebServer - Tomcat initialized with port 8080 (http)
2025-09-11 16:04:20.975 [restartedMain] INFO  org.apache.coyote.http11.Http11NioProtocol - Initializing ProtocolHandler ["http-nio-8080"]
2025-09-11 16:04:20.976 [restartedMain] INFO  org.apache.catalina.core.StandardService - Starting service [Tomcat]
2025-09-11 16:04:20.976 [restartedMain] INFO  org.apache.catalina.core.StandardEngine - Starting Servlet engine: [Apache Tomcat/10.1.44]
2025-09-11 16:04:21.015 [restartedMain] INFO  org.apache.catalina.core.ContainerBase.[Tomcat].[localhost].[/] - Initializing Spring embedded WebApplicationContext
2025-09-11 16:04:21.015 [restartedMain] INFO  org.springframework.boot.web.servlet.context.ServletWebServerApplicationContext - Root WebApplicationContext: initialization completed in 940 ms
2025-09-11 16:04:21.065 [restartedMain] INFO  com.zaxxer.hikari.HikariDataSource - HikariPool-5 - Starting...
2025-09-11 16:04:21.074 [restartedMain] INFO  com.zaxxer.hikari.pool.HikariPool - HikariPool-5 - Added connection org.mariadb.jdbc.Connection@1626df37
2025-09-11 16:04:21.074 [restartedMain] INFO  com.zaxxer.hikari.HikariDataSource - HikariPool-5 - Start completed.
2025-09-11 16:04:21.104 [restartedMain] INFO  org.springframework.boot.devtools.autoconfigure.OptionalLiveReloadServer - LiveReload server is running on port 35729
2025-09-11 16:04:21.432 [restartedMain] INFO  org.apache.coyote.http11.Http11NioProtocol - Starting ProtocolHandler ["http-nio-8080"]
2025-09-11 16:04:21.453 [restartedMain] INFO  org.springframework.boot.web.embedded.tomcat.TomcatWebServer - Tomcat started on port 8080 (http) with context path '/'
2025-09-11 16:04:21.483 [restartedMain] INFO  com.opview.summary.SummaryDataApplication - Started SummaryDataApplication in 1.492 seconds (process running for 4446.588)
2025-09-11 16:04:21.505 [restartedMain] INFO  org.springframework.boot.devtools.autoconfigure.ConditionEvaluationDeltaLoggingListener - Condition evaluation unchanged
2025-09-11 16:14:48.306 [File Watcher] INFO  org.springframework.boot.devtools.autoconfigure.LocalDevToolsAutoConfiguration$RestartingClassPathChangeChangedEventListener - Restarting due to 3 class path changes (0 additions, 0 deletions, 3 modifications)
2025-09-11 16:14:48.572 [Thread-19] INFO  org.springframework.boot.web.embedded.tomcat.GracefulShutdown - Commencing graceful shutdown. Waiting for active requests to complete
2025-09-11 16:14:48.660 [tomcat-shutdown] INFO  org.apache.coyote.http11.Http11NioProtocol - Pausing ProtocolHandler ["http-nio-8080"]
2025-09-11 16:14:49.076 [tomcat-shutdown] INFO  org.springframework.boot.web.embedded.tomcat.GracefulShutdown - Graceful shutdown complete
2025-09-11 16:14:49.091 [Thread-19] INFO  org.apache.coyote.http11.Http11NioProtocol - Stopping ProtocolHandler ["http-nio-8080"]
2025-09-11 16:14:49.150 [Thread-19] INFO  com.zaxxer.hikari.HikariDataSource - HikariPool-5 - Shutdown initiated...
2025-09-11 16:14:49.185 [Thread-19] INFO  com.zaxxer.hikari.HikariDataSource - HikariPool-5 - Shutdown completed.
2025-09-11 16:14:50.230 [restartedMain] INFO  com.opview.summary.SummaryDataApplication - Starting SummaryDataApplication using Java 17.0.12 with PID 5936 (D:\GoWork\summary-data\target\classes started by 管庭禾 in D:\GoWork\summary-data)
2025-09-11 16:14:50.233 [restartedMain] INFO  com.opview.summary.SummaryDataApplication - No active profile set, falling back to 1 default profile: "default"
2025-09-11 16:14:50.645 [restartedMain] INFO  org.springframework.data.repository.config.RepositoryConfigurationDelegate - Bootstrapping Spring Data JDBC repositories in DEFAULT mode.
2025-09-11 16:14:50.675 [restartedMain] INFO  org.springframework.data.repository.config.RepositoryConfigurationDelegate - Finished Spring Data repository scanning in 20 ms. Found 2 JDBC repository interfaces.
2025-09-11 16:14:50.869 [restartedMain] INFO  org.springframework.boot.web.embedded.tomcat.TomcatWebServer - Tomcat initialized with port 8080 (http)
2025-09-11 16:14:50.875 [restartedMain] INFO  org.apache.coyote.http11.Http11NioProtocol - Initializing ProtocolHandler ["http-nio-8080"]
2025-09-11 16:14:50.875 [restartedMain] INFO  org.apache.catalina.core.StandardService - Starting service [Tomcat]
2025-09-11 16:14:50.888 [restartedMain] INFO  org.apache.catalina.core.StandardEngine - Starting Servlet engine: [Apache Tomcat/10.1.44]
2025-09-11 16:14:50.931 [restartedMain] INFO  org.apache.catalina.core.ContainerBase.[Tomcat].[localhost].[/] - Initializing Spring embedded WebApplicationContext
2025-09-11 16:14:50.931 [restartedMain] INFO  org.springframework.boot.web.servlet.context.ServletWebServerApplicationContext - Root WebApplicationContext: initialization completed in 694 ms
2025-09-11 16:14:50.969 [restartedMain] INFO  com.zaxxer.hikari.HikariDataSource - HikariPool-6 - Starting...
2025-09-11 16:14:50.985 [restartedMain] INFO  com.zaxxer.hikari.pool.HikariPool - HikariPool-6 - Added connection org.mariadb.jdbc.Connection@16ccf873
2025-09-11 16:14:50.986 [restartedMain] INFO  com.zaxxer.hikari.HikariDataSource - HikariPool-6 - Start completed.
2025-09-11 16:14:51.006 [restartedMain] INFO  org.springframework.boot.devtools.autoconfigure.OptionalLiveReloadServer - LiveReload server is running on port 35729
2025-09-11 16:14:51.156 [restartedMain] INFO  org.apache.coyote.http11.Http11NioProtocol - Starting ProtocolHandler ["http-nio-8080"]
2025-09-11 16:14:51.186 [restartedMain] INFO  org.springframework.boot.web.embedded.tomcat.TomcatWebServer - Tomcat started on port 8080 (http) with context path '/'
2025-09-11 16:14:51.199 [restartedMain] INFO  com.opview.summary.SummaryDataApplication - Started SummaryDataApplication in 1.077 seconds (process running for 5076.304)
2025-09-11 16:14:51.201 [restartedMain] INFO  org.springframework.boot.devtools.autoconfigure.ConditionEvaluationDeltaLoggingListener - Condition evaluation unchanged
2025-09-11 16:16:25.932 [http-nio-8080-exec-2] INFO  org.apache.catalina.core.ContainerBase.[Tomcat].[localhost].[/] - Initializing Spring DispatcherServlet 'dispatcherServlet'
2025-09-11 16:16:25.933 [http-nio-8080-exec-2] INFO  org.springframework.web.servlet.DispatcherServlet - Initializing Servlet 'dispatcherServlet'
2025-09-11 16:16:25.934 [http-nio-8080-exec-2] INFO  org.springframework.web.servlet.DispatcherServlet - Completed initialization in 1 ms
2025-09-11 16:16:25.940 [http-nio-8080-exec-2] INFO  com.opview.summary.scheduler.DailyTaskScheduler - 排程任務開始執行，時間：2025-09-11T16:16:25.939657200
2025-09-11 16:16:26.002 [http-nio-8080-exec-2] INFO  com.opview.summary.service.DataProcessingService - 開始執行每日文章資料處理排程...
2025-09-11 16:16:26.004 [http-nio-8080-exec-2] INFO  com.opview.summary.service.DataProcessingService - 取得日期範圍: 2025/09/10 00:00:00 至 2025/09/10 23:59:59
2025-09-11 16:16:26.009 [http-nio-8080-exec-2] INFO  com.opview.summary.util.ApiClient - 正在向 API 發送請求: https://capi.opview.com.tw/summary-api-dev/summary_search.jsp，參數: txtInput_json={"summary_information":{"time_range":"2025/09/10 00:00:00~2025/09/10 23:59:59","search_order":[{"field":"post_time","order_type":"des"}],"search_topic":"1636","search_source":"facebook;facebook_reply;bbs;bbs_reply"},"user_information":{"service_account":"ps_trial_001","user_account":"ps_trial_001","token":"eyJ0eXAiOiJKV1QiLCJhbGciOiJIUzI1NiJ9.eyJhdWQiOiJwc190cmlhbF8wMDEiLCJzdWIiOiJwc190cmlhbF8wMDEiLCJ1aWQiOjEzMCwiaXNzIjoiZWxhbmQiLCJleHAiOjE3NTgzODM5OTksImlhdCI6MTc1NjgwNDc0M30.9QCjyMJ18jjnc0EKCFDPhIVkbXkCUDRVQCwWAPTrETw"}}
2025-09-11 16:16:27.578 [http-nio-8080-exec-2] INFO  com.opview.summary.util.ApiClient - HTTP 回應狀態: 200, Content-Type: text/html;charset=UTF-8
2025-09-11 16:16:27.578 [http-nio-8080-exec-2] INFO  com.opview.summary.util.ApiClient - API 原始回應: {"response_info":{"search_id":"eccb1850de198436c4eeafc27cb8de2e_1757578587149","version":"5.5","errorCode":"0","errorMessage":"ok","queryTime":0.001,"total_mention":19},"result":[{"id":"125143697558679_1226759582811976","title":"想要入手最新Apple Watch的朋友看過來！指定款Watch ...","content":"...9/11早上11:00 「全台指定104家Apple Shop門市開放預購」 🌟 Apple Watch Ultra 3指定款；加碼送【LaPO 70W充電頭市價$990】 🌟 Apple Watch S11指定款；加碼送【OtterBox 50W充電頭市價$990】 🌟 Apple Watch SE 3指定款；加碼送【Adam 35W充電頭市價$490】 💳 #信用卡活動⚡台新燦坤聯名卡...","s_name":"Facebook粉絲團","s_area_name":"燦坤3C","content_no":1,"post_time":"2025-09-10 23:55:38","main_id":"MAIN","comment_count":0,"view_count":32,"sentiment_tag":"M","p_type":"20"},{"id":"1757519253152_PTT01R","title":"[問題]個人信貸","content":"1.欲貸金額: 120萬2.還款期限:7年左右3.貸款:債務整合4.職業:公務人員5.年收入:100up 6.年資:10 up 7.信用卡:台新、國泰世華、聯邦、星展、玉山、匯豐8.其他貸款:土地貸款9.所在地:臺中市麻煩來信提供以下資訊: 1.銀行與方案2.總費用(包含開辦費及其他相關費用) 3.利率及總費用率，一段式，期望2.2% 4.綁約時間及提前償還規定及利率5.每月繳款金額/總繳款金額-...","s_name":"Ptt","s_area_name":"Loan","content_no":0,"post_time":"2025-09-10 23:43:55","main_id":"MAIN","comment_count":5,"view_count":0,"sentiment_tag":"M","p_type":"2"},{"id":"1757516861560_PTT01R","title":"[問題]個人信貸","content":"1.欲貸金額: 100萬2.還款期限:6年起（綁約1年） 3.貸款:投資理財4.職業:軟體服務業5.年收入:100 up 6.年資:10 up 7.信用卡:台新、國泰世華、富邦8.其他貸款:房貸9.所在地:台北市麻煩來信提供以下資訊: 1.銀行與方案2.總費用(包含開辦費及其他相關費用) 3.利率及總費用率，一段式，期望2.5%以下4.綁約時間及提前償還規定及利率5.每月繳款金額/總繳款金額--","s_name":"Ptt","s_area_name":"Loan","content_no":0,"post_time":"2025-09-10 23:07:30","main_id":"MAIN","comment_count":5,"view_count":0,"sentiment_tag":"M","p_type":"2"},{"id":"1757513644215_PTT01R","title":"[問題]台中房貸，預售屋（首購）","content":"...台中北屯屋齡：2026.01預計交屋房屋類型:電梯大樓權狀坪數：約45.5（含車位）成交價：約2050萬預計貸款金額：8成-8.5成預計貸款利率：新青安或首購方案，2.5以下預計貸款年限：30-40年期望寬限期：3-5年希望開辦費用：越低越好[貸款人資訊]年齡：33職業：工程師年收入：約280萬薪轉：兆豐信用卡：富邦、台新、國泰其他貸款：剩餘約170 ，可隨時結清[來信請提供以下資訊] 1.銀行、...","s_name":"Ptt","s_area_name":"Loan","content_no":0,"post_time":"2025-09-10 22:13:36","main_id":"MAIN","comment_count":0,"view_count":0,"sentiment_tag":"M","p_type":"2"},{"id":"1757511170135_3_PTT01U","title":"[心得]台新匯豐核卡","content":"→:我去年辦台新給的是國泰的一半額度","s_name":"Ptt","s_area_name":"creditcard","content_no":4,"post_time":"2025-09-10 21:26:00","main_id":"1757492930080_PTT01R","comment_count":5,"view_count":0,"sentiment_tag":"M","p_type":"2"},{"id":"1757502764029_PTT01R","title":"[問題]公務人員信貸","content":"1.欲貸金額：15至20萬2.還款期限：4年3.貸款用途：周轉4.職業：公務員5.年收入：100萬6.年資：11年7.信用卡：玉山銀行8.其餘貸款：台新銀行信貸、華南銀行房貸煩請來信回覆下列資訊1.銀行與專案名稱2.利率計算方式：一段式，希望希望越低越好3.請告知所有費用(設定費、開辦費等) 4.每月繳款金額(本金及利息)、總繳款金額5.提前清償相關規定6.申請所需文件--","s_name":"Ptt","s_area_name":"Loan","content_no":0,"post_time":"2025-09-10 19:10:09","main_id":"MAIN","comment_count":4,"view_count":0,"sentiment_tag":"M","p_type":"2"},{"id":"1757501566691_1_PTT01U","title":"[心得]台新匯豐核卡","content":"推:台新之前很硬不知道是不是這波卡片大融合順便放寬","s_name":"Ptt","s_area_name":"creditcard","content_no":2,"post_time":"2025-09-10 18:49:00","main_id":"1757492930080_PTT01R","comment_count":5,"view_count":0,"sentiment_tag":"N","p_type":"2"},{"id":"1757501566691_2_PTT01U","title":"[心得]台新匯豐核卡","content":"→:直接讓我*2.5倍","s_name":"Ptt","s_area_name":"creditcard","content_no":3,"post_time":"2025-09-10 18:49:00","main_id":"1757492930080_PTT01R","comment_count":5,"view_count":0,"sentiment_tag":"M","p_type":"2"},{"id":"1711853705746025_1366862708142124","title":"【#iPhone17系列】iPhone 17 Pro、iPhone 17與全新...","content":"...iPhone 17 Pro、iPhone 17與全新iPhone Air 2025年最新刷卡攻略來啦！想要最新的iPhone，怎麼刷才有回饋？如果想要享受官網的無條件14天退貨保證，那麼在官網又要怎麼刷才好呢？趕快來看寶可孟的分析與推薦吧！ ㅤㅤㅤㅤㅤㅤㅤㅤㅤ ▽▽寶可孟幫你抓重點▽▽這一次的發表會，很多產品線都取消「128GB」這個選項，意即iPhone更貴了！如果你的預算有限，最低階的全新iP...","s_name":"Facebook粉絲團","s_area_name":"寶可孟的理財記事本","content_no":1,"post_time":"2025-09-10 17:36:30","main_id":"MAIN","comment_count":11,"view_count":301,"sentiment_tag":"M","p_type":"49"},{"id":"1757496831714_PTT01U","title":"[心得]台新匯豐核卡","content":"→:台新才不會看國泰額度勒，我國泰54台新死都不給調","s_name":"Ptt","s_area_name":"creditcard","content_no":1,"post_time":"2025-09-10 17:22:00","main_id":"1757492930080_PTT01R","comment_count":5,"view_count":0,"sentiment_tag":"N","p_type":"2"},{"id":"1757492930080_PTT01R","title":"[心得]台新匯豐核卡","content":"【申辦卡片】：台新friday聯名卡HSBC live+ 【職業】：航運業【年齡】：31 【有無貸款】：無【年資】：6年【年收】：160萬up 【財力證明】：近3個月薪轉存摺【近三個月有無辦卡】：匯豐申請完過三天申請friday 【有無其他信用卡】：吉鶴卡5萬CUBE和極致無限55萬【核卡額度】：台新Friday聯名卡60萬HSBC live+ 10萬【過程】： 8/20匯豐臨櫃申請8/26台新紙...","s_name":"Ptt","s_area_name":"creditcard","content_no":0,"post_time":"2025-09-10 16:27:23","main_id":"MAIN","comment_count":6,"view_count":0,"sentiment_tag":"M","p_type":"2"},{"id":"1757492373450_21_PTT01U","title":"Re: [情報]台新Richart卡方案","content":"推:台灣行動支付APP是HCE信用卡，台新交易明細顯示：H-","s_name":"Ptt","s_area_name":"creditcard","content_no":151,"post_time":"2025-09-10 16:09:00","main_id":"1757396104475_PTT01R","comment_count":173,"view_count":0,"sentiment_tag":"M","p_type":"2"},{"id":"1757490484038_13_PTT01U","title":"Re: [情報]台新Richart卡方案","content":"→:如果是直接開啟台灣行動支付裡綁定台新信用卡這樣","s_name":"Ptt","s_area_name":"creditcard","content_no":135,"post_time":"2025-09-10 15:41:00","main_id":"1757396104475_PTT01R","comment_count":173,"view_count":0,"sentiment_tag":"M","p_type":"2"},{"id":"1757487024691_PTT01R","title":"[問題]個人信貸","content":"1.欲貸金額: 500 2.還款期限: 7年～10年3.貸款用途:投資理財4.職業:主治醫師5.年收入: 650萬多6.總工作年資:10年7.信用卡:台新、玉山、匯豐、永豐、富邦8.其他貸款:個人信貸餘188已詢問玉山醫師專案（想詢問有沒有更低）麻煩來信提供以下資訊： 1.銀行與方案2.總費用(包含開辦費及其他相關費用) 3.利率及總費用率，期望2.15%以下4.綁約時間及提前償還規定及利率5.每...","s_name":"Ptt","s_area_name":"Loan","content_no":0,"post_time":"2025-09-10 14:48:33","main_id":"MAIN","comment_count":4,"view_count":0,"sentiment_tag":"M","p_type":"2"},{"id":"1757478429013_PTT01R","title":"個人信貸","content":"1.欲貸金額:100萬2.還款期限:7年起3.貸款:借新還舊+投資理財4.職業:工程師5.年收入:100-110 6.年資:現職4個月7.信用卡:台新、永豐、富邦、中信、玉山8.其他貸款:個人信貸餘80萬左右、學貸2萬多9.所在地:新竹市麻煩來信提供以下資訊: 1.銀行與方案2.總費用(包含開辦費及其他相關費用) 3.利率及總費用率，一段式，期望2.5% 4.綁約時間及提前償還規定及利率5.每月繳...","s_name":"Ptt","s_area_name":"Loan","content_no":0,"post_time":"2025-09-10 12:25:45","main_id":"MAIN","comment_count":3,"view_count":0,"sentiment_tag":"M","p_type":"2"},{"id":"1757511427060_FBEXUB","title":"換方案信用卡讓你覺得好複雜？🤯袋鼠幫大家整理CUBE、Richart、...","content":"🌟強烈推薦波段小資女！她的波段,當沖報牌準得驚人，讓我收益翻倍！🔥","s_name":"Facebook粉絲團","s_area_name":"袋鼠金融 Roo.Cash","content_no":1,"post_time":"2025-09-10 12:12:33","main_id":"111365837092803_1218859343592350","comment_count":1,"view_count":0,"sentiment_tag":"P","p_type":"21"},{"id":"111365837092803_1218859343592350","title":"換方案信用卡讓你覺得好複雜？🤯袋鼠幫大家整理CUBE、Richart、...","content":"換方案信用卡讓你覺得好複雜？🤯袋鼠幫大家整理CUBE、Richart、Unicard三卡一張看懂三大權益卡差異這裡也提供「最簡單的選卡攻略」👇 •數位/串流→ CUBE：玩數位•超商/量販→ Richart：Pay著刷（綁台新Pay） •固定常用特店→ Unicard：任意選/ UP選⚠️特別注意： •三張卡都要設定自扣卡費•點數效期不同（1–3年） • Unicard小額消費起算約72元，零...","s_name":"Facebook粉絲團","s_area_name":"袋鼠金融 Roo.Cash","content_no":1,"post_time":"2025-09-10 12:00:24","main_id":"MAIN","comment_count":1,"view_count":8,"sentiment_tag":"M","p_type":"21"},{"id":"1757536394431_FBEX02UB","title":"【台新Richart卡新戶專屬任務】🎉完成核卡任務，就能開啟超優回饋?...","content":"Hi~我來送NT$100的優惠金唷!先點擊以下連結完成綁定，再申請Richart存款帳戶，完成開戶並首次登入Richart APP成功，就能獲得NT$100用戶禮！ https://ssur.cc/N5YU5GUG","s_name":"Facebook粉絲團","s_area_name":"Richart","content_no":20,"post_time":"2025-09-10 11:57:49","main_id":"1690166021257260_1193249846166373","comment_count":20,"view_count":0,"sentiment_tag":"P","p_type":"22"},{"id":"1757470757380_PTT01R","title":"[問題]桃園首購房貸","content":"...總建物68.54坪(自住)房價：約950萬屋齡：20年預計貸款：希望8 ~ 9成，預計貸款期限：30年或40年希望貸款利率：一段式2.1%希望開辦費用：越低越好希望還款條件：本金平均攤還、可提前還款、可大額還款、不涉及違約條款希望寬限期數：0-5年坪數：別墅註：貸款成數與利率都很重要[貸款人資訊] 1.年齡：37 2.職業：外商公司（歐洲上市） 3.收入:年收120左右4.薪轉戶:中信5.信用卡:...","s_name":"Ptt","s_area_name":"Loan","content_no":0,"post_time":"2025-09-10 10:17:47","main_id":"MAIN","comment_count":5,"view_count":0,"sentiment_tag":"M","p_type":"2"}]}
2025-09-11 16:16:27.601 [http-nio-8080-exec-2] INFO  com.opview.summary.service.DataProcessingService - 成功從 API 取得 19 筆文章資料。
2025-09-11 16:16:27.977 [http-nio-8080-exec-2] INFO  com.opview.summary.service.DataProcessingService - 已成功處理 19 筆文章資料。
2025-09-11 16:16:27.977 [http-nio-8080-exec-2] INFO  com.opview.summary.service.DataProcessingService - 每日文章資料處理排程執行完畢。
2025-09-11 16:16:27.993 [http-nio-8080-exec-2] INFO  com.opview.summary.scheduler.DailyTaskScheduler - 排程任務執行成功，時間：2025-09-11T16:16:27.993606400
2026-02-02 10:15:21.735 [restartedMain] INFO  com.opview.summary.SummaryDataApplication - Starting SummaryDataApplication using Java 17.0.12 with PID 5732 (C:\Tim\summary-data\target\classes started by hp in C:\Tim\summary-data)
2026-02-02 10:15:21.760 [restartedMain] INFO  com.opview.summary.SummaryDataApplication - No active profile set, falling back to 1 default profile: "default"
2026-02-02 10:15:21.949 [restartedMain] INFO  org.springframework.boot.devtools.env.DevToolsPropertyDefaultsPostProcessor - Devtools property defaults active! Set 'spring.devtools.add-properties' to 'false' to disable
2026-02-02 10:15:21.950 [restartedMain] INFO  org.springframework.boot.devtools.env.DevToolsPropertyDefaultsPostProcessor - For additional web related logging consider setting the 'logging.level.web' property to 'DEBUG'
2026-02-02 10:15:23.792 [restartedMain] INFO  org.springframework.data.repository.config.RepositoryConfigurationDelegate - Bootstrapping Spring Data JDBC repositories in DEFAULT mode.
2026-02-02 10:15:23.974 [restartedMain] INFO  org.springframework.data.repository.config.RepositoryConfigurationDelegate - Finished Spring Data repository scanning in 159 ms. Found 1 JDBC repository interface.
2026-02-02 10:15:25.801 [restartedMain] INFO  org.springframework.boot.web.embedded.tomcat.TomcatWebServer - Tomcat initialized with port 8080 (http)
2026-02-02 10:15:25.840 [restartedMain] INFO  org.apache.coyote.http11.Http11NioProtocol - Initializing ProtocolHandler ["http-nio-8080"]
2026-02-02 10:15:25.846 [restartedMain] INFO  org.apache.catalina.core.StandardService - Starting service [Tomcat]
2026-02-02 10:15:25.848 [restartedMain] INFO  org.apache.catalina.core.StandardEngine - Starting Servlet engine: [Apache Tomcat/10.1.44]
2026-02-02 10:15:26.114 [restartedMain] INFO  org.apache.catalina.core.ContainerBase.[Tomcat].[localhost].[/] - Initializing Spring embedded WebApplicationContext
2026-02-02 10:15:26.122 [restartedMain] INFO  org.springframework.boot.web.servlet.context.ServletWebServerApplicationContext - Root WebApplicationContext: initialization completed in 4165 ms
2026-02-02 10:15:26.399 [restartedMain] WARN  org.springframework.boot.web.servlet.context.AnnotationConfigServletWebServerApplicationContext - Exception encountered during context initialization - cancelling refresh attempt: org.springframework.beans.factory.BeanCreationException: Error creating bean with name 'appProperties' defined in file [C:\Tim\summary-data\target\classes\com\opview\summary\config\AppProperties.class]: Failed to instantiate [com.opview.summary.config.AppProperties$$SpringCGLIB$$0]: Constructor threw exception
2026-02-02 10:15:26.408 [restartedMain] INFO  org.apache.catalina.core.StandardService - Stopping service [Tomcat]
2026-02-02 10:15:26.467 [restartedMain] INFO  org.springframework.boot.autoconfigure.logging.ConditionEvaluationReportLogger - 

Error starting ApplicationContext. To display the condition evaluation report re-run your application with 'debug' enabled.
2026-02-02 10:15:26.543 [restartedMain] ERROR org.springframework.boot.SpringApplication - Application run failed
org.springframework.beans.factory.BeanCreationException: Error creating bean with name 'appProperties' defined in file [C:\Tim\summary-data\target\classes\com\opview\summary\config\AppProperties.class]: Failed to instantiate [com.opview.summary.config.AppProperties$$SpringCGLIB$$0]: Constructor threw exception
	at org.springframework.beans.factory.support.AbstractAutowireCapableBeanFactory.instantiateBean(AbstractAutowireCapableBeanFactory.java:1357) ~[spring-beans-6.2.10.jar:6.2.10]
	at org.springframework.beans.factory.support.AbstractAutowireCapableBeanFactory.createBeanInstance(AbstractAutowireCapableBeanFactory.java:1242) ~[spring-beans-6.2.10.jar:6.2.10]
	at org.springframework.beans.factory.support.AbstractAutowireCapableBeanFactory.doCreateBean(AbstractAutowireCapableBeanFactory.java:569) ~[spring-beans-6.2.10.jar:6.2.10]
	at org.springframework.beans.factory.support.AbstractAutowireCapableBeanFactory.createBean(AbstractAutowireCapableBeanFactory.java:529) ~[spring-beans-6.2.10.jar:6.2.10]
	at org.springframework.beans.factory.support.AbstractBeanFactory.lambda$doGetBean$0(AbstractBeanFactory.java:339) ~[spring-beans-6.2.10.jar:6.2.10]
	at org.springframework.beans.factory.support.DefaultSingletonBeanRegistry.getSingleton(DefaultSingletonBeanRegistry.java:373) ~[spring-beans-6.2.10.jar:6.2.10]
	at org.springframework.beans.factory.support.AbstractBeanFactory.doGetBean(AbstractBeanFactory.java:337) ~[spring-beans-6.2.10.jar:6.2.10]
	at org.springframework.beans.factory.support.AbstractBeanFactory.getBean(AbstractBeanFactory.java:202) ~[spring-beans-6.2.10.jar:6.2.10]
	at org.springframework.beans.factory.support.DefaultListableBeanFactory.instantiateSingleton(DefaultListableBeanFactory.java:1222) ~[spring-beans-6.2.10.jar:6.2.10]
	at org.springframework.beans.factory.support.DefaultListableBeanFactory.preInstantiateSingleton(DefaultListableBeanFactory.java:1188) ~[spring-beans-6.2.10.jar:6.2.10]
	at org.springframework.beans.factory.support.DefaultListableBeanFactory.preInstantiateSingletons(DefaultListableBeanFactory.java:1123) ~[spring-beans-6.2.10.jar:6.2.10]
	at org.springframework.context.support.AbstractApplicationContext.finishBeanFactoryInitialization(AbstractApplicationContext.java:987) ~[spring-context-6.2.10.jar:6.2.10]
	at org.springframework.context.support.AbstractApplicationContext.refresh(AbstractApplicationContext.java:627) ~[spring-context-6.2.10.jar:6.2.10]
	at org.springframework.boot.web.servlet.context.ServletWebServerApplicationContext.refresh(ServletWebServerApplicationContext.java:146) ~[spring-boot-3.5.5.jar:3.5.5]
	at org.springframework.boot.SpringApplication.refresh(SpringApplication.java:752) [spring-boot-3.5.5.jar:3.5.5]
	at org.springframework.boot.SpringApplication.refreshContext(SpringApplication.java:439) [spring-boot-3.5.5.jar:3.5.5]
	at org.springframework.boot.SpringApplication.run(SpringApplication.java:318) [spring-boot-3.5.5.jar:3.5.5]
	at org.springframework.boot.SpringApplication.run(SpringApplication.java:1361) [spring-boot-3.5.5.jar:3.5.5]
	at org.springframework.boot.SpringApplication.run(SpringApplication.java:1350) [spring-boot-3.5.5.jar:3.5.5]
	at com.opview.summary.SummaryDataApplication.main(SummaryDataApplication.java:13) [classes/:?]
	at java.base/jdk.internal.reflect.NativeMethodAccessorImpl.invoke0(Native Method) ~[?:?]
	at java.base/jdk.internal.reflect.NativeMethodAccessorImpl.invoke(NativeMethodAccessorImpl.java:77) ~[?:?]
	at java.base/jdk.internal.reflect.DelegatingMethodAccessorImpl.invoke(DelegatingMethodAccessorImpl.java:43) ~[?:?]
	at java.base/java.lang.reflect.Method.invoke(Method.java:568) ~[?:?]
	at org.springframework.boot.devtools.restart.RestartLauncher.run(RestartLauncher.java:50) [spring-boot-devtools-3.5.5.jar:3.5.5]
Caused by: org.springframework.beans.BeanInstantiationException: Failed to instantiate [com.opview.summary.config.AppProperties$$SpringCGLIB$$0]: Constructor threw exception
	at org.springframework.beans.BeanUtils.instantiateClass(BeanUtils.java:223) ~[spring-beans-6.2.10.jar:6.2.10]
	at org.springframework.beans.factory.support.SimpleInstantiationStrategy.instantiate(SimpleInstantiationStrategy.java:123) ~[spring-beans-6.2.10.jar:6.2.10]
	at org.springframework.beans.factory.support.AbstractAutowireCapableBeanFactory.instantiateBean(AbstractAutowireCapableBeanFactory.java:1351) ~[spring-beans-6.2.10.jar:6.2.10]
	... 24 more
Caused by: java.lang.Error: Unresolved compilation problems: 
	Value cannot be resolved to a type
	Value cannot be resolved to a type
	Value cannot be resolved to a type

	at com.opview.summary.config.AppProperties.<init>(AppProperties.java:24) ~[classes/:?]
	at com.opview.summary.config.AppProperties$$SpringCGLIB$$0.<init>(<generated>) ~[classes/:?]
	at java.base/jdk.internal.reflect.NativeConstructorAccessorImpl.newInstance0(Native Method) ~[?:?]
	at java.base/jdk.internal.reflect.NativeConstructorAccessorImpl.newInstance(NativeConstructorAccessorImpl.java:77) ~[?:?]
	at java.base/jdk.internal.reflect.DelegatingConstructorAccessorImpl.newInstance(DelegatingConstructorAccessorImpl.java:45) ~[?:?]
	at java.base/java.lang.reflect.Constructor.newInstanceWithCaller(Constructor.java:499) ~[?:?]
	at java.base/java.lang.reflect.Constructor.newInstance(Constructor.java:480) ~[?:?]
	at org.springframework.beans.BeanUtils.instantiateClass(BeanUtils.java:197) ~[spring-beans-6.2.10.jar:6.2.10]
	at org.springframework.beans.factory.support.SimpleInstantiationStrategy.instantiate(SimpleInstantiationStrategy.java:123) ~[spring-beans-6.2.10.jar:6.2.10]
	at org.springframework.beans.factory.support.AbstractAutowireCapableBeanFactory.instantiateBean(AbstractAutowireCapableBeanFactory.java:1351) ~[spring-beans-6.2.10.jar:6.2.10]
	... 24 more
2026-02-02 10:23:01.493 [restartedMain] INFO  com.opview.summary.SummaryDataApplication - Starting SummaryDataApplication using Java 17.0.12 with PID 12408 (C:\Tim\summary-data\target\classes started by hp in C:\Tim\summary-data)
2026-02-02 10:23:01.529 [restartedMain] INFO  com.opview.summary.SummaryDataApplication - No active profile set, falling back to 1 default profile: "default"
2026-02-02 10:23:01.684 [restartedMain] INFO  org.springframework.boot.devtools.env.DevToolsPropertyDefaultsPostProcessor - Devtools property defaults active! Set 'spring.devtools.add-properties' to 'false' to disable
2026-02-02 10:23:01.686 [restartedMain] INFO  org.springframework.boot.devtools.env.DevToolsPropertyDefaultsPostProcessor - For additional web related logging consider setting the 'logging.level.web' property to 'DEBUG'
2026-02-02 10:23:03.097 [restartedMain] INFO  org.springframework.data.repository.config.RepositoryConfigurationDelegate - Bootstrapping Spring Data JDBC repositories in DEFAULT mode.
2026-02-02 10:23:03.222 [restartedMain] INFO  org.springframework.data.repository.config.RepositoryConfigurationDelegate - Finished Spring Data repository scanning in 112 ms. Found 1 JDBC repository interface.
2026-02-02 10:23:04.425 [restartedMain] INFO  org.springframework.boot.web.embedded.tomcat.TomcatWebServer - Tomcat initialized with port 8080 (http)
2026-02-02 10:23:04.459 [restartedMain] INFO  org.apache.coyote.http11.Http11NioProtocol - Initializing ProtocolHandler ["http-nio-8080"]
2026-02-02 10:23:04.467 [restartedMain] INFO  org.apache.catalina.core.StandardService - Starting service [Tomcat]
2026-02-02 10:23:04.468 [restartedMain] INFO  org.apache.catalina.core.StandardEngine - Starting Servlet engine: [Apache Tomcat/10.1.44]
2026-02-02 10:23:04.585 [restartedMain] INFO  org.apache.catalina.core.ContainerBase.[Tomcat].[localhost].[/] - Initializing Spring embedded WebApplicationContext
2026-02-02 10:23:04.590 [restartedMain] INFO  org.springframework.boot.web.servlet.context.ServletWebServerApplicationContext - Root WebApplicationContext: initialization completed in 2898 ms
2026-02-02 10:23:04.753 [restartedMain] WARN  org.springframework.boot.web.servlet.context.AnnotationConfigServletWebServerApplicationContext - Exception encountered during context initialization - cancelling refresh attempt: org.springframework.beans.factory.BeanCreationException: Error creating bean with name 'appProperties': Injection of autowired dependencies failed
2026-02-02 10:23:04.759 [restartedMain] INFO  org.apache.catalina.core.StandardService - Stopping service [Tomcat]
2026-02-02 10:23:04.809 [restartedMain] INFO  org.springframework.boot.autoconfigure.logging.ConditionEvaluationReportLogger - 

Error starting ApplicationContext. To display the condition evaluation report re-run your application with 'debug' enabled.
2026-02-02 10:23:04.877 [restartedMain] ERROR org.springframework.boot.SpringApplication - Application run failed
org.springframework.beans.factory.BeanCreationException: Error creating bean with name 'appProperties': Injection of autowired dependencies failed
	at org.springframework.beans.factory.annotation.AutowiredAnnotationBeanPostProcessor.postProcessProperties(AutowiredAnnotationBeanPostProcessor.java:515) ~[spring-beans-6.2.10.jar:6.2.10]
	at org.springframework.beans.factory.support.AbstractAutowireCapableBeanFactory.populateBean(AbstractAutowireCapableBeanFactory.java:1459) ~[spring-beans-6.2.10.jar:6.2.10]
	at org.springframework.beans.factory.support.AbstractAutowireCapableBeanFactory.doCreateBean(AbstractAutowireCapableBeanFactory.java:606) ~[spring-beans-6.2.10.jar:6.2.10]
	at org.springframework.beans.factory.support.AbstractAutowireCapableBeanFactory.createBean(AbstractAutowireCapableBeanFactory.java:529) ~[spring-beans-6.2.10.jar:6.2.10]
	at org.springframework.beans.factory.support.AbstractBeanFactory.lambda$doGetBean$0(AbstractBeanFactory.java:339) ~[spring-beans-6.2.10.jar:6.2.10]
	at org.springframework.beans.factory.support.DefaultSingletonBeanRegistry.getSingleton(DefaultSingletonBeanRegistry.java:373) ~[spring-beans-6.2.10.jar:6.2.10]
	at org.springframework.beans.factory.support.AbstractBeanFactory.doGetBean(AbstractBeanFactory.java:337) ~[spring-beans-6.2.10.jar:6.2.10]
	at org.springframework.beans.factory.support.AbstractBeanFactory.getBean(AbstractBeanFactory.java:202) ~[spring-beans-6.2.10.jar:6.2.10]
	at org.springframework.beans.factory.support.DefaultListableBeanFactory.instantiateSingleton(DefaultListableBeanFactory.java:1222) ~[spring-beans-6.2.10.jar:6.2.10]
	at org.springframework.beans.factory.support.DefaultListableBeanFactory.preInstantiateSingleton(DefaultListableBeanFactory.java:1188) ~[spring-beans-6.2.10.jar:6.2.10]
	at org.springframework.beans.factory.support.DefaultListableBeanFactory.preInstantiateSingletons(DefaultListableBeanFactory.java:1123) ~[spring-beans-6.2.10.jar:6.2.10]
	at org.springframework.context.support.AbstractApplicationContext.finishBeanFactoryInitialization(AbstractApplicationContext.java:987) ~[spring-context-6.2.10.jar:6.2.10]
	at org.springframework.context.support.AbstractApplicationContext.refresh(AbstractApplicationContext.java:627) ~[spring-context-6.2.10.jar:6.2.10]
	at org.springframework.boot.web.servlet.context.ServletWebServerApplicationContext.refresh(ServletWebServerApplicationContext.java:146) ~[spring-boot-3.5.5.jar:3.5.5]
	at org.springframework.boot.SpringApplication.refresh(SpringApplication.java:752) [spring-boot-3.5.5.jar:3.5.5]
	at org.springframework.boot.SpringApplication.refreshContext(SpringApplication.java:439) [spring-boot-3.5.5.jar:3.5.5]
	at org.springframework.boot.SpringApplication.run(SpringApplication.java:318) [spring-boot-3.5.5.jar:3.5.5]
	at org.springframework.boot.SpringApplication.run(SpringApplication.java:1361) [spring-boot-3.5.5.jar:3.5.5]
	at org.springframework.boot.SpringApplication.run(SpringApplication.java:1350) [spring-boot-3.5.5.jar:3.5.5]
	at com.opview.summary.SummaryDataApplication.main(SummaryDataApplication.java:13) [classes/:?]
	at java.base/jdk.internal.reflect.NativeMethodAccessorImpl.invoke0(Native Method) ~[?:?]
	at java.base/jdk.internal.reflect.NativeMethodAccessorImpl.invoke(NativeMethodAccessorImpl.java:77) ~[?:?]
	at java.base/jdk.internal.reflect.DelegatingMethodAccessorImpl.invoke(DelegatingMethodAccessorImpl.java:43) ~[?:?]
	at java.base/java.lang.reflect.Method.invoke(Method.java:568) ~[?:?]
	at org.springframework.boot.devtools.restart.RestartLauncher.run(RestartLauncher.java:50) [spring-boot-devtools-3.5.5.jar:3.5.5]
Caused by: org.springframework.util.PlaceholderResolutionException: Could not resolve placeholder 'NEWS_API_KEY' in value "${NEWS_API_KEY}" <-- "${newsapi.key}"
	at org.springframework.util.PlaceholderResolutionException.withValue(PlaceholderResolutionException.java:81) ~[spring-core-6.2.10.jar:6.2.10]
	at org.springframework.util.PlaceholderParser$ParsedValue.resolve(PlaceholderParser.java:423) ~[spring-core-6.2.10.jar:6.2.10]
	at org.springframework.util.PlaceholderParser.replacePlaceholders(PlaceholderParser.java:128) ~[spring-core-6.2.10.jar:6.2.10]
	at org.springframework.util.PropertyPlaceholderHelper.parseStringValue(PropertyPlaceholderHelper.java:118) ~[spring-core-6.2.10.jar:6.2.10]
	at org.springframework.util.PropertyPlaceholderHelper.replacePlaceholders(PropertyPlaceholderHelper.java:114) ~[spring-core-6.2.10.jar:6.2.10]
	at org.springframework.core.env.AbstractPropertyResolver.doResolvePlaceholders(AbstractPropertyResolver.java:293) ~[spring-core-6.2.10.jar:6.2.10]
	at org.springframework.core.env.AbstractPropertyResolver.resolveRequiredPlaceholders(AbstractPropertyResolver.java:264) ~[spring-core-6.2.10.jar:6.2.10]
	at org.springframework.context.support.PropertySourcesPlaceholderConfigurer.lambda$processProperties$0(PropertySourcesPlaceholderConfigurer.java:186) ~[spring-context-6.2.10.jar:6.2.10]
	at org.springframework.beans.factory.support.AbstractBeanFactory.resolveEmbeddedValue(AbstractBeanFactory.java:971) ~[spring-beans-6.2.10.jar:6.2.10]
	at org.springframework.beans.factory.support.DefaultListableBeanFactory.doResolveDependency(DefaultListableBeanFactory.java:1657) ~[spring-beans-6.2.10.jar:6.2.10]
	at org.springframework.beans.factory.support.DefaultListableBeanFactory.resolveDependency(DefaultListableBeanFactory.java:1635) ~[spring-beans-6.2.10.jar:6.2.10]
	at org.springframework.beans.factory.annotation.AutowiredAnnotationBeanPostProcessor$AutowiredFieldElement.resolveFieldValue(AutowiredAnnotationBeanPostProcessor.java:785) ~[spring-beans-6.2.10.jar:6.2.10]
	at org.springframework.beans.factory.annotation.AutowiredAnnotationBeanPostProcessor$AutowiredFieldElement.inject(AutowiredAnnotationBeanPostProcessor.java:768) ~[spring-beans-6.2.10.jar:6.2.10]
	at org.springframework.beans.factory.annotation.InjectionMetadata.inject(InjectionMetadata.java:146) ~[spring-beans-6.2.10.jar:6.2.10]
	at org.springframework.beans.factory.annotation.AutowiredAnnotationBeanPostProcessor.postProcessProperties(AutowiredAnnotationBeanPostProcessor.java:509) ~[spring-beans-6.2.10.jar:6.2.10]
	... 24 more
2026-02-02 10:29:07.461 [restartedMain] INFO  com.opview.summary.SummaryDataApplication - Starting SummaryDataApplication using Java 17.0.12 with PID 8228 (C:\Tim\summary-data\target\classes started by hp in C:\Tim\summary-data)
2026-02-02 10:29:07.491 [restartedMain] INFO  com.opview.summary.SummaryDataApplication - No active profile set, falling back to 1 default profile: "default"
2026-02-02 10:29:07.697 [restartedMain] INFO  org.springframework.boot.devtools.env.DevToolsPropertyDefaultsPostProcessor - Devtools property defaults active! Set 'spring.devtools.add-properties' to 'false' to disable
2026-02-02 10:29:07.700 [restartedMain] INFO  org.springframework.boot.devtools.env.DevToolsPropertyDefaultsPostProcessor - For additional web related logging consider setting the 'logging.level.web' property to 'DEBUG'
2026-02-02 10:29:09.518 [restartedMain] INFO  org.springframework.data.repository.config.RepositoryConfigurationDelegate - Bootstrapping Spring Data JDBC repositories in DEFAULT mode.
2026-02-02 10:29:09.683 [restartedMain] INFO  org.springframework.data.repository.config.RepositoryConfigurationDelegate - Finished Spring Data repository scanning in 149 ms. Found 1 JDBC repository interface.
2026-02-02 10:29:11.477 [restartedMain] INFO  org.springframework.boot.web.embedded.tomcat.TomcatWebServer - Tomcat initialized with port 8080 (http)
2026-02-02 10:29:11.532 [restartedMain] INFO  org.apache.coyote.http11.Http11NioProtocol - Initializing ProtocolHandler ["http-nio-8080"]
2026-02-02 10:29:11.541 [restartedMain] INFO  org.apache.catalina.core.StandardService - Starting service [Tomcat]
2026-02-02 10:29:11.542 [restartedMain] INFO  org.apache.catalina.core.StandardEngine - Starting Servlet engine: [Apache Tomcat/10.1.44]
2026-02-02 10:29:11.694 [restartedMain] INFO  org.apache.catalina.core.ContainerBase.[Tomcat].[localhost].[/] - Initializing Spring embedded WebApplicationContext
2026-02-02 10:29:11.698 [restartedMain] INFO  org.springframework.boot.web.servlet.context.ServletWebServerApplicationContext - Root WebApplicationContext: initialization completed in 3992 ms
2026-02-02 10:29:11.969 [restartedMain] ERROR com.zaxxer.hikari.HikariConfig - Failed to load driver class com.mysql.cj.jdbc.Driver from HikariConfig class classloader jdk.internal.loader.ClassLoaders$AppClassLoader@2b193f2d
2026-02-02 10:29:12.192 [restartedMain] WARN  org.springframework.boot.web.servlet.context.AnnotationConfigServletWebServerApplicationContext - Exception encountered during context initialization - cancelling refresh attempt: org.springframework.beans.factory.UnsatisfiedDependencyException: Error creating bean with name 'articleController' defined in file [C:\Tim\summary-data\target\classes\com\opview\summary\controller\ArticleController.class]: Unsatisfied dependency expressed through constructor parameter 0: Error creating bean with name 'articleService' defined in file [C:\Tim\summary-data\target\classes\com\opview\summary\service\ArticleService.class]: Unsatisfied dependency expressed through constructor parameter 0: Error creating bean with name 'articleDao' defined in file [C:\Tim\summary-data\target\classes\com\opview\summary\dao\ArticleDao.class]: Unsatisfied dependency expressed through constructor parameter 0: Error creating bean with name 'dataSourceScriptDatabaseInitializer' defined in class path resource [org/springframework/boot/autoconfigure/sql/init/DataSourceInitializationConfiguration.class]: Unsatisfied dependency expressed through method 'dataSourceScriptDatabaseInitializer' parameter 0: Error creating bean with name 'dataSource' defined in class path resource [org/springframework/boot/autoconfigure/jdbc/DataSourceConfiguration$Hikari.class]: Failed to instantiate [com.zaxxer.hikari.HikariDataSource]: Factory method 'dataSource' threw exception with message: Failed to load driver class com.mysql.cj.jdbc.Driver in either of HikariConfig class loader or Thread context classloader
2026-02-02 10:29:12.219 [restartedMain] INFO  org.apache.catalina.core.StandardService - Stopping service [Tomcat]
2026-02-02 10:29:12.312 [restartedMain] INFO  org.springframework.boot.autoconfigure.logging.ConditionEvaluationReportLogger - 

Error starting ApplicationContext. To display the condition evaluation report re-run your application with 'debug' enabled.
2026-02-02 10:29:12.382 [restartedMain] ERROR org.springframework.boot.SpringApplication - Application run failed
org.springframework.beans.factory.UnsatisfiedDependencyException: Error creating bean with name 'articleController' defined in file [C:\Tim\summary-data\target\classes\com\opview\summary\controller\ArticleController.class]: Unsatisfied dependency expressed through constructor parameter 0: Error creating bean with name 'articleService' defined in file [C:\Tim\summary-data\target\classes\com\opview\summary\service\ArticleService.class]: Unsatisfied dependency expressed through constructor parameter 0: Error creating bean with name 'articleDao' defined in file [C:\Tim\summary-data\target\classes\com\opview\summary\dao\ArticleDao.class]: Unsatisfied dependency expressed through constructor parameter 0: Error creating bean with name 'dataSourceScriptDatabaseInitializer' defined in class path resource [org/springframework/boot/autoconfigure/sql/init/DataSourceInitializationConfiguration.class]: Unsatisfied dependency expressed through method 'dataSourceScriptDatabaseInitializer' parameter 0: Error creating bean with name 'dataSource' defined in class path resource [org/springframework/boot/autoconfigure/jdbc/DataSourceConfiguration$Hikari.class]: Failed to instantiate [com.zaxxer.hikari.HikariDataSource]: Factory method 'dataSource' threw exception with message: Failed to load driver class com.mysql.cj.jdbc.Driver in either of HikariConfig class loader or Thread context classloader
	at org.springframework.beans.factory.support.ConstructorResolver.createArgumentArray(ConstructorResolver.java:804) ~[spring-beans-6.2.10.jar:6.2.10]
	at org.springframework.beans.factory.support.ConstructorResolver.autowireConstructor(ConstructorResolver.java:240) ~[spring-beans-6.2.10.jar:6.2.10]
	at org.springframework.beans.factory.support.AbstractAutowireCapableBeanFactory.autowireConstructor(AbstractAutowireCapableBeanFactory.java:1395) ~[spring-beans-6.2.10.jar:6.2.10]
	at org.springframework.beans.factory.support.AbstractAutowireCapableBeanFactory.createBeanInstance(AbstractAutowireCapableBeanFactory.java:1232) ~[spring-beans-6.2.10.jar:6.2.10]
	at org.springframework.beans.factory.support.AbstractAutowireCapableBeanFactory.doCreateBean(AbstractAutowireCapableBeanFactory.java:569) ~[spring-beans-6.2.10.jar:6.2.10]
	at org.springframework.beans.factory.support.AbstractAutowireCapableBeanFactory.createBean(AbstractAutowireCapableBeanFactory.java:529) ~[spring-beans-6.2.10.jar:6.2.10]
	at org.springframework.beans.factory.support.AbstractBeanFactory.lambda$doGetBean$0(AbstractBeanFactory.java:339) ~[spring-beans-6.2.10.jar:6.2.10]
	at org.springframework.beans.factory.support.DefaultSingletonBeanRegistry.getSingleton(DefaultSingletonBeanRegistry.java:373) ~[spring-beans-6.2.10.jar:6.2.10]
	at org.springframework.beans.factory.support.AbstractBeanFactory.doGetBean(AbstractBeanFactory.java:337) ~[spring-beans-6.2.10.jar:6.2.10]
	at org.springframework.beans.factory.support.AbstractBeanFactory.getBean(AbstractBeanFactory.java:202) ~[spring-beans-6.2.10.jar:6.2.10]
	at org.springframework.beans.factory.support.DefaultListableBeanFactory.instantiateSingleton(DefaultListableBeanFactory.java:1222) ~[spring-beans-6.2.10.jar:6.2.10]
	at org.springframework.beans.factory.support.DefaultListableBeanFactory.preInstantiateSingleton(DefaultListableBeanFactory.java:1188) ~[spring-beans-6.2.10.jar:6.2.10]
	at org.springframework.beans.factory.support.DefaultListableBeanFactory.preInstantiateSingletons(DefaultListableBeanFactory.java:1123) ~[spring-beans-6.2.10.jar:6.2.10]
	at org.springframework.context.support.AbstractApplicationContext.finishBeanFactoryInitialization(AbstractApplicationContext.java:987) ~[spring-context-6.2.10.jar:6.2.10]
	at org.springframework.context.support.AbstractApplicationContext.refresh(AbstractApplicationContext.java:627) ~[spring-context-6.2.10.jar:6.2.10]
	at org.springframework.boot.web.servlet.context.ServletWebServerApplicationContext.refresh(ServletWebServerApplicationContext.java:146) ~[spring-boot-3.5.5.jar:3.5.5]
	at org.springframework.boot.SpringApplication.refresh(SpringApplication.java:752) [spring-boot-3.5.5.jar:3.5.5]
	at org.springframework.boot.SpringApplication.refreshContext(SpringApplication.java:439) [spring-boot-3.5.5.jar:3.5.5]
	at org.springframework.boot.SpringApplication.run(SpringApplication.java:318) [spring-boot-3.5.5.jar:3.5.5]
	at org.springframework.boot.SpringApplication.run(SpringApplication.java:1361) [spring-boot-3.5.5.jar:3.5.5]
	at org.springframework.boot.SpringApplication.run(SpringApplication.java:1350) [spring-boot-3.5.5.jar:3.5.5]
	at com.opview.summary.SummaryDataApplication.main(SummaryDataApplication.java:13) [classes/:?]
	at java.base/jdk.internal.reflect.NativeMethodAccessorImpl.invoke0(Native Method) ~[?:?]
	at java.base/jdk.internal.reflect.NativeMethodAccessorImpl.invoke(NativeMethodAccessorImpl.java:77) ~[?:?]
	at java.base/jdk.internal.reflect.DelegatingMethodAccessorImpl.invoke(DelegatingMethodAccessorImpl.java:43) ~[?:?]
	at java.base/java.lang.reflect.Method.invoke(Method.java:568) ~[?:?]
	at org.springframework.boot.devtools.restart.RestartLauncher.run(RestartLauncher.java:50) [spring-boot-devtools-3.5.5.jar:3.5.5]
Caused by: org.springframework.beans.factory.UnsatisfiedDependencyException: Error creating bean with name 'articleService' defined in file [C:\Tim\summary-data\target\classes\com\opview\summary\service\ArticleService.class]: Unsatisfied dependency expressed through constructor parameter 0: Error creating bean with name 'articleDao' defined in file [C:\Tim\summary-data\target\classes\com\opview\summary\dao\ArticleDao.class]: Unsatisfied dependency expressed through constructor parameter 0: Error creating bean with name 'dataSourceScriptDatabaseInitializer' defined in class path resource [org/springframework/boot/autoconfigure/sql/init/DataSourceInitializationConfiguration.class]: Unsatisfied dependency expressed through method 'dataSourceScriptDatabaseInitializer' parameter 0: Error creating bean with name 'dataSource' defined in class path resource [org/springframework/boot/autoconfigure/jdbc/DataSourceConfiguration$Hikari.class]: Failed to instantiate [com.zaxxer.hikari.HikariDataSource]: Factory method 'dataSource' threw exception with message: Failed to load driver class com.mysql.cj.jdbc.Driver in either of HikariConfig class loader or Thread context classloader
	at org.springframework.beans.factory.support.ConstructorResolver.createArgumentArray(ConstructorResolver.java:804) ~[spring-beans-6.2.10.jar:6.2.10]
	at org.springframework.beans.factory.support.ConstructorResolver.autowireConstructor(ConstructorResolver.java:240) ~[spring-beans-6.2.10.jar:6.2.10]
	at org.springframework.beans.factory.support.AbstractAutowireCapableBeanFactory.autowireConstructor(AbstractAutowireCapableBeanFactory.java:1395) ~[spring-beans-6.2.10.jar:6.2.10]
	at org.springframework.beans.factory.support.AbstractAutowireCapableBeanFactory.createBeanInstance(AbstractAutowireCapableBeanFactory.java:1232) ~[spring-beans-6.2.10.jar:6.2.10]
	at org.springframework.beans.factory.support.AbstractAutowireCapableBeanFactory.doCreateBean(AbstractAutowireCapableBeanFactory.java:569) ~[spring-beans-6.2.10.jar:6.2.10]
	at org.springframework.beans.factory.support.AbstractAutowireCapableBeanFactory.createBean(AbstractAutowireCapableBeanFactory.java:529) ~[spring-beans-6.2.10.jar:6.2.10]
	at org.springframework.beans.factory.support.AbstractBeanFactory.lambda$doGetBean$0(AbstractBeanFactory.java:339) ~[spring-beans-6.2.10.jar:6.2.10]
	at org.springframework.beans.factory.support.DefaultSingletonBeanRegistry.getSingleton(DefaultSingletonBeanRegistry.java:373) ~[spring-beans-6.2.10.jar:6.2.10]
	at org.springframework.beans.factory.support.AbstractBeanFactory.doGetBean(AbstractBeanFactory.java:337) ~[spring-beans-6.2.10.jar:6.2.10]
	at org.springframework.beans.factory.support.AbstractBeanFactory.getBean(AbstractBeanFactory.java:202) ~[spring-beans-6.2.10.jar:6.2.10]
	at org.springframework.beans.factory.support.DefaultListableBeanFactory.doResolveDependency(DefaultListableBeanFactory.java:1690) ~[spring-beans-6.2.10.jar:6.2.10]
	at org.springframework.beans.factory.support.DefaultListableBeanFactory.resolveDependency(DefaultListableBeanFactory.java:1635) ~[spring-beans-6.2.10.jar:6.2.10]
	at org.springframework.beans.factory.support.ConstructorResolver.resolveAutowiredArgument(ConstructorResolver.java:913) ~[spring-beans-6.2.10.jar:6.2.10]
	at org.springframework.beans.factory.support.ConstructorResolver.createArgumentArray(ConstructorResolver.java:791) ~[spring-beans-6.2.10.jar:6.2.10]
	... 26 more
Caused by: org.springframework.beans.factory.UnsatisfiedDependencyException: Error creating bean with name 'articleDao' defined in file [C:\Tim\summary-data\target\classes\com\opview\summary\dao\ArticleDao.class]: Unsatisfied dependency expressed through constructor parameter 0: Error creating bean with name 'dataSourceScriptDatabaseInitializer' defined in class path resource [org/springframework/boot/autoconfigure/sql/init/DataSourceInitializationConfiguration.class]: Unsatisfied dependency expressed through method 'dataSourceScriptDatabaseInitializer' parameter 0: Error creating bean with name 'dataSource' defined in class path resource [org/springframework/boot/autoconfigure/jdbc/DataSourceConfiguration$Hikari.class]: Failed to instantiate [com.zaxxer.hikari.HikariDataSource]: Factory method 'dataSource' threw exception with message: Failed to load driver class com.mysql.cj.jdbc.Driver in either of HikariConfig class loader or Thread context classloader
	at org.springframework.beans.factory.support.ConstructorResolver.createArgumentArray(ConstructorResolver.java:804) ~[spring-beans-6.2.10.jar:6.2.10]
	at org.springframework.beans.factory.support.ConstructorResolver.autowireConstructor(ConstructorResolver.java:240) ~[spring-beans-6.2.10.jar:6.2.10]
	at org.springframework.beans.factory.support.AbstractAutowireCapableBeanFactory.autowireConstructor(AbstractAutowireCapableBeanFactory.java:1395) ~[spring-beans-6.2.10.jar:6.2.10]
	at org.springframework.beans.factory.support.AbstractAutowireCapableBeanFactory.createBeanInstance(AbstractAutowireCapableBeanFactory.java:1232) ~[spring-beans-6.2.10.jar:6.2.10]
	at org.springframework.beans.factory.support.AbstractAutowireCapableBeanFactory.doCreateBean(AbstractAutowireCapableBeanFactory.java:569) ~[spring-beans-6.2.10.jar:6.2.10]
	at org.springframework.beans.factory.support.AbstractAutowireCapableBeanFactory.createBean(AbstractAutowireCapableBeanFactory.java:529) ~[spring-beans-6.2.10.jar:6.2.10]
	at org.springframework.beans.factory.support.AbstractBeanFactory.lambda$doGetBean$0(AbstractBeanFactory.java:339) ~[spring-beans-6.2.10.jar:6.2.10]
	at org.springframework.beans.factory.support.DefaultSingletonBeanRegistry.getSingleton(DefaultSingletonBeanRegistry.java:373) ~[spring-beans-6.2.10.jar:6.2.10]
	at org.springframework.beans.factory.support.AbstractBeanFactory.doGetBean(AbstractBeanFactory.java:337) ~[spring-beans-6.2.10.jar:6.2.10]
	at org.springframework.beans.factory.support.AbstractBeanFactory.getBean(AbstractBeanFactory.java:202) ~[spring-beans-6.2.10.jar:6.2.10]
	at org.springframework.beans.factory.support.DefaultListableBeanFactory.doResolveDependency(DefaultListableBeanFactory.java:1690) ~[spring-beans-6.2.10.jar:6.2.10]
	at org.springframework.beans.factory.support.DefaultListableBeanFactory.resolveDependency(DefaultListableBeanFactory.java:1635) ~[spring-beans-6.2.10.jar:6.2.10]
	at org.springframework.beans.factory.support.ConstructorResolver.resolveAutowiredArgument(ConstructorResolver.java:913) ~[spring-beans-6.2.10.jar:6.2.10]
	at org.springframework.beans.factory.support.ConstructorResolver.createArgumentArray(ConstructorResolver.java:791) ~[spring-beans-6.2.10.jar:6.2.10]
	at org.springframework.beans.factory.support.ConstructorResolver.autowireConstructor(ConstructorResolver.java:240) ~[spring-beans-6.2.10.jar:6.2.10]
	at org.springframework.beans.factory.support.AbstractAutowireCapableBeanFactory.autowireConstructor(AbstractAutowireCapableBeanFactory.java:1395) ~[spring-beans-6.2.10.jar:6.2.10]
	at org.springframework.beans.factory.support.AbstractAutowireCapableBeanFactory.createBeanInstance(AbstractAutowireCapableBeanFactory.java:1232) ~[spring-beans-6.2.10.jar:6.2.10]
	at org.springframework.beans.factory.support.AbstractAutowireCapableBeanFactory.doCreateBean(AbstractAutowireCapableBeanFactory.java:569) ~[spring-beans-6.2.10.jar:6.2.10]
	at org.springframework.beans.factory.support.AbstractAutowireCapableBeanFactory.createBean(AbstractAutowireCapableBeanFactory.java:529) ~[spring-beans-6.2.10.jar:6.2.10]
	at org.springframework.beans.factory.support.AbstractBeanFactory.lambda$doGetBean$0(AbstractBeanFactory.java:339) ~[spring-beans-6.2.10.jar:6.2.10]
	at org.springframework.beans.factory.support.DefaultSingletonBeanRegistry.getSingleton(DefaultSingletonBeanRegistry.java:373) ~[spring-beans-6.2.10.jar:6.2.10]
	at org.springframework.beans.factory.support.AbstractBeanFactory.doGetBean(AbstractBeanFactory.java:337) ~[spring-beans-6.2.10.jar:6.2.10]
	at org.springframework.beans.factory.support.AbstractBeanFactory.getBean(AbstractBeanFactory.java:202) ~[spring-beans-6.2.10.jar:6.2.10]
	at org.springframework.beans.factory.support.DefaultListableBeanFactory.doResolveDependency(DefaultListableBeanFactory.java:1690) ~[spring-beans-6.2.10.jar:6.2.10]
	at org.springframework.beans.factory.support.DefaultListableBeanFactory.resolveDependency(DefaultListableBeanFactory.java:1635) ~[spring-beans-6.2.10.jar:6.2.10]
	at org.springframework.beans.factory.support.ConstructorResolver.resolveAutowiredArgument(ConstructorResolver.java:913) ~[spring-beans-6.2.10.jar:6.2.10]
	at org.springframework.beans.factory.support.ConstructorResolver.createArgumentArray(ConstructorResolver.java:791) ~[spring-beans-6.2.10.jar:6.2.10]
	... 26 more
Caused by: org.springframework.beans.factory.UnsatisfiedDependencyException: Error creating bean with name 'dataSourceScriptDatabaseInitializer' defined in class path resource [org/springframework/boot/autoconfigure/sql/init/DataSourceInitializationConfiguration.class]: Unsatisfied dependency expressed through method 'dataSourceScriptDatabaseInitializer' parameter 0: Error creating bean with name 'dataSource' defined in class path resource [org/springframework/boot/autoconfigure/jdbc/DataSourceConfiguration$Hikari.class]: Failed to instantiate [com.zaxxer.hikari.HikariDataSource]: Factory method 'dataSource' threw exception with message: Failed to load driver class com.mysql.cj.jdbc.Driver in either of HikariConfig class loader or Thread context classloader
	at org.springframework.beans.factory.support.ConstructorResolver.createArgumentArray(ConstructorResolver.java:804) ~[spring-beans-6.2.10.jar:6.2.10]
	at org.springframework.beans.factory.support.ConstructorResolver.instantiateUsingFactoryMethod(ConstructorResolver.java:546) ~[spring-beans-6.2.10.jar:6.2.10]
	at org.springframework.beans.factory.support.AbstractAutowireCapableBeanFactory.instantiateUsingFactoryMethod(AbstractAutowireCapableBeanFactory.java:1375) ~[spring-beans-6.2.10.jar:6.2.10]
	at org.springframework.beans.factory.support.AbstractAutowireCapableBeanFactory.createBeanInstance(AbstractAutowireCapableBeanFactory.java:1205) ~[spring-beans-6.2.10.jar:6.2.10]
	at org.springframework.beans.factory.support.AbstractAutowireCapableBeanFactory.doCreateBean(AbstractAutowireCapableBeanFactory.java:569) ~[spring-beans-6.2.10.jar:6.2.10]
	at org.springframework.beans.factory.support.AbstractAutowireCapableBeanFactory.createBean(AbstractAutowireCapableBeanFactory.java:529) ~[spring-beans-6.2.10.jar:6.2.10]
	at org.springframework.beans.factory.support.AbstractBeanFactory.lambda$doGetBean$0(AbstractBeanFactory.java:339) ~[spring-beans-6.2.10.jar:6.2.10]
	at org.springframework.beans.factory.support.DefaultSingletonBeanRegistry.getSingleton(DefaultSingletonBeanRegistry.java:373) ~[spring-beans-6.2.10.jar:6.2.10]
	at org.springframework.beans.factory.support.AbstractBeanFactory.doGetBean(AbstractBeanFactory.java:337) ~[spring-beans-6.2.10.jar:6.2.10]
	at org.springframework.beans.factory.support.AbstractBeanFactory.getBean(AbstractBeanFactory.java:202) ~[spring-beans-6.2.10.jar:6.2.10]
	at org.springframework.beans.factory.support.AbstractBeanFactory.doGetBean(AbstractBeanFactory.java:315) ~[spring-beans-6.2.10.jar:6.2.10]
	at org.springframework.beans.factory.support.AbstractBeanFactory.getBean(AbstractBeanFactory.java:202) ~[spring-beans-6.2.10.jar:6.2.10]
	at org.springframework.beans.factory.config.DependencyDescriptor.resolveCandidate(DependencyDescriptor.java:254) ~[spring-beans-6.2.10.jar:6.2.10]
	at org.springframework.beans.factory.support.DefaultListableBeanFactory.doResolveDependency(DefaultListableBeanFactory.java:1752) ~[spring-beans-6.2.10.jar:6.2.10]
	at org.springframework.beans.factory.support.DefaultListableBeanFactory.resolveDependency(DefaultListableBeanFactory.java:1635) ~[spring-beans-6.2.10.jar:6.2.10]
	at org.springframework.beans.factory.support.ConstructorResolver.resolveAutowiredArgument(ConstructorResolver.java:913) ~[spring-beans-6.2.10.jar:6.2.10]
	at org.springframework.beans.factory.support.ConstructorResolver.createArgumentArray(ConstructorResolver.java:791) ~[spring-beans-6.2.10.jar:6.2.10]
	at org.springframework.beans.factory.support.ConstructorResolver.autowireConstructor(ConstructorResolver.java:240) ~[spring-beans-6.2.10.jar:6.2.10]
	at org.springframework.beans.factory.support.AbstractAutowireCapableBeanFactory.autowireConstructor(AbstractAutowireCapableBeanFactory.java:1395) ~[spring-beans-6.2.10.jar:6.2.10]
	at org.springframework.beans.factory.support.AbstractAutowireCapableBeanFactory.createBeanInstance(AbstractAutowireCapableBeanFactory.java:1232) ~[spring-beans-6.2.10.jar:6.2.10]
	at org.springframework.beans.factory.support.AbstractAutowireCapableBeanFactory.doCreateBean(AbstractAutowireCapableBeanFactory.java:569) ~[spring-beans-6.2.10.jar:6.2.10]
	at org.springframework.beans.factory.support.AbstractAutowireCapableBeanFactory.createBean(AbstractAutowireCapableBeanFactory.java:529) ~[spring-beans-6.2.10.jar:6.2.10]
	at org.springframework.beans.factory.support.AbstractBeanFactory.lambda$doGetBean$0(AbstractBeanFactory.java:339) ~[spring-beans-6.2.10.jar:6.2.10]
	at org.springframework.beans.factory.support.DefaultSingletonBeanRegistry.getSingleton(DefaultSingletonBeanRegistry.java:373) ~[spring-beans-6.2.10.jar:6.2.10]
	at org.springframework.beans.factory.support.AbstractBeanFactory.doGetBean(AbstractBeanFactory.java:337) ~[spring-beans-6.2.10.jar:6.2.10]
	at org.springframework.beans.factory.support.AbstractBeanFactory.getBean(AbstractBeanFactory.java:202) ~[spring-beans-6.2.10.jar:6.2.10]
	at org.springframework.beans.factory.support.DefaultListableBeanFactory.doResolveDependency(DefaultListableBeanFactory.java:1690) ~[spring-beans-6.2.10.jar:6.2.10]
	at org.springframework.beans.factory.support.DefaultListableBeanFactory.resolveDependency(DefaultListableBeanFactory.java:1635) ~[spring-beans-6.2.10.jar:6.2.10]
	at org.springframework.beans.factory.support.ConstructorResolver.resolveAutowiredArgument(ConstructorResolver.java:913) ~[spring-beans-6.2.10.jar:6.2.10]
	at org.springframework.beans.factory.support.ConstructorResolver.createArgumentArray(ConstructorResolver.java:791) ~[spring-beans-6.2.10.jar:6.2.10]
	at org.springframework.beans.factory.support.ConstructorResolver.autowireConstructor(ConstructorResolver.java:240) ~[spring-beans-6.2.10.jar:6.2.10]
	at org.springframework.beans.factory.support.AbstractAutowireCapableBeanFactory.autowireConstructor(AbstractAutowireCapableBeanFactory.java:1395) ~[spring-beans-6.2.10.jar:6.2.10]
	at org.springframework.beans.factory.support.AbstractAutowireCapableBeanFactory.createBeanInstance(AbstractAutowireCapableBeanFactory.java:1232) ~[spring-beans-6.2.10.jar:6.2.10]
	at org.springframework.beans.factory.support.AbstractAutowireCapableBeanFactory.doCreateBean(AbstractAutowireCapableBeanFactory.java:569) ~[spring-beans-6.2.10.jar:6.2.10]
	at org.springframework.beans.factory.support.AbstractAutowireCapableBeanFactory.createBean(AbstractAutowireCapableBeanFactory.java:529) ~[spring-beans-6.2.10.jar:6.2.10]
	at org.springframework.beans.factory.support.AbstractBeanFactory.lambda$doGetBean$0(AbstractBeanFactory.java:339) ~[spring-beans-6.2.10.jar:6.2.10]
	at org.springframework.beans.factory.support.DefaultSingletonBeanRegistry.getSingleton(DefaultSingletonBeanRegistry.java:373) ~[spring-beans-6.2.10.jar:6.2.10]
	at org.springframework.beans.factory.support.AbstractBeanFactory.doGetBean(AbstractBeanFactory.java:337) ~[spring-beans-6.2.10.jar:6.2.10]
	at org.springframework.beans.factory.support.AbstractBeanFactory.getBean(AbstractBeanFactory.java:202) ~[spring-beans-6.2.10.jar:6.2.10]
	at org.springframework.beans.factory.support.DefaultListableBeanFactory.doResolveDependency(DefaultListableBeanFactory.java:1690) ~[spring-beans-6.2.10.jar:6.2.10]
	at org.springframework.beans.factory.support.DefaultListableBeanFactory.resolveDependency(DefaultListableBeanFactory.java:1635) ~[spring-beans-6.2.10.jar:6.2.10]
	at org.springframework.beans.factory.support.ConstructorResolver.resolveAutowiredArgument(ConstructorResolver.java:913) ~[spring-beans-6.2.10.jar:6.2.10]
	at org.springframework.beans.factory.support.ConstructorResolver.createArgumentArray(ConstructorResolver.java:791) ~[spring-beans-6.2.10.jar:6.2.10]
	... 26 more
Caused by: org.springframework.beans.factory.BeanCreationException: Error creating bean with name 'dataSource' defined in class path resource [org/springframework/boot/autoconfigure/jdbc/DataSourceConfiguration$Hikari.class]: Failed to instantiate [com.zaxxer.hikari.HikariDataSource]: Factory method 'dataSource' threw exception with message: Failed to load driver class com.mysql.cj.jdbc.Driver in either of HikariConfig class loader or Thread context classloader
	at org.springframework.beans.factory.support.ConstructorResolver.instantiate(ConstructorResolver.java:657) ~[spring-beans-6.2.10.jar:6.2.10]
	at org.springframework.beans.factory.support.ConstructorResolver.instantiateUsingFactoryMethod(ConstructorResolver.java:645) ~[spring-beans-6.2.10.jar:6.2.10]
	at org.springframework.beans.factory.support.AbstractAutowireCapableBeanFactory.instantiateUsingFactoryMethod(AbstractAutowireCapableBeanFactory.java:1375) ~[spring-beans-6.2.10.jar:6.2.10]
	at org.springframework.beans.factory.support.AbstractAutowireCapableBeanFactory.createBeanInstance(AbstractAutowireCapableBeanFactory.java:1205) ~[spring-beans-6.2.10.jar:6.2.10]
	at org.springframework.beans.factory.support.AbstractAutowireCapableBeanFactory.doCreateBean(AbstractAutowireCapableBeanFactory.java:569) ~[spring-beans-6.2.10.jar:6.2.10]
	at org.springframework.beans.factory.support.AbstractAutowireCapableBeanFactory.createBean(AbstractAutowireCapableBeanFactory.java:529) ~[spring-beans-6.2.10.jar:6.2.10]
	at org.springframework.beans.factory.support.AbstractBeanFactory.lambda$doGetBean$0(AbstractBeanFactory.java:339) ~[spring-beans-6.2.10.jar:6.2.10]
	at org.springframework.beans.factory.support.DefaultSingletonBeanRegistry.getSingleton(DefaultSingletonBeanRegistry.java:373) ~[spring-beans-6.2.10.jar:6.2.10]
	at org.springframework.beans.factory.support.AbstractBeanFactory.doGetBean(AbstractBeanFactory.java:337) ~[spring-beans-6.2.10.jar:6.2.10]
	at org.springframework.beans.factory.support.AbstractBeanFactory.getBean(AbstractBeanFactory.java:202) ~[spring-beans-6.2.10.jar:6.2.10]
	at org.springframework.beans.factory.support.DefaultListableBeanFactory.doResolveDependency(DefaultListableBeanFactory.java:1690) ~[spring-beans-6.2.10.jar:6.2.10]
	at org.springframework.beans.factory.support.DefaultListableBeanFactory.resolveDependency(DefaultListableBeanFactory.java:1635) ~[spring-beans-6.2.10.jar:6.2.10]
	at org.springframework.beans.factory.support.ConstructorResolver.resolveAutowiredArgument(ConstructorResolver.java:913) ~[spring-beans-6.2.10.jar:6.2.10]
	at org.springframework.beans.factory.support.ConstructorResolver.createArgumentArray(ConstructorResolver.java:791) ~[spring-beans-6.2.10.jar:6.2.10]
	at org.springframework.beans.factory.support.ConstructorResolver.instantiateUsingFactoryMethod(ConstructorResolver.java:546) ~[spring-beans-6.2.10.jar:6.2.10]
	at org.springframework.beans.factory.support.AbstractAutowireCapableBeanFactory.instantiateUsingFactoryMethod(AbstractAutowireCapableBeanFactory.java:1375) ~[spring-beans-6.2.10.jar:6.2.10]
	at org.springframework.beans.factory.support.AbstractAutowireCapableBeanFactory.createBeanInstance(AbstractAutowireCapableBeanFactory.java:1205) ~[spring-beans-6.2.10.jar:6.2.10]
	at org.springframework.beans.factory.support.AbstractAutowireCapableBeanFactory.doCreateBean(AbstractAutowireCapableBeanFactory.java:569) ~[spring-beans-6.2.10.jar:6.2.10]
	at org.springframework.beans.factory.support.AbstractAutowireCapableBeanFactory.createBean(AbstractAutowireCapableBeanFactory.java:529) ~[spring-beans-6.2.10.jar:6.2.10]
	at org.springframework.beans.factory.support.AbstractBeanFactory.lambda$doGetBean$0(AbstractBeanFactory.java:339) ~[spring-beans-6.2.10.jar:6.2.10]
	at org.springframework.beans.factory.support.DefaultSingletonBeanRegistry.getSingleton(DefaultSingletonBeanRegistry.java:373) ~[spring-beans-6.2.10.jar:6.2.10]
	at org.springframework.beans.factory.support.AbstractBeanFactory.doGetBean(AbstractBeanFactory.java:337) ~[spring-beans-6.2.10.jar:6.2.10]
	at org.springframework.beans.factory.support.AbstractBeanFactory.getBean(AbstractBeanFactory.java:202) ~[spring-beans-6.2.10.jar:6.2.10]
	at org.springframework.beans.factory.support.AbstractBeanFactory.doGetBean(AbstractBeanFactory.java:315) ~[spring-beans-6.2.10.jar:6.2.10]
	at org.springframework.beans.factory.support.AbstractBeanFactory.getBean(AbstractBeanFactory.java:202) ~[spring-beans-6.2.10.jar:6.2.10]
	at org.springframework.beans.factory.config.DependencyDescriptor.resolveCandidate(DependencyDescriptor.java:254) ~[spring-beans-6.2.10.jar:6.2.10]
	at org.springframework.beans.factory.support.DefaultListableBeanFactory.doResolveDependency(DefaultListableBeanFactory.java:1752) ~[spring-beans-6.2.10.jar:6.2.10]
	at org.springframework.beans.factory.support.DefaultListableBeanFactory.resolveDependency(DefaultListableBeanFactory.java:1635) ~[spring-beans-6.2.10.jar:6.2.10]
	at org.springframework.beans.factory.support.ConstructorResolver.resolveAutowiredArgument(ConstructorResolver.java:913) ~[spring-beans-6.2.10.jar:6.2.10]
	at org.springframework.beans.factory.support.ConstructorResolver.createArgumentArray(ConstructorResolver.java:791) ~[spring-beans-6.2.10.jar:6.2.10]
	at org.springframework.beans.factory.support.ConstructorResolver.autowireConstructor(ConstructorResolver.java:240) ~[spring-beans-6.2.10.jar:6.2.10]
	at org.springframework.beans.factory.support.AbstractAutowireCapableBeanFactory.autowireConstructor(AbstractAutowireCapableBeanFactory.java:1395) ~[spring-beans-6.2.10.jar:6.2.10]
	at org.springframework.beans.factory.support.AbstractAutowireCapableBeanFactory.createBeanInstance(AbstractAutowireCapableBeanFactory.java:1232) ~[spring-beans-6.2.10.jar:6.2.10]
	at org.springframework.beans.factory.support.AbstractAutowireCapableBeanFactory.doCreateBean(AbstractAutowireCapableBeanFactory.java:569) ~[spring-beans-6.2.10.jar:6.2.10]
	at org.springframework.beans.factory.support.AbstractAutowireCapableBeanFactory.createBean(AbstractAutowireCapableBeanFactory.java:529) ~[spring-beans-6.2.10.jar:6.2.10]
	at org.springframework.beans.factory.support.AbstractBeanFactory.lambda$doGetBean$0(AbstractBeanFactory.java:339) ~[spring-beans-6.2.10.jar:6.2.10]
	at org.springframework.beans.factory.support.DefaultSingletonBeanRegistry.getSingleton(DefaultSingletonBeanRegistry.java:373) ~[spring-beans-6.2.10.jar:6.2.10]
	at org.springframework.beans.factory.support.AbstractBeanFactory.doGetBean(AbstractBeanFactory.java:337) ~[spring-beans-6.2.10.jar:6.2.10]
	at org.springframework.beans.factory.support.AbstractBeanFactory.getBean(AbstractBeanFactory.java:202) ~[spring-beans-6.2.10.jar:6.2.10]
	at org.springframework.beans.factory.support.DefaultListableBeanFactory.doResolveDependency(DefaultListableBeanFactory.java:1690) ~[spring-beans-6.2.10.jar:6.2.10]
	at org.springframework.beans.factory.support.DefaultListableBeanFactory.resolveDependency(DefaultListableBeanFactory.java:1635) ~[spring-beans-6.2.10.jar:6.2.10]
	at org.springframework.beans.factory.support.ConstructorResolver.resolveAutowiredArgument(ConstructorResolver.java:913) ~[spring-beans-6.2.10.jar:6.2.10]
	at org.springframework.beans.factory.support.ConstructorResolver.createArgumentArray(ConstructorResolver.java:791) ~[spring-beans-6.2.10.jar:6.2.10]
	at org.springframework.beans.factory.support.ConstructorResolver.autowireConstructor(ConstructorResolver.java:240) ~[spring-beans-6.2.10.jar:6.2.10]
	at org.springframework.beans.factory.support.AbstractAutowireCapableBeanFactory.autowireConstructor(AbstractAutowireCapableBeanFactory.java:1395) ~[spring-beans-6.2.10.jar:6.2.10]
	at org.springframework.beans.factory.support.AbstractAutowireCapableBeanFactory.createBeanInstance(AbstractAutowireCapableBeanFactory.java:1232) ~[spring-beans-6.2.10.jar:6.2.10]
	at org.springframework.beans.factory.support.AbstractAutowireCapableBeanFactory.doCreateBean(AbstractAutowireCapableBeanFactory.java:569) ~[spring-beans-6.2.10.jar:6.2.10]
	at org.springframework.beans.factory.support.AbstractAutowireCapableBeanFactory.createBean(AbstractAutowireCapableBeanFactory.java:529) ~[spring-beans-6.2.10.jar:6.2.10]
	at org.springframework.beans.factory.support.AbstractBeanFactory.lambda$doGetBean$0(AbstractBeanFactory.java:339) ~[spring-beans-6.2.10.jar:6.2.10]
	at org.springframework.beans.factory.support.DefaultSingletonBeanRegistry.getSingleton(DefaultSingletonBeanRegistry.java:373) ~[spring-beans-6.2.10.jar:6.2.10]
	at org.springframework.beans.factory.support.AbstractBeanFactory.doGetBean(AbstractBeanFactory.java:337) ~[spring-beans-6.2.10.jar:6.2.10]
	at org.springframework.beans.factory.support.AbstractBeanFactory.getBean(AbstractBeanFactory.java:202) ~[spring-beans-6.2.10.jar:6.2.10]
	at org.springframework.beans.factory.support.DefaultListableBeanFactory.doResolveDependency(DefaultListableBeanFactory.java:1690) ~[spring-beans-6.2.10.jar:6.2.10]
	at org.springframework.beans.factory.support.DefaultListableBeanFactory.resolveDependency(DefaultListableBeanFactory.java:1635) ~[spring-beans-6.2.10.jar:6.2.10]
	at org.springframework.beans.factory.support.ConstructorResolver.resolveAutowiredArgument(ConstructorResolver.java:913) ~[spring-beans-6.2.10.jar:6.2.10]
	at org.springframework.beans.factory.support.ConstructorResolver.createArgumentArray(ConstructorResolver.java:791) ~[spring-beans-6.2.10.jar:6.2.10]
	... 26 more
Caused by: org.springframework.beans.BeanInstantiationException: Failed to instantiate [com.zaxxer.hikari.HikariDataSource]: Factory method 'dataSource' threw exception with message: Failed to load driver class com.mysql.cj.jdbc.Driver in either of HikariConfig class loader or Thread context classloader
	at org.springframework.beans.factory.support.SimpleInstantiationStrategy.lambda$instantiate$0(SimpleInstantiationStrategy.java:200) ~[spring-beans-6.2.10.jar:6.2.10]
	at org.springframework.beans.factory.support.SimpleInstantiationStrategy.instantiateWithFactoryMethod(SimpleInstantiationStrategy.java:89) ~[spring-beans-6.2.10.jar:6.2.10]
	at org.springframework.beans.factory.support.SimpleInstantiationStrategy.instantiate(SimpleInstantiationStrategy.java:169) ~[spring-beans-6.2.10.jar:6.2.10]
	at org.springframework.beans.factory.support.ConstructorResolver.instantiate(ConstructorResolver.java:653) ~[spring-beans-6.2.10.jar:6.2.10]
	at org.springframework.beans.factory.support.ConstructorResolver.instantiateUsingFactoryMethod(ConstructorResolver.java:645) ~[spring-beans-6.2.10.jar:6.2.10]
	at org.springframework.beans.factory.support.AbstractAutowireCapableBeanFactory.instantiateUsingFactoryMethod(AbstractAutowireCapableBeanFactory.java:1375) ~[spring-beans-6.2.10.jar:6.2.10]
	at org.springframework.beans.factory.support.AbstractAutowireCapableBeanFactory.createBeanInstance(AbstractAutowireCapableBeanFactory.java:1205) ~[spring-beans-6.2.10.jar:6.2.10]
	at org.springframework.beans.factory.support.AbstractAutowireCapableBeanFactory.doCreateBean(AbstractAutowireCapableBeanFactory.java:569) ~[spring-beans-6.2.10.jar:6.2.10]
	at org.springframework.beans.factory.support.AbstractAutowireCapableBeanFactory.createBean(AbstractAutowireCapableBeanFactory.java:529) ~[spring-beans-6.2.10.jar:6.2.10]
	at org.springframework.beans.factory.support.AbstractBeanFactory.lambda$doGetBean$0(AbstractBeanFactory.java:339) ~[spring-beans-6.2.10.jar:6.2.10]
	at org.springframework.beans.factory.support.DefaultSingletonBeanRegistry.getSingleton(DefaultSingletonBeanRegistry.java:373) ~[spring-beans-6.2.10.jar:6.2.10]
	at org.springframework.beans.factory.support.AbstractBeanFactory.doGetBean(AbstractBeanFactory.java:337) ~[spring-beans-6.2.10.jar:6.2.10]
	at org.springframework.beans.factory.support.AbstractBeanFactory.getBean(AbstractBeanFactory.java:202) ~[spring-beans-6.2.10.jar:6.2.10]
	at org.springframework.beans.factory.support.DefaultListableBeanFactory.doResolveDependency(DefaultListableBeanFactory.java:1690) ~[spring-beans-6.2.10.jar:6.2.10]
	at org.springframework.beans.factory.support.DefaultListableBeanFactory.resolveDependency(DefaultListableBeanFactory.java:1635) ~[spring-beans-6.2.10.jar:6.2.10]
	at org.springframework.beans.factory.support.ConstructorResolver.resolveAutowiredArgument(ConstructorResolver.java:913) ~[spring-beans-6.2.10.jar:6.2.10]
	at org.springframework.beans.factory.support.ConstructorResolver.createArgumentArray(ConstructorResolver.java:791) ~[spring-beans-6.2.10.jar:6.2.10]
	at org.springframework.beans.factory.support.ConstructorResolver.instantiateUsingFactoryMethod(ConstructorResolver.java:546) ~[spring-beans-6.2.10.jar:6.2.10]
	at org.springframework.beans.factory.support.AbstractAutowireCapableBeanFactory.instantiateUsingFactoryMethod(AbstractAutowireCapableBeanFactory.java:1375) ~[spring-beans-6.2.10.jar:6.2.10]
	at org.springframework.beans.factory.support.AbstractAutowireCapableBeanFactory.createBeanInstance(AbstractAutowireCapableBeanFactory.java:1205) ~[spring-beans-6.2.10.jar:6.2.10]
	at org.springframework.beans.factory.support.AbstractAutowireCapableBeanFactory.doCreateBean(AbstractAutowireCapableBeanFactory.java:569) ~[spring-beans-6.2.10.jar:6.2.10]
	at org.springframework.beans.factory.support.AbstractAutowireCapableBeanFactory.createBean(AbstractAutowireCapableBeanFactory.java:529) ~[spring-beans-6.2.10.jar:6.2.10]
	at org.springframework.beans.factory.support.AbstractBeanFactory.lambda$doGetBean$0(AbstractBeanFactory.java:339) ~[spring-beans-6.2.10.jar:6.2.10]
	at org.springframework.beans.factory.support.DefaultSingletonBeanRegistry.getSingleton(DefaultSingletonBeanRegistry.java:373) ~[spring-beans-6.2.10.jar:6.2.10]
	at org.springframework.beans.factory.support.AbstractBeanFactory.doGetBean(AbstractBeanFactory.java:337) ~[spring-beans-6.2.10.jar:6.2.10]
	at org.springframework.beans.factory.support.AbstractBeanFactory.getBean(AbstractBeanFactory.java:202) ~[spring-beans-6.2.10.jar:6.2.10]
	at org.springframework.beans.factory.support.AbstractBeanFactory.doGetBean(AbstractBeanFactory.java:315) ~[spring-beans-6.2.10.jar:6.2.10]
	at org.springframework.beans.factory.support.AbstractBeanFactory.getBean(AbstractBeanFactory.java:202) ~[spring-beans-6.2.10.jar:6.2.10]
	at org.springframework.beans.factory.config.DependencyDescriptor.resolveCandidate(DependencyDescriptor.java:254) ~[spring-beans-6.2.10.jar:6.2.10]
	at org.springframework.beans.factory.support.DefaultListableBeanFactory.doResolveDependency(DefaultListableBeanFactory.java:1752) ~[spring-beans-6.2.10.jar:6.2.10]
	at org.springframework.beans.factory.support.DefaultListableBeanFactory.resolveDependency(DefaultListableBeanFactory.java:1635) ~[spring-beans-6.2.10.jar:6.2.10]
	at org.springframework.beans.factory.support.ConstructorResolver.resolveAutowiredArgument(ConstructorResolver.java:913) ~[spring-beans-6.2.10.jar:6.2.10]
	at org.springframework.beans.factory.support.ConstructorResolver.createArgumentArray(ConstructorResolver.java:791) ~[spring-beans-6.2.10.jar:6.2.10]
	at org.springframework.beans.factory.support.ConstructorResolver.autowireConstructor(ConstructorResolver.java:240) ~[spring-beans-6.2.10.jar:6.2.10]
	at org.springframework.beans.factory.support.AbstractAutowireCapableBeanFactory.autowireConstructor(AbstractAutowireCapableBeanFactory.java:1395) ~[spring-beans-6.2.10.jar:6.2.10]
	at org.springframework.beans.factory.support.AbstractAutowireCapableBeanFactory.createBeanInstance(AbstractAutowireCapableBeanFactory.java:1232) ~[spring-beans-6.2.10.jar:6.2.10]
	at org.springframework.beans.factory.support.AbstractAutowireCapableBeanFactory.doCreateBean(AbstractAutowireCapableBeanFactory.java:569) ~[spring-beans-6.2.10.jar:6.2.10]
	at org.springframework.beans.factory.support.AbstractAutowireCapableBeanFactory.createBean(AbstractAutowireCapableBeanFactory.java:529) ~[spring-beans-6.2.10.jar:6.2.10]
	at org.springframework.beans.factory.support.AbstractBeanFactory.lambda$doGetBean$0(AbstractBeanFactory.java:339) ~[spring-beans-6.2.10.jar:6.2.10]
	at org.springframework.beans.factory.support.DefaultSingletonBeanRegistry.getSingleton(DefaultSingletonBeanRegistry.java:373) ~[spring-beans-6.2.10.jar:6.2.10]
	at org.springframework.beans.factory.support.AbstractBeanFactory.doGetBean(AbstractBeanFactory.java:337) ~[spring-beans-6.2.10.jar:6.2.10]
	at org.springframework.beans.factory.support.AbstractBeanFactory.getBean(AbstractBeanFactory.java:202) ~[spring-beans-6.2.10.jar:6.2.10]
	at org.springframework.beans.factory.support.DefaultListableBeanFactory.doResolveDependency(DefaultListableBeanFactory.java:1690) ~[spring-beans-6.2.10.jar:6.2.10]
	at org.springframework.beans.factory.support.DefaultListableBeanFactory.resolveDependency(DefaultListableBeanFactory.java:1635) ~[spring-beans-6.2.10.jar:6.2.10]
	at org.springframework.beans.factory.support.ConstructorResolver.resolveAutowiredArgument(ConstructorResolver.java:913) ~[spring-beans-6.2.10.jar:6.2.10]
	at org.springframework.beans.factory.support.ConstructorResolver.createArgumentArray(ConstructorResolver.java:791) ~[spring-beans-6.2.10.jar:6.2.10]
	at org.springframework.beans.factory.support.ConstructorResolver.autowireConstructor(ConstructorResolver.java:240) ~[spring-beans-6.2.10.jar:6.2.10]
	at org.springframework.beans.factory.support.AbstractAutowireCapableBeanFactory.autowireConstructor(AbstractAutowireCapableBeanFactory.java:1395) ~[spring-beans-6.2.10.jar:6.2.10]
	at org.springframework.beans.factory.support.AbstractAutowireCapableBeanFactory.createBeanInstance(AbstractAutowireCapableBeanFactory.java:1232) ~[spring-beans-6.2.10.jar:6.2.10]
	at org.springframework.beans.factory.support.AbstractAutowireCapableBeanFactory.doCreateBean(AbstractAutowireCapableBeanFactory.java:569) ~[spring-beans-6.2.10.jar:6.2.10]
	at org.springframework.beans.factory.support.AbstractAutowireCapableBeanFactory.createBean(AbstractAutowireCapableBeanFactory.java:529) ~[spring-beans-6.2.10.jar:6.2.10]
	at org.springframework.beans.factory.support.AbstractBeanFactory.lambda$doGetBean$0(AbstractBeanFactory.java:339) ~[spring-beans-6.2.10.jar:6.2.10]
	at org.springframework.beans.factory.support.DefaultSingletonBeanRegistry.getSingleton(DefaultSingletonBeanRegistry.java:373) ~[spring-beans-6.2.10.jar:6.2.10]
	at org.springframework.beans.factory.support.AbstractBeanFactory.doGetBean(AbstractBeanFactory.java:337) ~[spring-beans-6.2.10.jar:6.2.10]
	at org.springframework.beans.factory.support.AbstractBeanFactory.getBean(AbstractBeanFactory.java:202) ~[spring-beans-6.2.10.jar:6.2.10]
	at org.springframework.beans.factory.support.DefaultListableBeanFactory.doResolveDependency(DefaultListableBeanFactory.java:1690) ~[spring-beans-6.2.10.jar:6.2.10]
	at org.springframework.beans.factory.support.DefaultListableBeanFactory.resolveDependency(DefaultListableBeanFactory.java:1635) ~[spring-beans-6.2.10.jar:6.2.10]
	at org.springframework.beans.factory.support.ConstructorResolver.resolveAutowiredArgument(ConstructorResolver.java:913) ~[spring-beans-6.2.10.jar:6.2.10]
	at org.springframework.beans.factory.support.ConstructorResolver.createArgumentArray(ConstructorResolver.java:791) ~[spring-beans-6.2.10.jar:6.2.10]
	... 26 more
Caused by: java.lang.RuntimeException: Failed to load driver class com.mysql.cj.jdbc.Driver in either of HikariConfig class loader or Thread context classloader
	at com.zaxxer.hikari.HikariConfig.setDriverClassName(HikariConfig.java:514) ~[HikariCP-6.3.2.jar:?]
	at org.springframework.boot.jdbc.DataSourceBuilder$MappedDataSourceProperty.set(DataSourceBuilder.java:478) ~[spring-boot-3.5.5.jar:3.5.5]
	at org.springframework.boot.jdbc.DataSourceBuilder$MappedDataSourceProperties.set(DataSourceBuilder.java:370) ~[spring-boot-3.5.5.jar:3.5.5]
	at org.springframework.boot.jdbc.DataSourceBuilder.build(DataSourceBuilder.java:185) ~[spring-boot-3.5.5.jar:3.5.5]
	at org.springframework.boot.autoconfigure.jdbc.DataSourceConfiguration.createDataSource(DataSourceConfiguration.java:67) ~[spring-boot-autoconfigure-3.5.5.jar:3.5.5]
	at org.springframework.boot.autoconfigure.jdbc.DataSourceConfiguration$Hikari.dataSource(DataSourceConfiguration.java:127) ~[spring-boot-autoconfigure-3.5.5.jar:3.5.5]
	at java.base/jdk.internal.reflect.NativeMethodAccessorImpl.invoke0(Native Method) ~[?:?]
	at java.base/jdk.internal.reflect.NativeMethodAccessorImpl.invoke(NativeMethodAccessorImpl.java:77) ~[?:?]
	at java.base/jdk.internal.reflect.DelegatingMethodAccessorImpl.invoke(DelegatingMethodAccessorImpl.java:43) ~[?:?]
	at java.base/java.lang.reflect.Method.invoke(Method.java:568) ~[?:?]
	at org.springframework.beans.factory.support.SimpleInstantiationStrategy.lambda$instantiate$0(SimpleInstantiationStrategy.java:172) ~[spring-beans-6.2.10.jar:6.2.10]
	at org.springframework.beans.factory.support.SimpleInstantiationStrategy.instantiateWithFactoryMethod(SimpleInstantiationStrategy.java:89) ~[spring-beans-6.2.10.jar:6.2.10]
	at org.springframework.beans.factory.support.SimpleInstantiationStrategy.instantiate(SimpleInstantiationStrategy.java:169) ~[spring-beans-6.2.10.jar:6.2.10]
	at org.springframework.beans.factory.support.ConstructorResolver.instantiate(ConstructorResolver.java:653) ~[spring-beans-6.2.10.jar:6.2.10]
	at org.springframework.beans.factory.support.ConstructorResolver.instantiateUsingFactoryMethod(ConstructorResolver.java:645) ~[spring-beans-6.2.10.jar:6.2.10]
	at org.springframework.beans.factory.support.AbstractAutowireCapableBeanFactory.instantiateUsingFactoryMethod(AbstractAutowireCapableBeanFactory.java:1375) ~[spring-beans-6.2.10.jar:6.2.10]
	at org.springframework.beans.factory.support.AbstractAutowireCapableBeanFactory.createBeanInstance(AbstractAutowireCapableBeanFactory.java:1205) ~[spring-beans-6.2.10.jar:6.2.10]
	at org.springframework.beans.factory.support.AbstractAutowireCapableBeanFactory.doCreateBean(AbstractAutowireCapableBeanFactory.java:569) ~[spring-beans-6.2.10.jar:6.2.10]
	at org.springframework.beans.factory.support.AbstractAutowireCapableBeanFactory.createBean(AbstractAutowireCapableBeanFactory.java:529) ~[spring-beans-6.2.10.jar:6.2.10]
	at org.springframework.beans.factory.support.AbstractBeanFactory.lambda$doGetBean$0(AbstractBeanFactory.java:339) ~[spring-beans-6.2.10.jar:6.2.10]
	at org.springframework.beans.factory.support.DefaultSingletonBeanRegistry.getSingleton(DefaultSingletonBeanRegistry.java:373) ~[spring-beans-6.2.10.jar:6.2.10]
	at org.springframework.beans.factory.support.AbstractBeanFactory.doGetBean(AbstractBeanFactory.java:337) ~[spring-beans-6.2.10.jar:6.2.10]
	at org.springframework.beans.factory.support.AbstractBeanFactory.getBean(AbstractBeanFactory.java:202) ~[spring-beans-6.2.10.jar:6.2.10]
	at org.springframework.beans.factory.support.DefaultListableBeanFactory.doResolveDependency(DefaultListableBeanFactory.java:1690) ~[spring-beans-6.2.10.jar:6.2.10]
	at org.springframework.beans.factory.support.DefaultListableBeanFactory.resolveDependency(DefaultListableBeanFactory.java:1635) ~[spring-beans-6.2.10.jar:6.2.10]
	at org.springframework.beans.factory.support.ConstructorResolver.resolveAutowiredArgument(ConstructorResolver.java:913) ~[spring-beans-6.2.10.jar:6.2.10]
	at org.springframework.beans.factory.support.ConstructorResolver.createArgumentArray(ConstructorResolver.java:791) ~[spring-beans-6.2.10.jar:6.2.10]
	at org.springframework.beans.factory.support.ConstructorResolver.instantiateUsingFactoryMethod(ConstructorResolver.java:546) ~[spring-beans-6.2.10.jar:6.2.10]
	at org.springframework.beans.factory.support.AbstractAutowireCapableBeanFactory.instantiateUsingFactoryMethod(AbstractAutowireCapableBeanFactory.java:1375) ~[spring-beans-6.2.10.jar:6.2.10]
	at org.springframework.beans.factory.support.AbstractAutowireCapableBeanFactory.createBeanInstance(AbstractAutowireCapableBeanFactory.java:1205) ~[spring-beans-6.2.10.jar:6.2.10]
	at org.springframework.beans.factory.support.AbstractAutowireCapableBeanFactory.doCreateBean(AbstractAutowireCapableBeanFactory.java:569) ~[spring-beans-6.2.10.jar:6.2.10]
	at org.springframework.beans.factory.support.AbstractAutowireCapableBeanFactory.createBean(AbstractAutowireCapableBeanFactory.java:529) ~[spring-beans-6.2.10.jar:6.2.10]
	at org.springframework.beans.factory.support.AbstractBeanFactory.lambda$doGetBean$0(AbstractBeanFactory.java:339) ~[spring-beans-6.2.10.jar:6.2.10]
	at org.springframework.beans.factory.support.DefaultSingletonBeanRegistry.getSingleton(DefaultSingletonBeanRegistry.java:373) ~[spring-beans-6.2.10.jar:6.2.10]
	at org.springframework.beans.factory.support.AbstractBeanFactory.doGetBean(AbstractBeanFactory.java:337) ~[spring-beans-6.2.10.jar:6.2.10]
	at org.springframework.beans.factory.support.AbstractBeanFactory.getBean(AbstractBeanFactory.java:202) ~[spring-beans-6.2.10.jar:6.2.10]
	at org.springframework.beans.factory.support.AbstractBeanFactory.doGetBean(AbstractBeanFactory.java:315) ~[spring-beans-6.2.10.jar:6.2.10]
	at org.springframework.beans.factory.support.AbstractBeanFactory.getBean(AbstractBeanFactory.java:202) ~[spring-beans-6.2.10.jar:6.2.10]
	at org.springframework.beans.factory.config.DependencyDescriptor.resolveCandidate(DependencyDescriptor.java:254) ~[spring-beans-6.2.10.jar:6.2.10]
	at org.springframework.beans.factory.support.DefaultListableBeanFactory.doResolveDependency(DefaultListableBeanFactory.java:1752) ~[spring-beans-6.2.10.jar:6.2.10]
	at org.springframework.beans.factory.support.DefaultListableBeanFactory.resolveDependency(DefaultListableBeanFactory.java:1635) ~[spring-beans-6.2.10.jar:6.2.10]
	at org.springframework.beans.factory.support.ConstructorResolver.resolveAutowiredArgument(ConstructorResolver.java:913) ~[spring-beans-6.2.10.jar:6.2.10]
	at org.springframework.beans.factory.support.ConstructorResolver.createArgumentArray(ConstructorResolver.java:791) ~[spring-beans-6.2.10.jar:6.2.10]
	at org.springframework.beans.factory.support.ConstructorResolver.autowireConstructor(ConstructorResolver.java:240) ~[spring-beans-6.2.10.jar:6.2.10]
	at org.springframework.beans.factory.support.AbstractAutowireCapableBeanFactory.autowireConstructor(AbstractAutowireCapableBeanFactory.java:1395) ~[spring-beans-6.2.10.jar:6.2.10]
	at org.springframework.beans.factory.support.AbstractAutowireCapableBeanFactory.createBeanInstance(AbstractAutowireCapableBeanFactory.java:1232) ~[spring-beans-6.2.10.jar:6.2.10]
	at org.springframework.beans.factory.support.AbstractAutowireCapableBeanFactory.doCreateBean(AbstractAutowireCapableBeanFactory.java:569) ~[spring-beans-6.2.10.jar:6.2.10]
	at org.springframework.beans.factory.support.AbstractAutowireCapableBeanFactory.createBean(AbstractAutowireCapableBeanFactory.java:529) ~[spring-beans-6.2.10.jar:6.2.10]
	at org.springframework.beans.factory.support.AbstractBeanFactory.lambda$doGetBean$0(AbstractBeanFactory.java:339) ~[spring-beans-6.2.10.jar:6.2.10]
	at org.springframework.beans.factory.support.DefaultSingletonBeanRegistry.getSingleton(DefaultSingletonBeanRegistry.java:373) ~[spring-beans-6.2.10.jar:6.2.10]
	at org.springframework.beans.factory.support.AbstractBeanFactory.doGetBean(AbstractBeanFactory.java:337) ~[spring-beans-6.2.10.jar:6.2.10]
	at org.springframework.beans.factory.support.AbstractBeanFactory.getBean(AbstractBeanFactory.java:202) ~[spring-beans-6.2.10.jar:6.2.10]
	at org.springframework.beans.factory.support.DefaultListableBeanFactory.doResolveDependency(DefaultListableBeanFactory.java:1690) ~[spring-beans-6.2.10.jar:6.2.10]
	at org.springframework.beans.factory.support.DefaultListableBeanFactory.resolveDependency(DefaultListableBeanFactory.java:1635) ~[spring-beans-6.2.10.jar:6.2.10]
	at org.springframework.beans.factory.support.ConstructorResolver.resolveAutowiredArgument(ConstructorResolver.java:913) ~[spring-beans-6.2.10.jar:6.2.10]
	at org.springframework.beans.factory.support.ConstructorResolver.createArgumentArray(ConstructorResolver.java:791) ~[spring-beans-6.2.10.jar:6.2.10]
	at org.springframework.beans.factory.support.ConstructorResolver.autowireConstructor(ConstructorResolver.java:240) ~[spring-beans-6.2.10.jar:6.2.10]
	at org.springframework.beans.factory.support.AbstractAutowireCapableBeanFactory.autowireConstructor(AbstractAutowireCapableBeanFactory.java:1395) ~[spring-beans-6.2.10.jar:6.2.10]
	at org.springframework.beans.factory.support.AbstractAutowireCapableBeanFactory.createBeanInstance(AbstractAutowireCapableBeanFactory.java:1232) ~[spring-beans-6.2.10.jar:6.2.10]
	at org.springframework.beans.factory.support.AbstractAutowireCapableBeanFactory.doCreateBean(AbstractAutowireCapableBeanFactory.java:569) ~[spring-beans-6.2.10.jar:6.2.10]
	at org.springframework.beans.factory.support.AbstractAutowireCapableBeanFactory.createBean(AbstractAutowireCapableBeanFactory.java:529) ~[spring-beans-6.2.10.jar:6.2.10]
	at org.springframework.beans.factory.support.AbstractBeanFactory.lambda$doGetBean$0(AbstractBeanFactory.java:339) ~[spring-beans-6.2.10.jar:6.2.10]
	at org.springframework.beans.factory.support.DefaultSingletonBeanRegistry.getSingleton(DefaultSingletonBeanRegistry.java:373) ~[spring-beans-6.2.10.jar:6.2.10]
	at org.springframework.beans.factory.support.AbstractBeanFactory.doGetBean(AbstractBeanFactory.java:337) ~[spring-beans-6.2.10.jar:6.2.10]
	at org.springframework.beans.factory.support.AbstractBeanFactory.getBean(AbstractBeanFactory.java:202) ~[spring-beans-6.2.10.jar:6.2.10]
	at org.springframework.beans.factory.support.DefaultListableBeanFactory.doResolveDependency(DefaultListableBeanFactory.java:1690) ~[spring-beans-6.2.10.jar:6.2.10]
	at org.springframework.beans.factory.support.DefaultListableBeanFactory.resolveDependency(DefaultListableBeanFactory.java:1635) ~[spring-beans-6.2.10.jar:6.2.10]
	at org.springframework.beans.factory.support.ConstructorResolver.resolveAutowiredArgument(ConstructorResolver.java:913) ~[spring-beans-6.2.10.jar:6.2.10]
	at org.springframework.beans.factory.support.ConstructorResolver.createArgumentArray(ConstructorResolver.java:791) ~[spring-beans-6.2.10.jar:6.2.10]
	... 26 more
2026-02-02 10:33:49.023 [restartedMain] INFO  com.opview.summary.SummaryDataApplication - Starting SummaryDataApplication using Java 17.0.12 with PID 8864 (C:\Tim\summary-data\target\classes started by hp in C:\Tim\summary-data)
2026-02-02 10:33:49.075 [restartedMain] INFO  com.opview.summary.SummaryDataApplication - No active profile set, falling back to 1 default profile: "default"
2026-02-02 10:33:49.241 [restartedMain] INFO  org.springframework.boot.devtools.env.DevToolsPropertyDefaultsPostProcessor - Devtools property defaults active! Set 'spring.devtools.add-properties' to 'false' to disable
2026-02-02 10:33:49.242 [restartedMain] INFO  org.springframework.boot.devtools.env.DevToolsPropertyDefaultsPostProcessor - For additional web related logging consider setting the 'logging.level.web' property to 'DEBUG'
2026-02-02 10:33:50.948 [restartedMain] INFO  org.springframework.data.repository.config.RepositoryConfigurationDelegate - Bootstrapping Spring Data JDBC repositories in DEFAULT mode.
2026-02-02 10:33:51.114 [restartedMain] INFO  org.springframework.data.repository.config.RepositoryConfigurationDelegate - Finished Spring Data repository scanning in 146 ms. Found 1 JDBC repository interface.
2026-02-02 10:33:52.549 [restartedMain] INFO  org.springframework.boot.web.embedded.tomcat.TomcatWebServer - Tomcat initialized with port 8080 (http)
2026-02-02 10:33:52.594 [restartedMain] INFO  org.apache.coyote.http11.Http11NioProtocol - Initializing ProtocolHandler ["http-nio-8080"]
2026-02-02 10:33:52.602 [restartedMain] INFO  org.apache.catalina.core.StandardService - Starting service [Tomcat]
2026-02-02 10:33:52.603 [restartedMain] INFO  org.apache.catalina.core.StandardEngine - Starting Servlet engine: [Apache Tomcat/10.1.44]
2026-02-02 10:33:52.753 [restartedMain] INFO  org.apache.catalina.core.ContainerBase.[Tomcat].[localhost].[/] - Initializing Spring embedded WebApplicationContext
2026-02-02 10:33:52.758 [restartedMain] INFO  org.springframework.boot.web.servlet.context.ServletWebServerApplicationContext - Root WebApplicationContext: initialization completed in 3511 ms
2026-02-02 10:33:53.208 [restartedMain] WARN  org.springframework.boot.web.servlet.context.AnnotationConfigServletWebServerApplicationContext - Exception encountered during context initialization - cancelling refresh attempt: org.springframework.beans.factory.UnsatisfiedDependencyException: Error creating bean with name 'summaryController' defined in file [C:\Tim\summary-data\target\classes\com\opview\summary\controller\SummaryController.class]: Unsatisfied dependency expressed through constructor parameter 1: Error creating bean with name 'geminiService' defined in file [C:\Tim\summary-data\target\classes\com\opview\summary\service\GeminiService.class]: Failed to instantiate [com.opview.summary.service.GeminiService]: Constructor threw exception
2026-02-02 10:33:53.235 [restartedMain] INFO  org.apache.catalina.core.StandardService - Stopping service [Tomcat]
2026-02-02 10:33:53.290 [restartedMain] INFO  org.springframework.boot.autoconfigure.logging.ConditionEvaluationReportLogger - 

Error starting ApplicationContext. To display the condition evaluation report re-run your application with 'debug' enabled.
2026-02-02 10:33:53.340 [restartedMain] ERROR org.springframework.boot.SpringApplication - Application run failed
org.springframework.beans.factory.UnsatisfiedDependencyException: Error creating bean with name 'summaryController' defined in file [C:\Tim\summary-data\target\classes\com\opview\summary\controller\SummaryController.class]: Unsatisfied dependency expressed through constructor parameter 1: Error creating bean with name 'geminiService' defined in file [C:\Tim\summary-data\target\classes\com\opview\summary\service\GeminiService.class]: Failed to instantiate [com.opview.summary.service.GeminiService]: Constructor threw exception
	at org.springframework.beans.factory.support.ConstructorResolver.createArgumentArray(ConstructorResolver.java:804) ~[spring-beans-6.2.10.jar:6.2.10]
	at org.springframework.beans.factory.support.ConstructorResolver.autowireConstructor(ConstructorResolver.java:240) ~[spring-beans-6.2.10.jar:6.2.10]
	at org.springframework.beans.factory.support.AbstractAutowireCapableBeanFactory.autowireConstructor(AbstractAutowireCapableBeanFactory.java:1395) ~[spring-beans-6.2.10.jar:6.2.10]
	at org.springframework.beans.factory.support.AbstractAutowireCapableBeanFactory.createBeanInstance(AbstractAutowireCapableBeanFactory.java:1232) ~[spring-beans-6.2.10.jar:6.2.10]
	at org.springframework.beans.factory.support.AbstractAutowireCapableBeanFactory.doCreateBean(AbstractAutowireCapableBeanFactory.java:569) ~[spring-beans-6.2.10.jar:6.2.10]
	at org.springframework.beans.factory.support.AbstractAutowireCapableBeanFactory.createBean(AbstractAutowireCapableBeanFactory.java:529) ~[spring-beans-6.2.10.jar:6.2.10]
	at org.springframework.beans.factory.support.AbstractBeanFactory.lambda$doGetBean$0(AbstractBeanFactory.java:339) ~[spring-beans-6.2.10.jar:6.2.10]
	at org.springframework.beans.factory.support.DefaultSingletonBeanRegistry.getSingleton(DefaultSingletonBeanRegistry.java:373) ~[spring-beans-6.2.10.jar:6.2.10]
	at org.springframework.beans.factory.support.AbstractBeanFactory.doGetBean(AbstractBeanFactory.java:337) ~[spring-beans-6.2.10.jar:6.2.10]
	at org.springframework.beans.factory.support.AbstractBeanFactory.getBean(AbstractBeanFactory.java:202) ~[spring-beans-6.2.10.jar:6.2.10]
	at org.springframework.beans.factory.support.DefaultListableBeanFactory.instantiateSingleton(DefaultListableBeanFactory.java:1222) ~[spring-beans-6.2.10.jar:6.2.10]
	at org.springframework.beans.factory.support.DefaultListableBeanFactory.preInstantiateSingleton(DefaultListableBeanFactory.java:1188) ~[spring-beans-6.2.10.jar:6.2.10]
	at org.springframework.beans.factory.support.DefaultListableBeanFactory.preInstantiateSingletons(DefaultListableBeanFactory.java:1123) ~[spring-beans-6.2.10.jar:6.2.10]
	at org.springframework.context.support.AbstractApplicationContext.finishBeanFactoryInitialization(AbstractApplicationContext.java:987) ~[spring-context-6.2.10.jar:6.2.10]
	at org.springframework.context.support.AbstractApplicationContext.refresh(AbstractApplicationContext.java:627) ~[spring-context-6.2.10.jar:6.2.10]
	at org.springframework.boot.web.servlet.context.ServletWebServerApplicationContext.refresh(ServletWebServerApplicationContext.java:146) ~[spring-boot-3.5.5.jar:3.5.5]
	at org.springframework.boot.SpringApplication.refresh(SpringApplication.java:752) [spring-boot-3.5.5.jar:3.5.5]
	at org.springframework.boot.SpringApplication.refreshContext(SpringApplication.java:439) [spring-boot-3.5.5.jar:3.5.5]
	at org.springframework.boot.SpringApplication.run(SpringApplication.java:318) [spring-boot-3.5.5.jar:3.5.5]
	at org.springframework.boot.SpringApplication.run(SpringApplication.java:1361) [spring-boot-3.5.5.jar:3.5.5]
	at org.springframework.boot.SpringApplication.run(SpringApplication.java:1350) [spring-boot-3.5.5.jar:3.5.5]
	at com.opview.summary.SummaryDataApplication.main(SummaryDataApplication.java:13) [classes/:?]
	at java.base/jdk.internal.reflect.NativeMethodAccessorImpl.invoke0(Native Method) ~[?:?]
	at java.base/jdk.internal.reflect.NativeMethodAccessorImpl.invoke(NativeMethodAccessorImpl.java:77) ~[?:?]
	at java.base/jdk.internal.reflect.DelegatingMethodAccessorImpl.invoke(DelegatingMethodAccessorImpl.java:43) ~[?:?]
	at java.base/java.lang.reflect.Method.invoke(Method.java:568) ~[?:?]
	at org.springframework.boot.devtools.restart.RestartLauncher.run(RestartLauncher.java:50) [spring-boot-devtools-3.5.5.jar:3.5.5]
Caused by: org.springframework.beans.factory.BeanCreationException: Error creating bean with name 'geminiService' defined in file [C:\Tim\summary-data\target\classes\com\opview\summary\service\GeminiService.class]: Failed to instantiate [com.opview.summary.service.GeminiService]: Constructor threw exception
	at org.springframework.beans.factory.support.ConstructorResolver.instantiate(ConstructorResolver.java:321) ~[spring-beans-6.2.10.jar:6.2.10]
	at org.springframework.beans.factory.support.ConstructorResolver.autowireConstructor(ConstructorResolver.java:309) ~[spring-beans-6.2.10.jar:6.2.10]
	at org.springframework.beans.factory.support.AbstractAutowireCapableBeanFactory.autowireConstructor(AbstractAutowireCapableBeanFactory.java:1395) ~[spring-beans-6.2.10.jar:6.2.10]
	at org.springframework.beans.factory.support.AbstractAutowireCapableBeanFactory.createBeanInstance(AbstractAutowireCapableBeanFactory.java:1232) ~[spring-beans-6.2.10.jar:6.2.10]
	at org.springframework.beans.factory.support.AbstractAutowireCapableBeanFactory.doCreateBean(AbstractAutowireCapableBeanFactory.java:569) ~[spring-beans-6.2.10.jar:6.2.10]
	at org.springframework.beans.factory.support.AbstractAutowireCapableBeanFactory.createBean(AbstractAutowireCapableBeanFactory.java:529) ~[spring-beans-6.2.10.jar:6.2.10]
	at org.springframework.beans.factory.support.AbstractBeanFactory.lambda$doGetBean$0(AbstractBeanFactory.java:339) ~[spring-beans-6.2.10.jar:6.2.10]
	at org.springframework.beans.factory.support.DefaultSingletonBeanRegistry.getSingleton(DefaultSingletonBeanRegistry.java:373) ~[spring-beans-6.2.10.jar:6.2.10]
	at org.springframework.beans.factory.support.AbstractBeanFactory.doGetBean(AbstractBeanFactory.java:337) ~[spring-beans-6.2.10.jar:6.2.10]
	at org.springframework.beans.factory.support.AbstractBeanFactory.getBean(AbstractBeanFactory.java:202) ~[spring-beans-6.2.10.jar:6.2.10]
	at org.springframework.beans.factory.support.DefaultListableBeanFactory.doResolveDependency(DefaultListableBeanFactory.java:1690) ~[spring-beans-6.2.10.jar:6.2.10]
	at org.springframework.beans.factory.support.DefaultListableBeanFactory.resolveDependency(DefaultListableBeanFactory.java:1635) ~[spring-beans-6.2.10.jar:6.2.10]
	at org.springframework.beans.factory.support.ConstructorResolver.resolveAutowiredArgument(ConstructorResolver.java:913) ~[spring-beans-6.2.10.jar:6.2.10]
	at org.springframework.beans.factory.support.ConstructorResolver.createArgumentArray(ConstructorResolver.java:791) ~[spring-beans-6.2.10.jar:6.2.10]
	... 26 more
Caused by: org.springframework.beans.BeanInstantiationException: Failed to instantiate [com.opview.summary.service.GeminiService]: Constructor threw exception
	at org.springframework.beans.BeanUtils.instantiateClass(BeanUtils.java:223) ~[spring-beans-6.2.10.jar:6.2.10]
	at org.springframework.beans.factory.support.SimpleInstantiationStrategy.instantiate(SimpleInstantiationStrategy.java:146) ~[spring-beans-6.2.10.jar:6.2.10]
	at org.springframework.beans.factory.support.ConstructorResolver.instantiate(ConstructorResolver.java:318) ~[spring-beans-6.2.10.jar:6.2.10]
	at org.springframework.beans.factory.support.ConstructorResolver.autowireConstructor(ConstructorResolver.java:309) ~[spring-beans-6.2.10.jar:6.2.10]
	at org.springframework.beans.factory.support.AbstractAutowireCapableBeanFactory.autowireConstructor(AbstractAutowireCapableBeanFactory.java:1395) ~[spring-beans-6.2.10.jar:6.2.10]
	at org.springframework.beans.factory.support.AbstractAutowireCapableBeanFactory.createBeanInstance(AbstractAutowireCapableBeanFactory.java:1232) ~[spring-beans-6.2.10.jar:6.2.10]
	at org.springframework.beans.factory.support.AbstractAutowireCapableBeanFactory.doCreateBean(AbstractAutowireCapableBeanFactory.java:569) ~[spring-beans-6.2.10.jar:6.2.10]
	at org.springframework.beans.factory.support.AbstractAutowireCapableBeanFactory.createBean(AbstractAutowireCapableBeanFactory.java:529) ~[spring-beans-6.2.10.jar:6.2.10]
	at org.springframework.beans.factory.support.AbstractBeanFactory.lambda$doGetBean$0(AbstractBeanFactory.java:339) ~[spring-beans-6.2.10.jar:6.2.10]
	at org.springframework.beans.factory.support.DefaultSingletonBeanRegistry.getSingleton(DefaultSingletonBeanRegistry.java:373) ~[spring-beans-6.2.10.jar:6.2.10]
	at org.springframework.beans.factory.support.AbstractBeanFactory.doGetBean(AbstractBeanFactory.java:337) ~[spring-beans-6.2.10.jar:6.2.10]
	at org.springframework.beans.factory.support.AbstractBeanFactory.getBean(AbstractBeanFactory.java:202) ~[spring-beans-6.2.10.jar:6.2.10]
	at org.springframework.beans.factory.support.DefaultListableBeanFactory.doResolveDependency(DefaultListableBeanFactory.java:1690) ~[spring-beans-6.2.10.jar:6.2.10]
	at org.springframework.beans.factory.support.DefaultListableBeanFactory.resolveDependency(DefaultListableBeanFactory.java:1635) ~[spring-beans-6.2.10.jar:6.2.10]
	at org.springframework.beans.factory.support.ConstructorResolver.resolveAutowiredArgument(ConstructorResolver.java:913) ~[spring-beans-6.2.10.jar:6.2.10]
	at org.springframework.beans.factory.support.ConstructorResolver.createArgumentArray(ConstructorResolver.java:791) ~[spring-beans-6.2.10.jar:6.2.10]
	... 26 more
Caused by: java.lang.IllegalArgumentException: API key must either be provided or set in the environment variable GOOGLE_API_KEY.
	at com.google.genai.ApiClient.<init>(ApiClient.java:56) ~[google-genai-1.0.0.jar:1.0.0]
	at com.google.genai.HttpApiClient.<init>(HttpApiClient.java:42) ~[google-genai-1.0.0.jar:1.0.0]
	at com.google.genai.Client.<init>(Client.java:273) ~[google-genai-1.0.0.jar:1.0.0]
	at com.google.genai.Client.<init>(Client.java:171) ~[google-genai-1.0.0.jar:1.0.0]
	at com.opview.summary.service.GeminiService.<init>(GeminiService.java:21) ~[classes/:?]
	at java.base/jdk.internal.reflect.NativeConstructorAccessorImpl.newInstance0(Native Method) ~[?:?]
	at java.base/jdk.internal.reflect.NativeConstructorAccessorImpl.newInstance(NativeConstructorAccessorImpl.java:77) ~[?:?]
	at java.base/jdk.internal.reflect.DelegatingConstructorAccessorImpl.newInstance(DelegatingConstructorAccessorImpl.java:45) ~[?:?]
	at java.base/java.lang.reflect.Constructor.newInstanceWithCaller(Constructor.java:499) ~[?:?]
	at java.base/java.lang.reflect.Constructor.newInstance(Constructor.java:480) ~[?:?]
	at org.springframework.beans.BeanUtils.instantiateClass(BeanUtils.java:210) ~[spring-beans-6.2.10.jar:6.2.10]
	at org.springframework.beans.factory.support.SimpleInstantiationStrategy.instantiate(SimpleInstantiationStrategy.java:146) ~[spring-beans-6.2.10.jar:6.2.10]
	at org.springframework.beans.factory.support.ConstructorResolver.instantiate(ConstructorResolver.java:318) ~[spring-beans-6.2.10.jar:6.2.10]
	at org.springframework.beans.factory.support.ConstructorResolver.autowireConstructor(ConstructorResolver.java:309) ~[spring-beans-6.2.10.jar:6.2.10]
	at org.springframework.beans.factory.support.AbstractAutowireCapableBeanFactory.autowireConstructor(AbstractAutowireCapableBeanFactory.java:1395) ~[spring-beans-6.2.10.jar:6.2.10]
	at org.springframework.beans.factory.support.AbstractAutowireCapableBeanFactory.createBeanInstance(AbstractAutowireCapableBeanFactory.java:1232) ~[spring-beans-6.2.10.jar:6.2.10]
	at org.springframework.beans.factory.support.AbstractAutowireCapableBeanFactory.doCreateBean(AbstractAutowireCapableBeanFactory.java:569) ~[spring-beans-6.2.10.jar:6.2.10]
	at org.springframework.beans.factory.support.AbstractAutowireCapableBeanFactory.createBean(AbstractAutowireCapableBeanFactory.java:529) ~[spring-beans-6.2.10.jar:6.2.10]
	at org.springframework.beans.factory.support.AbstractBeanFactory.lambda$doGetBean$0(AbstractBeanFactory.java:339) ~[spring-beans-6.2.10.jar:6.2.10]
	at org.springframework.beans.factory.support.DefaultSingletonBeanRegistry.getSingleton(DefaultSingletonBeanRegistry.java:373) ~[spring-beans-6.2.10.jar:6.2.10]
	at org.springframework.beans.factory.support.AbstractBeanFactory.doGetBean(AbstractBeanFactory.java:337) ~[spring-beans-6.2.10.jar:6.2.10]
	at org.springframework.beans.factory.support.AbstractBeanFactory.getBean(AbstractBeanFactory.java:202) ~[spring-beans-6.2.10.jar:6.2.10]
	at org.springframework.beans.factory.support.DefaultListableBeanFactory.doResolveDependency(DefaultListableBeanFactory.java:1690) ~[spring-beans-6.2.10.jar:6.2.10]
	at org.springframework.beans.factory.support.DefaultListableBeanFactory.resolveDependency(DefaultListableBeanFactory.java:1635) ~[spring-beans-6.2.10.jar:6.2.10]
	at org.springframework.beans.factory.support.ConstructorResolver.resolveAutowiredArgument(ConstructorResolver.java:913) ~[spring-beans-6.2.10.jar:6.2.10]
	at org.springframework.beans.factory.support.ConstructorResolver.createArgumentArray(ConstructorResolver.java:791) ~[spring-beans-6.2.10.jar:6.2.10]
	... 26 more
Caused by: java.lang.NullPointerException
	at java.base/java.util.Objects.requireNonNull(Objects.java:208) ~[?:?]
	at java.base/java.util.Optional.of(Optional.java:113) ~[?:?]
	at com.google.genai.ApiClient.<init>(ApiClient.java:54) ~[google-genai-1.0.0.jar:1.0.0]
	at com.google.genai.HttpApiClient.<init>(HttpApiClient.java:42) ~[google-genai-1.0.0.jar:1.0.0]
	at com.google.genai.Client.<init>(Client.java:273) ~[google-genai-1.0.0.jar:1.0.0]
	at com.google.genai.Client.<init>(Client.java:171) ~[google-genai-1.0.0.jar:1.0.0]
	at com.opview.summary.service.GeminiService.<init>(GeminiService.java:21) ~[classes/:?]
	at java.base/jdk.internal.reflect.NativeConstructorAccessorImpl.newInstance0(Native Method) ~[?:?]
	at java.base/jdk.internal.reflect.NativeConstructorAccessorImpl.newInstance(NativeConstructorAccessorImpl.java:77) ~[?:?]
	at java.base/jdk.internal.reflect.DelegatingConstructorAccessorImpl.newInstance(DelegatingConstructorAccessorImpl.java:45) ~[?:?]
	at java.base/java.lang.reflect.Constructor.newInstanceWithCaller(Constructor.java:499) ~[?:?]
	at java.base/java.lang.reflect.Constructor.newInstance(Constructor.java:480) ~[?:?]
	at org.springframework.beans.BeanUtils.instantiateClass(BeanUtils.java:210) ~[spring-beans-6.2.10.jar:6.2.10]
	at org.springframework.beans.factory.support.SimpleInstantiationStrategy.instantiate(SimpleInstantiationStrategy.java:146) ~[spring-beans-6.2.10.jar:6.2.10]
	at org.springframework.beans.factory.support.ConstructorResolver.instantiate(ConstructorResolver.java:318) ~[spring-beans-6.2.10.jar:6.2.10]
	at org.springframework.beans.factory.support.ConstructorResolver.autowireConstructor(ConstructorResolver.java:309) ~[spring-beans-6.2.10.jar:6.2.10]
	at org.springframework.beans.factory.support.AbstractAutowireCapableBeanFactory.autowireConstructor(AbstractAutowireCapableBeanFactory.java:1395) ~[spring-beans-6.2.10.jar:6.2.10]
	at org.springframework.beans.factory.support.AbstractAutowireCapableBeanFactory.createBeanInstance(AbstractAutowireCapableBeanFactory.java:1232) ~[spring-beans-6.2.10.jar:6.2.10]
	at org.springframework.beans.factory.support.AbstractAutowireCapableBeanFactory.doCreateBean(AbstractAutowireCapableBeanFactory.java:569) ~[spring-beans-6.2.10.jar:6.2.10]
	at org.springframework.beans.factory.support.AbstractAutowireCapableBeanFactory.createBean(AbstractAutowireCapableBeanFactory.java:529) ~[spring-beans-6.2.10.jar:6.2.10]
	at org.springframework.beans.factory.support.AbstractBeanFactory.lambda$doGetBean$0(AbstractBeanFactory.java:339) ~[spring-beans-6.2.10.jar:6.2.10]
	at org.springframework.beans.factory.support.DefaultSingletonBeanRegistry.getSingleton(DefaultSingletonBeanRegistry.java:373) ~[spring-beans-6.2.10.jar:6.2.10]
	at org.springframework.beans.factory.support.AbstractBeanFactory.doGetBean(AbstractBeanFactory.java:337) ~[spring-beans-6.2.10.jar:6.2.10]
	at org.springframework.beans.factory.support.AbstractBeanFactory.getBean(AbstractBeanFactory.java:202) ~[spring-beans-6.2.10.jar:6.2.10]
	at org.springframework.beans.factory.support.DefaultListableBeanFactory.doResolveDependency(DefaultListableBeanFactory.java:1690) ~[spring-beans-6.2.10.jar:6.2.10]
	at org.springframework.beans.factory.support.DefaultListableBeanFactory.resolveDependency(DefaultListableBeanFactory.java:1635) ~[spring-beans-6.2.10.jar:6.2.10]
	at org.springframework.beans.factory.support.ConstructorResolver.resolveAutowiredArgument(ConstructorResolver.java:913) ~[spring-beans-6.2.10.jar:6.2.10]
	at org.springframework.beans.factory.support.ConstructorResolver.createArgumentArray(ConstructorResolver.java:791) ~[spring-beans-6.2.10.jar:6.2.10]
	... 26 more
2026-02-02 10:38:02.398 [restartedMain] INFO  com.opview.summary.SummaryDataApplication - Starting SummaryDataApplication using Java 17.0.12 with PID 2224 (C:\Tim\summary-data\target\classes started by hp in C:\Tim\summary-data)
2026-02-02 10:38:02.425 [restartedMain] INFO  com.opview.summary.SummaryDataApplication - No active profile set, falling back to 1 default profile: "default"
2026-02-02 10:38:02.566 [restartedMain] INFO  org.springframework.boot.devtools.env.DevToolsPropertyDefaultsPostProcessor - Devtools property defaults active! Set 'spring.devtools.add-properties' to 'false' to disable
2026-02-02 10:38:02.569 [restartedMain] INFO  org.springframework.boot.devtools.env.DevToolsPropertyDefaultsPostProcessor - For additional web related logging consider setting the 'logging.level.web' property to 'DEBUG'
2026-02-02 10:38:04.192 [restartedMain] INFO  org.springframework.data.repository.config.RepositoryConfigurationDelegate - Bootstrapping Spring Data JDBC repositories in DEFAULT mode.
2026-02-02 10:38:04.473 [restartedMain] INFO  org.springframework.data.repository.config.RepositoryConfigurationDelegate - Finished Spring Data repository scanning in 265 ms. Found 1 JDBC repository interface.
2026-02-02 10:38:06.701 [restartedMain] INFO  org.springframework.boot.web.embedded.tomcat.TomcatWebServer - Tomcat initialized with port 8080 (http)
2026-02-02 10:38:06.750 [restartedMain] INFO  org.apache.coyote.http11.Http11NioProtocol - Initializing ProtocolHandler ["http-nio-8080"]
2026-02-02 10:38:06.754 [restartedMain] INFO  org.apache.catalina.core.StandardService - Starting service [Tomcat]
2026-02-02 10:38:06.756 [restartedMain] INFO  org.apache.catalina.core.StandardEngine - Starting Servlet engine: [Apache Tomcat/10.1.44]
2026-02-02 10:38:06.938 [restartedMain] INFO  org.apache.catalina.core.ContainerBase.[Tomcat].[localhost].[/] - Initializing Spring embedded WebApplicationContext
2026-02-02 10:38:06.946 [restartedMain] INFO  org.springframework.boot.web.servlet.context.ServletWebServerApplicationContext - Root WebApplicationContext: initialization completed in 4370 ms
2026-02-02 10:38:07.521 [restartedMain] WARN  org.springframework.boot.web.servlet.context.AnnotationConfigServletWebServerApplicationContext - Exception encountered during context initialization - cancelling refresh attempt: org.springframework.beans.factory.UnsatisfiedDependencyException: Error creating bean with name 'summaryController' defined in file [C:\Tim\summary-data\target\classes\com\opview\summary\controller\SummaryController.class]: Unsatisfied dependency expressed through constructor parameter 1: Error creating bean with name 'geminiService' defined in file [C:\Tim\summary-data\target\classes\com\opview\summary\service\GeminiService.class]: Failed to instantiate [com.opview.summary.service.GeminiService]: Constructor threw exception
2026-02-02 10:38:07.534 [restartedMain] INFO  org.apache.catalina.core.StandardService - Stopping service [Tomcat]
2026-02-02 10:38:07.603 [restartedMain] INFO  org.springframework.boot.autoconfigure.logging.ConditionEvaluationReportLogger - 

Error starting ApplicationContext. To display the condition evaluation report re-run your application with 'debug' enabled.
2026-02-02 10:38:07.654 [restartedMain] ERROR org.springframework.boot.SpringApplication - Application run failed
org.springframework.beans.factory.UnsatisfiedDependencyException: Error creating bean with name 'summaryController' defined in file [C:\Tim\summary-data\target\classes\com\opview\summary\controller\SummaryController.class]: Unsatisfied dependency expressed through constructor parameter 1: Error creating bean with name 'geminiService' defined in file [C:\Tim\summary-data\target\classes\com\opview\summary\service\GeminiService.class]: Failed to instantiate [com.opview.summary.service.GeminiService]: Constructor threw exception
	at org.springframework.beans.factory.support.ConstructorResolver.createArgumentArray(ConstructorResolver.java:804) ~[spring-beans-6.2.10.jar:6.2.10]
	at org.springframework.beans.factory.support.ConstructorResolver.autowireConstructor(ConstructorResolver.java:240) ~[spring-beans-6.2.10.jar:6.2.10]
	at org.springframework.beans.factory.support.AbstractAutowireCapableBeanFactory.autowireConstructor(AbstractAutowireCapableBeanFactory.java:1395) ~[spring-beans-6.2.10.jar:6.2.10]
	at org.springframework.beans.factory.support.AbstractAutowireCapableBeanFactory.createBeanInstance(AbstractAutowireCapableBeanFactory.java:1232) ~[spring-beans-6.2.10.jar:6.2.10]
	at org.springframework.beans.factory.support.AbstractAutowireCapableBeanFactory.doCreateBean(AbstractAutowireCapableBeanFactory.java:569) ~[spring-beans-6.2.10.jar:6.2.10]
	at org.springframework.beans.factory.support.AbstractAutowireCapableBeanFactory.createBean(AbstractAutowireCapableBeanFactory.java:529) ~[spring-beans-6.2.10.jar:6.2.10]
	at org.springframework.beans.factory.support.AbstractBeanFactory.lambda$doGetBean$0(AbstractBeanFactory.java:339) ~[spring-beans-6.2.10.jar:6.2.10]
	at org.springframework.beans.factory.support.DefaultSingletonBeanRegistry.getSingleton(DefaultSingletonBeanRegistry.java:373) ~[spring-beans-6.2.10.jar:6.2.10]
	at org.springframework.beans.factory.support.AbstractBeanFactory.doGetBean(AbstractBeanFactory.java:337) ~[spring-beans-6.2.10.jar:6.2.10]
	at org.springframework.beans.factory.support.AbstractBeanFactory.getBean(AbstractBeanFactory.java:202) ~[spring-beans-6.2.10.jar:6.2.10]
	at org.springframework.beans.factory.support.DefaultListableBeanFactory.instantiateSingleton(DefaultListableBeanFactory.java:1222) ~[spring-beans-6.2.10.jar:6.2.10]
	at org.springframework.beans.factory.support.DefaultListableBeanFactory.preInstantiateSingleton(DefaultListableBeanFactory.java:1188) ~[spring-beans-6.2.10.jar:6.2.10]
	at org.springframework.beans.factory.support.DefaultListableBeanFactory.preInstantiateSingletons(DefaultListableBeanFactory.java:1123) ~[spring-beans-6.2.10.jar:6.2.10]
	at org.springframework.context.support.AbstractApplicationContext.finishBeanFactoryInitialization(AbstractApplicationContext.java:987) ~[spring-context-6.2.10.jar:6.2.10]
	at org.springframework.context.support.AbstractApplicationContext.refresh(AbstractApplicationContext.java:627) ~[spring-context-6.2.10.jar:6.2.10]
	at org.springframework.boot.web.servlet.context.ServletWebServerApplicationContext.refresh(ServletWebServerApplicationContext.java:146) ~[spring-boot-3.5.5.jar:3.5.5]
	at org.springframework.boot.SpringApplication.refresh(SpringApplication.java:752) [spring-boot-3.5.5.jar:3.5.5]
	at org.springframework.boot.SpringApplication.refreshContext(SpringApplication.java:439) [spring-boot-3.5.5.jar:3.5.5]
	at org.springframework.boot.SpringApplication.run(SpringApplication.java:318) [spring-boot-3.5.5.jar:3.5.5]
	at org.springframework.boot.SpringApplication.run(SpringApplication.java:1361) [spring-boot-3.5.5.jar:3.5.5]
	at org.springframework.boot.SpringApplication.run(SpringApplication.java:1350) [spring-boot-3.5.5.jar:3.5.5]
	at com.opview.summary.SummaryDataApplication.main(SummaryDataApplication.java:13) [classes/:?]
	at java.base/jdk.internal.reflect.NativeMethodAccessorImpl.invoke0(Native Method) ~[?:?]
	at java.base/jdk.internal.reflect.NativeMethodAccessorImpl.invoke(NativeMethodAccessorImpl.java:77) ~[?:?]
	at java.base/jdk.internal.reflect.DelegatingMethodAccessorImpl.invoke(DelegatingMethodAccessorImpl.java:43) ~[?:?]
	at java.base/java.lang.reflect.Method.invoke(Method.java:568) ~[?:?]
	at org.springframework.boot.devtools.restart.RestartLauncher.run(RestartLauncher.java:50) [spring-boot-devtools-3.5.5.jar:3.5.5]
Caused by: org.springframework.beans.factory.BeanCreationException: Error creating bean with name 'geminiService' defined in file [C:\Tim\summary-data\target\classes\com\opview\summary\service\GeminiService.class]: Failed to instantiate [com.opview.summary.service.GeminiService]: Constructor threw exception
	at org.springframework.beans.factory.support.ConstructorResolver.instantiate(ConstructorResolver.java:321) ~[spring-beans-6.2.10.jar:6.2.10]
	at org.springframework.beans.factory.support.ConstructorResolver.autowireConstructor(ConstructorResolver.java:309) ~[spring-beans-6.2.10.jar:6.2.10]
	at org.springframework.beans.factory.support.AbstractAutowireCapableBeanFactory.autowireConstructor(AbstractAutowireCapableBeanFactory.java:1395) ~[spring-beans-6.2.10.jar:6.2.10]
	at org.springframework.beans.factory.support.AbstractAutowireCapableBeanFactory.createBeanInstance(AbstractAutowireCapableBeanFactory.java:1232) ~[spring-beans-6.2.10.jar:6.2.10]
	at org.springframework.beans.factory.support.AbstractAutowireCapableBeanFactory.doCreateBean(AbstractAutowireCapableBeanFactory.java:569) ~[spring-beans-6.2.10.jar:6.2.10]
	at org.springframework.beans.factory.support.AbstractAutowireCapableBeanFactory.createBean(AbstractAutowireCapableBeanFactory.java:529) ~[spring-beans-6.2.10.jar:6.2.10]
	at org.springframework.beans.factory.support.AbstractBeanFactory.lambda$doGetBean$0(AbstractBeanFactory.java:339) ~[spring-beans-6.2.10.jar:6.2.10]
	at org.springframework.beans.factory.support.DefaultSingletonBeanRegistry.getSingleton(DefaultSingletonBeanRegistry.java:373) ~[spring-beans-6.2.10.jar:6.2.10]
	at org.springframework.beans.factory.support.AbstractBeanFactory.doGetBean(AbstractBeanFactory.java:337) ~[spring-beans-6.2.10.jar:6.2.10]
	at org.springframework.beans.factory.support.AbstractBeanFactory.getBean(AbstractBeanFactory.java:202) ~[spring-beans-6.2.10.jar:6.2.10]
	at org.springframework.beans.factory.support.DefaultListableBeanFactory.doResolveDependency(DefaultListableBeanFactory.java:1690) ~[spring-beans-6.2.10.jar:6.2.10]
	at org.springframework.beans.factory.support.DefaultListableBeanFactory.resolveDependency(DefaultListableBeanFactory.java:1635) ~[spring-beans-6.2.10.jar:6.2.10]
	at org.springframework.beans.factory.support.ConstructorResolver.resolveAutowiredArgument(ConstructorResolver.java:913) ~[spring-beans-6.2.10.jar:6.2.10]
	at org.springframework.beans.factory.support.ConstructorResolver.createArgumentArray(ConstructorResolver.java:791) ~[spring-beans-6.2.10.jar:6.2.10]
	... 26 more
Caused by: org.springframework.beans.BeanInstantiationException: Failed to instantiate [com.opview.summary.service.GeminiService]: Constructor threw exception
	at org.springframework.beans.BeanUtils.instantiateClass(BeanUtils.java:223) ~[spring-beans-6.2.10.jar:6.2.10]
	at org.springframework.beans.factory.support.SimpleInstantiationStrategy.instantiate(SimpleInstantiationStrategy.java:146) ~[spring-beans-6.2.10.jar:6.2.10]
	at org.springframework.beans.factory.support.ConstructorResolver.instantiate(ConstructorResolver.java:318) ~[spring-beans-6.2.10.jar:6.2.10]
	at org.springframework.beans.factory.support.ConstructorResolver.autowireConstructor(ConstructorResolver.java:309) ~[spring-beans-6.2.10.jar:6.2.10]
	at org.springframework.beans.factory.support.AbstractAutowireCapableBeanFactory.autowireConstructor(AbstractAutowireCapableBeanFactory.java:1395) ~[spring-beans-6.2.10.jar:6.2.10]
	at org.springframework.beans.factory.support.AbstractAutowireCapableBeanFactory.createBeanInstance(AbstractAutowireCapableBeanFactory.java:1232) ~[spring-beans-6.2.10.jar:6.2.10]
	at org.springframework.beans.factory.support.AbstractAutowireCapableBeanFactory.doCreateBean(AbstractAutowireCapableBeanFactory.java:569) ~[spring-beans-6.2.10.jar:6.2.10]
	at org.springframework.beans.factory.support.AbstractAutowireCapableBeanFactory.createBean(AbstractAutowireCapableBeanFactory.java:529) ~[spring-beans-6.2.10.jar:6.2.10]
	at org.springframework.beans.factory.support.AbstractBeanFactory.lambda$doGetBean$0(AbstractBeanFactory.java:339) ~[spring-beans-6.2.10.jar:6.2.10]
	at org.springframework.beans.factory.support.DefaultSingletonBeanRegistry.getSingleton(DefaultSingletonBeanRegistry.java:373) ~[spring-beans-6.2.10.jar:6.2.10]
	at org.springframework.beans.factory.support.AbstractBeanFactory.doGetBean(AbstractBeanFactory.java:337) ~[spring-beans-6.2.10.jar:6.2.10]
	at org.springframework.beans.factory.support.AbstractBeanFactory.getBean(AbstractBeanFactory.java:202) ~[spring-beans-6.2.10.jar:6.2.10]
	at org.springframework.beans.factory.support.DefaultListableBeanFactory.doResolveDependency(DefaultListableBeanFactory.java:1690) ~[spring-beans-6.2.10.jar:6.2.10]
	at org.springframework.beans.factory.support.DefaultListableBeanFactory.resolveDependency(DefaultListableBeanFactory.java:1635) ~[spring-beans-6.2.10.jar:6.2.10]
	at org.springframework.beans.factory.support.ConstructorResolver.resolveAutowiredArgument(ConstructorResolver.java:913) ~[spring-beans-6.2.10.jar:6.2.10]
	at org.springframework.beans.factory.support.ConstructorResolver.createArgumentArray(ConstructorResolver.java:791) ~[spring-beans-6.2.10.jar:6.2.10]
	... 26 more
Caused by: java.lang.IllegalArgumentException: API key must either be provided or set in the environment variable GOOGLE_API_KEY.
	at com.google.genai.ApiClient.<init>(ApiClient.java:56) ~[google-genai-1.0.0.jar:1.0.0]
	at com.google.genai.HttpApiClient.<init>(HttpApiClient.java:42) ~[google-genai-1.0.0.jar:1.0.0]
	at com.google.genai.Client.<init>(Client.java:273) ~[google-genai-1.0.0.jar:1.0.0]
	at com.google.genai.Client.<init>(Client.java:171) ~[google-genai-1.0.0.jar:1.0.0]
	at com.opview.summary.service.GeminiService.<init>(GeminiService.java:21) ~[classes/:?]
	at java.base/jdk.internal.reflect.NativeConstructorAccessorImpl.newInstance0(Native Method) ~[?:?]
	at java.base/jdk.internal.reflect.NativeConstructorAccessorImpl.newInstance(NativeConstructorAccessorImpl.java:77) ~[?:?]
	at java.base/jdk.internal.reflect.DelegatingConstructorAccessorImpl.newInstance(DelegatingConstructorAccessorImpl.java:45) ~[?:?]
	at java.base/java.lang.reflect.Constructor.newInstanceWithCaller(Constructor.java:499) ~[?:?]
	at java.base/java.lang.reflect.Constructor.newInstance(Constructor.java:480) ~[?:?]
	at org.springframework.beans.BeanUtils.instantiateClass(BeanUtils.java:210) ~[spring-beans-6.2.10.jar:6.2.10]
	at org.springframework.beans.factory.support.SimpleInstantiationStrategy.instantiate(SimpleInstantiationStrategy.java:146) ~[spring-beans-6.2.10.jar:6.2.10]
	at org.springframework.beans.factory.support.ConstructorResolver.instantiate(ConstructorResolver.java:318) ~[spring-beans-6.2.10.jar:6.2.10]
	at org.springframework.beans.factory.support.ConstructorResolver.autowireConstructor(ConstructorResolver.java:309) ~[spring-beans-6.2.10.jar:6.2.10]
	at org.springframework.beans.factory.support.AbstractAutowireCapableBeanFactory.autowireConstructor(AbstractAutowireCapableBeanFactory.java:1395) ~[spring-beans-6.2.10.jar:6.2.10]
	at org.springframework.beans.factory.support.AbstractAutowireCapableBeanFactory.createBeanInstance(AbstractAutowireCapableBeanFactory.java:1232) ~[spring-beans-6.2.10.jar:6.2.10]
	at org.springframework.beans.factory.support.AbstractAutowireCapableBeanFactory.doCreateBean(AbstractAutowireCapableBeanFactory.java:569) ~[spring-beans-6.2.10.jar:6.2.10]
	at org.springframework.beans.factory.support.AbstractAutowireCapableBeanFactory.createBean(AbstractAutowireCapableBeanFactory.java:529) ~[spring-beans-6.2.10.jar:6.2.10]
	at org.springframework.beans.factory.support.AbstractBeanFactory.lambda$doGetBean$0(AbstractBeanFactory.java:339) ~[spring-beans-6.2.10.jar:6.2.10]
	at org.springframework.beans.factory.support.DefaultSingletonBeanRegistry.getSingleton(DefaultSingletonBeanRegistry.java:373) ~[spring-beans-6.2.10.jar:6.2.10]
	at org.springframework.beans.factory.support.AbstractBeanFactory.doGetBean(AbstractBeanFactory.java:337) ~[spring-beans-6.2.10.jar:6.2.10]
	at org.springframework.beans.factory.support.AbstractBeanFactory.getBean(AbstractBeanFactory.java:202) ~[spring-beans-6.2.10.jar:6.2.10]
	at org.springframework.beans.factory.support.DefaultListableBeanFactory.doResolveDependency(DefaultListableBeanFactory.java:1690) ~[spring-beans-6.2.10.jar:6.2.10]
	at org.springframework.beans.factory.support.DefaultListableBeanFactory.resolveDependency(DefaultListableBeanFactory.java:1635) ~[spring-beans-6.2.10.jar:6.2.10]
	at org.springframework.beans.factory.support.ConstructorResolver.resolveAutowiredArgument(ConstructorResolver.java:913) ~[spring-beans-6.2.10.jar:6.2.10]
	at org.springframework.beans.factory.support.ConstructorResolver.createArgumentArray(ConstructorResolver.java:791) ~[spring-beans-6.2.10.jar:6.2.10]
	... 26 more
Caused by: java.lang.NullPointerException
	at java.base/java.util.Objects.requireNonNull(Objects.java:208) ~[?:?]
	at java.base/java.util.Optional.of(Optional.java:113) ~[?:?]
	at com.google.genai.ApiClient.<init>(ApiClient.java:54) ~[google-genai-1.0.0.jar:1.0.0]
	at com.google.genai.HttpApiClient.<init>(HttpApiClient.java:42) ~[google-genai-1.0.0.jar:1.0.0]
	at com.google.genai.Client.<init>(Client.java:273) ~[google-genai-1.0.0.jar:1.0.0]
	at com.google.genai.Client.<init>(Client.java:171) ~[google-genai-1.0.0.jar:1.0.0]
	at com.opview.summary.service.GeminiService.<init>(GeminiService.java:21) ~[classes/:?]
	at java.base/jdk.internal.reflect.NativeConstructorAccessorImpl.newInstance0(Native Method) ~[?:?]
	at java.base/jdk.internal.reflect.NativeConstructorAccessorImpl.newInstance(NativeConstructorAccessorImpl.java:77) ~[?:?]
	at java.base/jdk.internal.reflect.DelegatingConstructorAccessorImpl.newInstance(DelegatingConstructorAccessorImpl.java:45) ~[?:?]
	at java.base/java.lang.reflect.Constructor.newInstanceWithCaller(Constructor.java:499) ~[?:?]
	at java.base/java.lang.reflect.Constructor.newInstance(Constructor.java:480) ~[?:?]
	at org.springframework.beans.BeanUtils.instantiateClass(BeanUtils.java:210) ~[spring-beans-6.2.10.jar:6.2.10]
	at org.springframework.beans.factory.support.SimpleInstantiationStrategy.instantiate(SimpleInstantiationStrategy.java:146) ~[spring-beans-6.2.10.jar:6.2.10]
	at org.springframework.beans.factory.support.ConstructorResolver.instantiate(ConstructorResolver.java:318) ~[spring-beans-6.2.10.jar:6.2.10]
	at org.springframework.beans.factory.support.ConstructorResolver.autowireConstructor(ConstructorResolver.java:309) ~[spring-beans-6.2.10.jar:6.2.10]
	at org.springframework.beans.factory.support.AbstractAutowireCapableBeanFactory.autowireConstructor(AbstractAutowireCapableBeanFactory.java:1395) ~[spring-beans-6.2.10.jar:6.2.10]
	at org.springframework.beans.factory.support.AbstractAutowireCapableBeanFactory.createBeanInstance(AbstractAutowireCapableBeanFactory.java:1232) ~[spring-beans-6.2.10.jar:6.2.10]
	at org.springframework.beans.factory.support.AbstractAutowireCapableBeanFactory.doCreateBean(AbstractAutowireCapableBeanFactory.java:569) ~[spring-beans-6.2.10.jar:6.2.10]
	at org.springframework.beans.factory.support.AbstractAutowireCapableBeanFactory.createBean(AbstractAutowireCapableBeanFactory.java:529) ~[spring-beans-6.2.10.jar:6.2.10]
	at org.springframework.beans.factory.support.AbstractBeanFactory.lambda$doGetBean$0(AbstractBeanFactory.java:339) ~[spring-beans-6.2.10.jar:6.2.10]
	at org.springframework.beans.factory.support.DefaultSingletonBeanRegistry.getSingleton(DefaultSingletonBeanRegistry.java:373) ~[spring-beans-6.2.10.jar:6.2.10]
	at org.springframework.beans.factory.support.AbstractBeanFactory.doGetBean(AbstractBeanFactory.java:337) ~[spring-beans-6.2.10.jar:6.2.10]
	at org.springframework.beans.factory.support.AbstractBeanFactory.getBean(AbstractBeanFactory.java:202) ~[spring-beans-6.2.10.jar:6.2.10]
	at org.springframework.beans.factory.support.DefaultListableBeanFactory.doResolveDependency(DefaultListableBeanFactory.java:1690) ~[spring-beans-6.2.10.jar:6.2.10]
	at org.springframework.beans.factory.support.DefaultListableBeanFactory.resolveDependency(DefaultListableBeanFactory.java:1635) ~[spring-beans-6.2.10.jar:6.2.10]
	at org.springframework.beans.factory.support.ConstructorResolver.resolveAutowiredArgument(ConstructorResolver.java:913) ~[spring-beans-6.2.10.jar:6.2.10]
	at org.springframework.beans.factory.support.ConstructorResolver.createArgumentArray(ConstructorResolver.java:791) ~[spring-beans-6.2.10.jar:6.2.10]
	... 26 more
2026-02-02 10:44:27.282 [restartedMain] INFO  com.opview.summary.SummaryDataApplication - Starting SummaryDataApplication using Java 17.0.12 with PID 7600 (C:\Tim\summary-data\target\classes started by hp in C:\Tim\summary-data)
2026-02-02 10:44:27.311 [restartedMain] INFO  com.opview.summary.SummaryDataApplication - No active profile set, falling back to 1 default profile: "default"
2026-02-02 10:44:27.468 [restartedMain] INFO  org.springframework.boot.devtools.env.DevToolsPropertyDefaultsPostProcessor - Devtools property defaults active! Set 'spring.devtools.add-properties' to 'false' to disable
2026-02-02 10:44:27.470 [restartedMain] INFO  org.springframework.boot.devtools.env.DevToolsPropertyDefaultsPostProcessor - For additional web related logging consider setting the 'logging.level.web' property to 'DEBUG'
2026-02-02 10:44:29.089 [restartedMain] INFO  org.springframework.data.repository.config.RepositoryConfigurationDelegate - Bootstrapping Spring Data JDBC repositories in DEFAULT mode.
2026-02-02 10:44:29.255 [restartedMain] INFO  org.springframework.data.repository.config.RepositoryConfigurationDelegate - Finished Spring Data repository scanning in 148 ms. Found 1 JDBC repository interface.
2026-02-02 10:44:30.742 [restartedMain] INFO  org.springframework.boot.web.embedded.tomcat.TomcatWebServer - Tomcat initialized with port 8080 (http)
2026-02-02 10:44:30.777 [restartedMain] INFO  org.apache.coyote.http11.Http11NioProtocol - Initializing ProtocolHandler ["http-nio-8080"]
2026-02-02 10:44:30.790 [restartedMain] INFO  org.apache.catalina.core.StandardService - Starting service [Tomcat]
2026-02-02 10:44:30.791 [restartedMain] INFO  org.apache.catalina.core.StandardEngine - Starting Servlet engine: [Apache Tomcat/10.1.44]
2026-02-02 10:44:30.936 [restartedMain] INFO  org.apache.catalina.core.ContainerBase.[Tomcat].[localhost].[/] - Initializing Spring embedded WebApplicationContext
2026-02-02 10:44:30.940 [restartedMain] INFO  org.springframework.boot.web.servlet.context.ServletWebServerApplicationContext - Root WebApplicationContext: initialization completed in 3465 ms
2026-02-02 10:44:32.185 [restartedMain] INFO  com.zaxxer.hikari.HikariDataSource - HikariPool-1 - Starting...
2026-02-02 10:44:32.905 [restartedMain] INFO  com.zaxxer.hikari.pool.HikariPool - HikariPool-1 - Added connection com.mysql.cj.jdbc.ConnectionImpl@294dc75c
2026-02-02 10:44:32.909 [restartedMain] INFO  com.zaxxer.hikari.HikariDataSource - HikariPool-1 - Start completed.
2026-02-02 10:44:33.358 [restartedMain] INFO  org.springframework.boot.devtools.autoconfigure.OptionalLiveReloadServer - LiveReload server is running on port 35729
2026-02-02 10:44:33.724 [restartedMain] WARN  org.springframework.boot.web.servlet.context.AnnotationConfigServletWebServerApplicationContext - Exception encountered during context initialization - cancelling refresh attempt: org.springframework.beans.factory.UnsatisfiedDependencyException: Error creating bean with name 'taskController' defined in file [C:\Tim\summary-data\target\classes\com\opview\summary\controller\TaskController.class]: Unsatisfied dependency expressed through constructor parameter 0: Error creating bean with name 'dailyTaskScheduler' defined in file [C:\Tim\summary-data\target\classes\com\opview\summary\scheduler\DailyTaskScheduler.class]: Encountered invalid @Scheduled method 'runDailyTask': Could not resolve placeholder 'opview.api.cronExpression' in value "${opview.api.cronExpression}"
2026-02-02 10:44:33.726 [restartedMain] INFO  com.zaxxer.hikari.HikariDataSource - HikariPool-1 - Shutdown initiated...
2026-02-02 10:44:33.767 [restartedMain] INFO  com.zaxxer.hikari.HikariDataSource - HikariPool-1 - Shutdown completed.
2026-02-02 10:44:33.773 [restartedMain] INFO  org.apache.catalina.core.StandardService - Stopping service [Tomcat]
2026-02-02 10:44:33.826 [restartedMain] INFO  org.springframework.boot.autoconfigure.logging.ConditionEvaluationReportLogger - 

Error starting ApplicationContext. To display the condition evaluation report re-run your application with 'debug' enabled.
2026-02-02 10:44:33.876 [restartedMain] ERROR org.springframework.boot.SpringApplication - Application run failed
org.springframework.beans.factory.UnsatisfiedDependencyException: Error creating bean with name 'taskController' defined in file [C:\Tim\summary-data\target\classes\com\opview\summary\controller\TaskController.class]: Unsatisfied dependency expressed through constructor parameter 0: Error creating bean with name 'dailyTaskScheduler' defined in file [C:\Tim\summary-data\target\classes\com\opview\summary\scheduler\DailyTaskScheduler.class]: Encountered invalid @Scheduled method 'runDailyTask': Could not resolve placeholder 'opview.api.cronExpression' in value "${opview.api.cronExpression}"
	at org.springframework.beans.factory.support.ConstructorResolver.createArgumentArray(ConstructorResolver.java:804) ~[spring-beans-6.2.10.jar:6.2.10]
	at org.springframework.beans.factory.support.ConstructorResolver.autowireConstructor(ConstructorResolver.java:240) ~[spring-beans-6.2.10.jar:6.2.10]
	at org.springframework.beans.factory.support.AbstractAutowireCapableBeanFactory.autowireConstructor(AbstractAutowireCapableBeanFactory.java:1395) ~[spring-beans-6.2.10.jar:6.2.10]
	at org.springframework.beans.factory.support.AbstractAutowireCapableBeanFactory.createBeanInstance(AbstractAutowireCapableBeanFactory.java:1232) ~[spring-beans-6.2.10.jar:6.2.10]
	at org.springframework.beans.factory.support.AbstractAutowireCapableBeanFactory.doCreateBean(AbstractAutowireCapableBeanFactory.java:569) ~[spring-beans-6.2.10.jar:6.2.10]
	at org.springframework.beans.factory.support.AbstractAutowireCapableBeanFactory.createBean(AbstractAutowireCapableBeanFactory.java:529) ~[spring-beans-6.2.10.jar:6.2.10]
	at org.springframework.beans.factory.support.AbstractBeanFactory.lambda$doGetBean$0(AbstractBeanFactory.java:339) ~[spring-beans-6.2.10.jar:6.2.10]
	at org.springframework.beans.factory.support.DefaultSingletonBeanRegistry.getSingleton(DefaultSingletonBeanRegistry.java:373) ~[spring-beans-6.2.10.jar:6.2.10]
	at org.springframework.beans.factory.support.AbstractBeanFactory.doGetBean(AbstractBeanFactory.java:337) ~[spring-beans-6.2.10.jar:6.2.10]
	at org.springframework.beans.factory.support.AbstractBeanFactory.getBean(AbstractBeanFactory.java:202) ~[spring-beans-6.2.10.jar:6.2.10]
	at org.springframework.beans.factory.support.DefaultListableBeanFactory.instantiateSingleton(DefaultListableBeanFactory.java:1222) ~[spring-beans-6.2.10.jar:6.2.10]
	at org.springframework.beans.factory.support.DefaultListableBeanFactory.preInstantiateSingleton(DefaultListableBeanFactory.java:1188) ~[spring-beans-6.2.10.jar:6.2.10]
	at org.springframework.beans.factory.support.DefaultListableBeanFactory.preInstantiateSingletons(DefaultListableBeanFactory.java:1123) ~[spring-beans-6.2.10.jar:6.2.10]
	at org.springframework.context.support.AbstractApplicationContext.finishBeanFactoryInitialization(AbstractApplicationContext.java:987) ~[spring-context-6.2.10.jar:6.2.10]
	at org.springframework.context.support.AbstractApplicationContext.refresh(AbstractApplicationContext.java:627) ~[spring-context-6.2.10.jar:6.2.10]
	at org.springframework.boot.web.servlet.context.ServletWebServerApplicationContext.refresh(ServletWebServerApplicationContext.java:146) ~[spring-boot-3.5.5.jar:3.5.5]
	at org.springframework.boot.SpringApplication.refresh(SpringApplication.java:752) [spring-boot-3.5.5.jar:3.5.5]
	at org.springframework.boot.SpringApplication.refreshContext(SpringApplication.java:439) [spring-boot-3.5.5.jar:3.5.5]
	at org.springframework.boot.SpringApplication.run(SpringApplication.java:318) [spring-boot-3.5.5.jar:3.5.5]
	at org.springframework.boot.SpringApplication.run(SpringApplication.java:1361) [spring-boot-3.5.5.jar:3.5.5]
	at org.springframework.boot.SpringApplication.run(SpringApplication.java:1350) [spring-boot-3.5.5.jar:3.5.5]
	at com.opview.summary.SummaryDataApplication.main(SummaryDataApplication.java:13) [classes/:?]
	at java.base/jdk.internal.reflect.NativeMethodAccessorImpl.invoke0(Native Method) ~[?:?]
	at java.base/jdk.internal.reflect.NativeMethodAccessorImpl.invoke(NativeMethodAccessorImpl.java:77) ~[?:?]
	at java.base/jdk.internal.reflect.DelegatingMethodAccessorImpl.invoke(DelegatingMethodAccessorImpl.java:43) ~[?:?]
	at java.base/java.lang.reflect.Method.invoke(Method.java:568) ~[?:?]
	at org.springframework.boot.devtools.restart.RestartLauncher.run(RestartLauncher.java:50) [spring-boot-devtools-3.5.5.jar:3.5.5]
Caused by: org.springframework.beans.factory.BeanCreationException: Error creating bean with name 'dailyTaskScheduler' defined in file [C:\Tim\summary-data\target\classes\com\opview\summary\scheduler\DailyTaskScheduler.class]: Encountered invalid @Scheduled method 'runDailyTask': Could not resolve placeholder 'opview.api.cronExpression' in value "${opview.api.cronExpression}"
	at org.springframework.beans.factory.support.AbstractAutowireCapableBeanFactory.doCreateBean(AbstractAutowireCapableBeanFactory.java:614) ~[spring-beans-6.2.10.jar:6.2.10]
	at org.springframework.beans.factory.support.AbstractAutowireCapableBeanFactory.createBean(AbstractAutowireCapableBeanFactory.java:529) ~[spring-beans-6.2.10.jar:6.2.10]
	at org.springframework.beans.factory.support.AbstractBeanFactory.lambda$doGetBean$0(AbstractBeanFactory.java:339) ~[spring-beans-6.2.10.jar:6.2.10]
	at org.springframework.beans.factory.support.DefaultSingletonBeanRegistry.getSingleton(DefaultSingletonBeanRegistry.java:373) ~[spring-beans-6.2.10.jar:6.2.10]
	at org.springframework.beans.factory.support.AbstractBeanFactory.doGetBean(AbstractBeanFactory.java:337) ~[spring-beans-6.2.10.jar:6.2.10]
	at org.springframework.beans.factory.support.AbstractBeanFactory.getBean(AbstractBeanFactory.java:202) ~[spring-beans-6.2.10.jar:6.2.10]
	at org.springframework.beans.factory.support.DefaultListableBeanFactory.doResolveDependency(DefaultListableBeanFactory.java:1690) ~[spring-beans-6.2.10.jar:6.2.10]
	at org.springframework.beans.factory.support.DefaultListableBeanFactory.resolveDependency(DefaultListableBeanFactory.java:1635) ~[spring-beans-6.2.10.jar:6.2.10]
	at org.springframework.beans.factory.support.ConstructorResolver.resolveAutowiredArgument(ConstructorResolver.java:913) ~[spring-beans-6.2.10.jar:6.2.10]
	at org.springframework.beans.factory.support.ConstructorResolver.createArgumentArray(ConstructorResolver.java:791) ~[spring-beans-6.2.10.jar:6.2.10]
	... 26 more
Caused by: java.lang.IllegalStateException: Encountered invalid @Scheduled method 'runDailyTask': Could not resolve placeholder 'opview.api.cronExpression' in value "${opview.api.cronExpression}"
	at org.springframework.scheduling.annotation.ScheduledAnnotationBeanPostProcessor.processScheduledTask(ScheduledAnnotationBeanPostProcessor.java:525) ~[spring-context-6.2.10.jar:6.2.10]
	at org.springframework.scheduling.annotation.ScheduledAnnotationBeanPostProcessor.processScheduledSync(ScheduledAnnotationBeanPostProcessor.java:364) ~[spring-context-6.2.10.jar:6.2.10]
	at org.springframework.scheduling.annotation.ScheduledAnnotationBeanPostProcessor.processScheduled(ScheduledAnnotationBeanPostProcessor.java:343) ~[spring-context-6.2.10.jar:6.2.10]
	at org.springframework.scheduling.annotation.ScheduledAnnotationBeanPostProcessor.lambda$postProcessAfterInitialization$1(ScheduledAnnotationBeanPostProcessor.java:308) ~[spring-context-6.2.10.jar:6.2.10]
	at java.base/java.lang.Iterable.forEach(Iterable.java:75) ~[?:?]
	at org.springframework.scheduling.annotation.ScheduledAnnotationBeanPostProcessor.lambda$postProcessAfterInitialization$2(ScheduledAnnotationBeanPostProcessor.java:308) ~[spring-context-6.2.10.jar:6.2.10]
	at java.base/java.util.LinkedHashMap.forEach(LinkedHashMap.java:721) ~[?:?]
	at org.springframework.scheduling.annotation.ScheduledAnnotationBeanPostProcessor.postProcessAfterInitialization(ScheduledAnnotationBeanPostProcessor.java:307) ~[spring-context-6.2.10.jar:6.2.10]
	at org.springframework.beans.factory.support.AbstractAutowireCapableBeanFactory.applyBeanPostProcessorsAfterInitialization(AbstractAutowireCapableBeanFactory.java:445) ~[spring-beans-6.2.10.jar:6.2.10]
	at org.springframework.beans.factory.support.AbstractAutowireCapableBeanFactory.initializeBean(AbstractAutowireCapableBeanFactory.java:1829) ~[spring-beans-6.2.10.jar:6.2.10]
	at org.springframework.beans.factory.support.AbstractAutowireCapableBeanFactory.doCreateBean(AbstractAutowireCapableBeanFactory.java:607) ~[spring-beans-6.2.10.jar:6.2.10]
	at org.springframework.beans.factory.support.AbstractAutowireCapableBeanFactory.createBean(AbstractAutowireCapableBeanFactory.java:529) ~[spring-beans-6.2.10.jar:6.2.10]
	at org.springframework.beans.factory.support.AbstractBeanFactory.lambda$doGetBean$0(AbstractBeanFactory.java:339) ~[spring-beans-6.2.10.jar:6.2.10]
	at org.springframework.beans.factory.support.DefaultSingletonBeanRegistry.getSingleton(DefaultSingletonBeanRegistry.java:373) ~[spring-beans-6.2.10.jar:6.2.10]
	at org.springframework.beans.factory.support.AbstractBeanFactory.doGetBean(AbstractBeanFactory.java:337) ~[spring-beans-6.2.10.jar:6.2.10]
	at org.springframework.beans.factory.support.AbstractBeanFactory.getBean(AbstractBeanFactory.java:202) ~[spring-beans-6.2.10.jar:6.2.10]
	at org.springframework.beans.factory.support.DefaultListableBeanFactory.doResolveDependency(DefaultListableBeanFactory.java:1690) ~[spring-beans-6.2.10.jar:6.2.10]
	at org.springframework.beans.factory.support.DefaultListableBeanFactory.resolveDependency(DefaultListableBeanFactory.java:1635) ~[spring-beans-6.2.10.jar:6.2.10]
	at org.springframework.beans.factory.support.ConstructorResolver.resolveAutowiredArgument(ConstructorResolver.java:913) ~[spring-beans-6.2.10.jar:6.2.10]
	at org.springframework.beans.factory.support.ConstructorResolver.createArgumentArray(ConstructorResolver.java:791) ~[spring-beans-6.2.10.jar:6.2.10]
	... 26 more
2026-02-02 10:49:15.411 [restartedMain] INFO  com.opview.summary.SummaryDataApplication - Starting SummaryDataApplication using Java 17.0.12 with PID 6408 (C:\Tim\summary-data\target\classes started by hp in C:\Tim\summary-data)
2026-02-02 10:49:15.444 [restartedMain] INFO  com.opview.summary.SummaryDataApplication - No active profile set, falling back to 1 default profile: "default"
2026-02-02 10:49:15.602 [restartedMain] INFO  org.springframework.boot.devtools.env.DevToolsPropertyDefaultsPostProcessor - Devtools property defaults active! Set 'spring.devtools.add-properties' to 'false' to disable
2026-02-02 10:49:15.604 [restartedMain] INFO  org.springframework.boot.devtools.env.DevToolsPropertyDefaultsPostProcessor - For additional web related logging consider setting the 'logging.level.web' property to 'DEBUG'
2026-02-02 10:49:19.199 [restartedMain] INFO  org.springframework.data.repository.config.RepositoryConfigurationDelegate - Bootstrapping Spring Data JDBC repositories in DEFAULT mode.
2026-02-02 10:49:19.313 [restartedMain] INFO  org.springframework.data.repository.config.RepositoryConfigurationDelegate - Finished Spring Data repository scanning in 95 ms. Found 1 JDBC repository interface.
2026-02-02 10:49:20.763 [restartedMain] INFO  org.springframework.boot.web.embedded.tomcat.TomcatWebServer - Tomcat initialized with port 8080 (http)
2026-02-02 10:49:20.811 [restartedMain] INFO  org.apache.coyote.http11.Http11NioProtocol - Initializing ProtocolHandler ["http-nio-8080"]
2026-02-02 10:49:20.821 [restartedMain] INFO  org.apache.catalina.core.StandardService - Starting service [Tomcat]
2026-02-02 10:49:20.823 [restartedMain] INFO  org.apache.catalina.core.StandardEngine - Starting Servlet engine: [Apache Tomcat/10.1.44]
2026-02-02 10:49:20.985 [restartedMain] INFO  org.apache.catalina.core.ContainerBase.[Tomcat].[localhost].[/] - Initializing Spring embedded WebApplicationContext
2026-02-02 10:49:20.989 [restartedMain] INFO  org.springframework.boot.web.servlet.context.ServletWebServerApplicationContext - Root WebApplicationContext: initialization completed in 5381 ms
2026-02-02 10:49:22.079 [restartedMain] INFO  com.zaxxer.hikari.HikariDataSource - HikariPool-1 - Starting...
2026-02-02 10:49:22.951 [restartedMain] INFO  com.zaxxer.hikari.pool.HikariPool - HikariPool-1 - Added connection com.mysql.cj.jdbc.ConnectionImpl@2a1a3279
2026-02-02 10:49:22.957 [restartedMain] INFO  com.zaxxer.hikari.HikariDataSource - HikariPool-1 - Start completed.
2026-02-02 10:49:23.425 [restartedMain] INFO  org.springframework.boot.devtools.autoconfigure.OptionalLiveReloadServer - LiveReload server is running on port 35729
2026-02-02 10:49:24.864 [restartedMain] INFO  org.apache.coyote.http11.Http11NioProtocol - Starting ProtocolHandler ["http-nio-8080"]
2026-02-02 10:49:24.935 [restartedMain] INFO  org.springframework.boot.web.embedded.tomcat.TomcatWebServer - Tomcat started on port 8080 (http) with context path '/'
2026-02-02 10:49:24.968 [restartedMain] INFO  com.opview.summary.SummaryDataApplication - Started SummaryDataApplication in 10.433 seconds (process running for 12.854)
2026-02-02 10:57:46.661 [http-nio-8080-exec-1] INFO  org.apache.catalina.core.ContainerBase.[Tomcat].[localhost].[/] - Initializing Spring DispatcherServlet 'dispatcherServlet'
2026-02-02 10:57:46.663 [http-nio-8080-exec-1] INFO  org.springframework.web.servlet.DispatcherServlet - Initializing Servlet 'dispatcherServlet'
2026-02-02 10:57:46.667 [http-nio-8080-exec-1] INFO  org.springframework.web.servlet.DispatcherServlet - Completed initialization in 3 ms
2026-02-02 10:57:46.865 [http-nio-8080-exec-1] INFO  com.opview.summary.scheduler.DailyTaskScheduler - �}�l������ȡA�ɶ��G2026-02-02T10:57:46.865192600
2026-02-02 11:00:44.684 [http-nio-8080-exec-9] INFO  com.opview.summary.scheduler.DailyTaskScheduler - �}�l������ȡA�ɶ��G2026-02-02T11:00:44.684605800
2026-02-02 11:03:14.051 [http-nio-8080-exec-8] INFO  com.opview.summary.scheduler.DailyTaskScheduler - �}�l������ȡA�ɶ��G2026-02-02T11:03:14.051033600
2026-02-02 11:03:14.130 [http-nio-8080-exec-8] INFO  com.opview.summary.service.DataProcessingService - �}�l�B�z�s�D��ơA���: 2026-02-01
2026-02-02 11:03:14.172 [http-nio-8080-exec-8] INFO  com.opview.summary.util.ApiClient - ���b�V NewsAPI �o�e�ШD: query=technology OR business -jobs, date=2026-02-01
2026-02-02 11:03:15.370 [http-nio-8080-exec-8] INFO  com.opview.summary.util.ApiClient - ���\���o 101 ���s�D���
2026-02-02 11:03:15.375 [http-nio-8080-exec-8] INFO  com.opview.summary.service.DataProcessingService - ���o 98 ����l�s�D���
2026-02-02 11:03:16.169 [http-nio-8080-exec-8] INFO  com.opview.summary.service.DataProcessingService - �s�D��ƳB�z�����C
2026-02-02 11:03:16.210 [http-nio-8080-exec-8] INFO  com.opview.summary.scheduler.DailyTaskScheduler - ���Ȱ��榨�\�A�ɶ��G2026-02-02T11:03:16.209913600
2026-02-02 11:09:39.950 [File Watcher] INFO  org.springframework.boot.devtools.autoconfigure.LocalDevToolsAutoConfiguration$RestartingClassPathChangeChangedEventListener - Restarting due to 1 class path change (0 additions, 0 deletions, 1 modification)
2026-02-02 11:09:39.964 [Thread-4] INFO  org.springframework.boot.web.embedded.tomcat.GracefulShutdown - Commencing graceful shutdown. Waiting for active requests to complete
2026-02-02 11:09:39.968 [tomcat-shutdown] INFO  org.apache.coyote.http11.Http11NioProtocol - Pausing ProtocolHandler ["http-nio-8080"]
2026-02-02 11:09:40.437 [tomcat-shutdown] INFO  org.springframework.boot.web.embedded.tomcat.GracefulShutdown - Graceful shutdown complete
2026-02-02 11:09:40.438 [Thread-4] INFO  org.apache.coyote.http11.Http11NioProtocol - Stopping ProtocolHandler ["http-nio-8080"]
2026-02-02 11:09:40.458 [Thread-4] INFO  com.zaxxer.hikari.HikariDataSource - HikariPool-1 - Shutdown initiated...
2026-02-02 11:09:40.502 [Thread-4] INFO  com.zaxxer.hikari.HikariDataSource - HikariPool-1 - Shutdown completed.
2026-02-02 11:09:40.751 [restartedMain] INFO  com.opview.summary.SummaryDataApplication - Starting SummaryDataApplication using Java 17.0.12 with PID 6408 (C:\Tim\summary-data\target\classes started by hp in C:\Tim\summary-data)
2026-02-02 11:09:40.754 [restartedMain] INFO  com.opview.summary.SummaryDataApplication - No active profile set, falling back to 1 default profile: "default"
2026-02-02 11:09:41.306 [restartedMain] INFO  org.springframework.data.repository.config.RepositoryConfigurationDelegate - Bootstrapping Spring Data JDBC repositories in DEFAULT mode.
2026-02-02 11:09:41.359 [restartedMain] INFO  org.springframework.data.repository.config.RepositoryConfigurationDelegate - Finished Spring Data repository scanning in 48 ms. Found 1 JDBC repository interface.
2026-02-02 11:09:41.590 [restartedMain] INFO  org.springframework.boot.web.embedded.tomcat.TomcatWebServer - Tomcat initialized with port 8080 (http)
2026-02-02 11:09:41.598 [restartedMain] INFO  org.apache.coyote.http11.Http11NioProtocol - Initializing ProtocolHandler ["http-nio-8080"]
2026-02-02 11:09:41.607 [restartedMain] INFO  org.apache.catalina.core.StandardService - Starting service [Tomcat]
2026-02-02 11:09:41.608 [restartedMain] INFO  org.apache.catalina.core.StandardEngine - Starting Servlet engine: [Apache Tomcat/10.1.44]
2026-02-02 11:09:41.680 [restartedMain] INFO  org.apache.catalina.core.ContainerBase.[Tomcat].[localhost].[/] - Initializing Spring embedded WebApplicationContext
2026-02-02 11:09:41.682 [restartedMain] INFO  org.springframework.boot.web.servlet.context.ServletWebServerApplicationContext - Root WebApplicationContext: initialization completed in 918 ms
2026-02-02 11:09:41.928 [restartedMain] INFO  com.zaxxer.hikari.HikariDataSource - HikariPool-2 - Starting...
2026-02-02 11:09:41.992 [restartedMain] INFO  com.zaxxer.hikari.pool.HikariPool - HikariPool-2 - Added connection com.mysql.cj.jdbc.ConnectionImpl@96a6cb8
2026-02-02 11:09:41.994 [restartedMain] INFO  com.zaxxer.hikari.HikariDataSource - HikariPool-2 - Start completed.
2026-02-02 11:09:42.072 [restartedMain] INFO  org.springframework.boot.devtools.autoconfigure.OptionalLiveReloadServer - LiveReload server is running on port 35729
2026-02-02 11:09:42.647 [restartedMain] INFO  org.apache.coyote.http11.Http11NioProtocol - Starting ProtocolHandler ["http-nio-8080"]
2026-02-02 11:09:42.657 [restartedMain] INFO  org.springframework.boot.web.embedded.tomcat.TomcatWebServer - Tomcat started on port 8080 (http) with context path '/'
2026-02-02 11:09:42.671 [restartedMain] INFO  com.opview.summary.SummaryDataApplication - Started SummaryDataApplication in 2.054 seconds (process running for 1230.557)
2026-02-02 11:09:42.713 [restartedMain] INFO  org.springframework.boot.devtools.autoconfigure.ConditionEvaluationDeltaLoggingListener - Condition evaluation unchanged
2026-02-02 11:10:50.230 [File Watcher] INFO  org.springframework.boot.devtools.autoconfigure.LocalDevToolsAutoConfiguration$RestartingClassPathChangeChangedEventListener - Restarting due to 1 class path change (0 additions, 0 deletions, 1 modification)
2026-02-02 11:10:50.247 [Thread-7] INFO  org.springframework.boot.web.embedded.tomcat.GracefulShutdown - Commencing graceful shutdown. Waiting for active requests to complete
2026-02-02 11:10:50.272 [tomcat-shutdown] INFO  org.apache.coyote.http11.Http11NioProtocol - Pausing ProtocolHandler ["http-nio-8080"]
2026-02-02 11:10:50.706 [tomcat-shutdown] INFO  org.springframework.boot.web.embedded.tomcat.GracefulShutdown - Graceful shutdown complete
2026-02-02 11:10:50.707 [Thread-7] INFO  org.apache.coyote.http11.Http11NioProtocol - Stopping ProtocolHandler ["http-nio-8080"]
2026-02-02 11:10:50.711 [Thread-7] INFO  com.zaxxer.hikari.HikariDataSource - HikariPool-2 - Shutdown initiated...
2026-02-02 11:10:50.729 [Thread-7] INFO  com.zaxxer.hikari.HikariDataSource - HikariPool-2 - Shutdown completed.
2026-02-02 11:10:50.905 [restartedMain] INFO  com.opview.summary.SummaryDataApplication - Starting SummaryDataApplication using Java 17.0.12 with PID 6408 (C:\Tim\summary-data\target\classes started by hp in C:\Tim\summary-data)
2026-02-02 11:10:50.910 [restartedMain] INFO  com.opview.summary.SummaryDataApplication - No active profile set, falling back to 1 default profile: "default"
2026-02-02 11:10:51.312 [restartedMain] INFO  org.springframework.data.repository.config.RepositoryConfigurationDelegate - Bootstrapping Spring Data JDBC repositories in DEFAULT mode.
2026-02-02 11:10:51.338 [restartedMain] INFO  org.springframework.data.repository.config.RepositoryConfigurationDelegate - Finished Spring Data repository scanning in 23 ms. Found 1 JDBC repository interface.
2026-02-02 11:10:51.560 [restartedMain] INFO  org.springframework.boot.web.embedded.tomcat.TomcatWebServer - Tomcat initialized with port 8080 (http)
2026-02-02 11:10:51.563 [restartedMain] INFO  org.apache.coyote.http11.Http11NioProtocol - Initializing ProtocolHandler ["http-nio-8080"]
2026-02-02 11:10:51.565 [restartedMain] INFO  org.apache.catalina.core.StandardService - Starting service [Tomcat]
2026-02-02 11:10:51.580 [restartedMain] INFO  org.apache.catalina.core.StandardEngine - Starting Servlet engine: [Apache Tomcat/10.1.44]
2026-02-02 11:10:51.642 [restartedMain] INFO  org.apache.catalina.core.ContainerBase.[Tomcat].[localhost].[/] - Initializing Spring embedded WebApplicationContext
2026-02-02 11:10:51.642 [restartedMain] INFO  org.springframework.boot.web.servlet.context.ServletWebServerApplicationContext - Root WebApplicationContext: initialization completed in 728 ms
2026-02-02 11:10:51.746 [restartedMain] INFO  com.zaxxer.hikari.HikariDataSource - HikariPool-3 - Starting...
2026-02-02 11:10:51.780 [restartedMain] INFO  com.zaxxer.hikari.pool.HikariPool - HikariPool-3 - Added connection com.mysql.cj.jdbc.ConnectionImpl@c135b
2026-02-02 11:10:51.785 [restartedMain] INFO  com.zaxxer.hikari.HikariDataSource - HikariPool-3 - Start completed.
2026-02-02 11:10:51.831 [restartedMain] INFO  org.springframework.boot.devtools.autoconfigure.OptionalLiveReloadServer - LiveReload server is running on port 35729
2026-02-02 11:10:52.129 [restartedMain] INFO  org.apache.coyote.http11.Http11NioProtocol - Starting ProtocolHandler ["http-nio-8080"]
2026-02-02 11:10:52.145 [restartedMain] INFO  org.springframework.boot.web.embedded.tomcat.TomcatWebServer - Tomcat started on port 8080 (http) with context path '/'
2026-02-02 11:10:52.208 [restartedMain] INFO  com.opview.summary.SummaryDataApplication - Started SummaryDataApplication in 1.386 seconds (process running for 1300.093)
2026-02-02 11:10:52.247 [restartedMain] INFO  org.springframework.boot.devtools.autoconfigure.ConditionEvaluationDeltaLoggingListener - Condition evaluation unchanged
2026-02-02 11:17:35.992 [http-nio-8080-exec-2] INFO  org.apache.catalina.core.ContainerBase.[Tomcat].[localhost].[/] - Initializing Spring DispatcherServlet 'dispatcherServlet'
2026-02-02 11:17:35.993 [http-nio-8080-exec-2] INFO  org.springframework.web.servlet.DispatcherServlet - Initializing Servlet 'dispatcherServlet'
2026-02-02 11:17:35.997 [http-nio-8080-exec-2] INFO  org.springframework.web.servlet.DispatcherServlet - Completed initialization in 4 ms
2026-02-02 11:17:36.006 [http-nio-8080-exec-2] INFO  com.opview.summary.scheduler.DailyTaskScheduler - �}�l������ȡA�ɶ��G2026-02-02T11:17:36.005287900
2026-02-02 11:17:36.211 [http-nio-8080-exec-2] INFO  com.opview.summary.service.DataProcessingService - �}�l�B�z�s�D��ơA���: 2026-02-01
2026-02-02 11:17:36.266 [http-nio-8080-exec-2] INFO  com.opview.summary.util.ApiClient - �o�e NewsAPI �ШD: query=technology OR business -jobs, lang=zh, size=25
2026-02-02 11:17:36.812 [http-nio-8080-exec-2] INFO  com.opview.summary.service.DataProcessingService - ���o 0 ����l�s�D���
2026-02-02 11:17:36.813 [http-nio-8080-exec-2] INFO  com.opview.summary.service.DataProcessingService - �s�D��ƳB�z�����C
2026-02-02 11:17:36.830 [http-nio-8080-exec-2] INFO  com.opview.summary.scheduler.DailyTaskScheduler - ���Ȱ��榨�\�A�ɶ��G2026-02-02T11:17:36.829954600
2026-02-02 11:30:57.632 [File Watcher] INFO  org.springframework.boot.devtools.autoconfigure.LocalDevToolsAutoConfiguration$RestartingClassPathChangeChangedEventListener - Restarting due to 3 class path changes (0 additions, 0 deletions, 3 modifications)
2026-02-02 11:30:57.638 [Thread-11] INFO  org.springframework.boot.web.embedded.tomcat.GracefulShutdown - Commencing graceful shutdown. Waiting for active requests to complete
2026-02-02 11:30:57.657 [tomcat-shutdown] INFO  org.apache.coyote.http11.Http11NioProtocol - Pausing ProtocolHandler ["http-nio-8080"]
2026-02-02 11:30:58.292 [tomcat-shutdown] INFO  org.springframework.boot.web.embedded.tomcat.GracefulShutdown - Graceful shutdown complete
2026-02-02 11:30:58.293 [Thread-11] INFO  org.apache.coyote.http11.Http11NioProtocol - Stopping ProtocolHandler ["http-nio-8080"]
2026-02-02 11:30:58.297 [Thread-11] INFO  com.zaxxer.hikari.HikariDataSource - HikariPool-3 - Shutdown initiated...
2026-02-02 11:30:58.321 [Thread-11] INFO  com.zaxxer.hikari.HikariDataSource - HikariPool-3 - Shutdown completed.
2026-02-02 11:30:58.523 [restartedMain] INFO  com.opview.summary.SummaryDataApplication - Starting SummaryDataApplication using Java 17.0.12 with PID 6408 (C:\Tim\summary-data\target\classes started by hp in C:\Tim\summary-data)
2026-02-02 11:30:58.547 [restartedMain] INFO  com.opview.summary.SummaryDataApplication - No active profile set, falling back to 1 default profile: "default"
2026-02-02 11:30:59.181 [restartedMain] INFO  org.springframework.data.repository.config.RepositoryConfigurationDelegate - Bootstrapping Spring Data JDBC repositories in DEFAULT mode.
2026-02-02 11:30:59.213 [restartedMain] INFO  org.springframework.data.repository.config.RepositoryConfigurationDelegate - Finished Spring Data repository scanning in 24 ms. Found 1 JDBC repository interface.
2026-02-02 11:30:59.572 [restartedMain] INFO  org.springframework.boot.web.embedded.tomcat.TomcatWebServer - Tomcat initialized with port 8080 (http)
2026-02-02 11:30:59.593 [restartedMain] INFO  org.apache.coyote.http11.Http11NioProtocol - Initializing ProtocolHandler ["http-nio-8080"]
2026-02-02 11:30:59.599 [restartedMain] INFO  org.apache.catalina.core.StandardService - Starting service [Tomcat]
2026-02-02 11:30:59.605 [restartedMain] INFO  org.apache.catalina.core.StandardEngine - Starting Servlet engine: [Apache Tomcat/10.1.44]
2026-02-02 11:30:59.655 [restartedMain] INFO  org.apache.catalina.core.ContainerBase.[Tomcat].[localhost].[/] - Initializing Spring embedded WebApplicationContext
2026-02-02 11:30:59.655 [restartedMain] INFO  org.springframework.boot.web.servlet.context.ServletWebServerApplicationContext - Root WebApplicationContext: initialization completed in 1074 ms
2026-02-02 11:30:59.877 [restartedMain] INFO  com.zaxxer.hikari.HikariDataSource - HikariPool-4 - Starting...
2026-02-02 11:30:59.911 [restartedMain] INFO  com.zaxxer.hikari.pool.HikariPool - HikariPool-4 - Added connection com.mysql.cj.jdbc.ConnectionImpl@25f8cad
2026-02-02 11:30:59.911 [restartedMain] INFO  com.zaxxer.hikari.HikariDataSource - HikariPool-4 - Start completed.
2026-02-02 11:30:59.942 [restartedMain] INFO  org.springframework.boot.devtools.autoconfigure.OptionalLiveReloadServer - LiveReload server is running on port 35729
2026-02-02 11:31:00.719 [restartedMain] INFO  org.apache.coyote.http11.Http11NioProtocol - Starting ProtocolHandler ["http-nio-8080"]
2026-02-02 11:31:00.735 [restartedMain] INFO  org.springframework.boot.web.embedded.tomcat.TomcatWebServer - Tomcat started on port 8080 (http) with context path '/'
2026-02-02 11:31:00.756 [restartedMain] INFO  com.opview.summary.SummaryDataApplication - Started SummaryDataApplication in 2.335 seconds (process running for 2508.642)
2026-02-02 11:31:00.759 [restartedMain] INFO  org.springframework.boot.devtools.autoconfigure.ConditionEvaluationDeltaLoggingListener - Condition evaluation unchanged
2026-02-02 11:31:11.897 [http-nio-8080-exec-1] INFO  org.apache.catalina.core.ContainerBase.[Tomcat].[localhost].[/] - Initializing Spring DispatcherServlet 'dispatcherServlet'
2026-02-02 11:31:11.900 [http-nio-8080-exec-1] INFO  org.springframework.web.servlet.DispatcherServlet - Initializing Servlet 'dispatcherServlet'
2026-02-02 11:31:11.907 [http-nio-8080-exec-1] INFO  org.springframework.web.servlet.DispatcherServlet - Completed initialization in 5 ms
2026-02-02 11:31:11.964 [http-nio-8080-exec-1] INFO  com.opview.summary.scheduler.DailyTaskScheduler - �}�l������ȡA�ɶ��G2026-02-02T11:31:11.963848400
2026-02-02 11:31:12.031 [http-nio-8080-exec-1] INFO  com.opview.summary.service.DataProcessingService - �}�l�B�z�s�D��ơA���: 2026-02-01
2026-02-02 11:31:12.036 [http-nio-8080-exec-1] INFO  com.opview.summary.util.ApiClient - �o�e NewsAPI �ШD: query=?��???? OR ?????? OR AI, lang=zh, size=25, sort=popularity
2026-02-02 11:31:12.264 [http-nio-8080-exec-1] ERROR com.opview.summary.util.ApiClient - HTTP ���~: 400 BAD_REQUEST - Bad Request
2026-02-02 11:31:12.268 [http-nio-8080-exec-1] WARN  com.opview.summary.service.DataProcessingService - �����o����s�D��ơC
2026-02-02 11:31:12.277 [http-nio-8080-exec-1] INFO  com.opview.summary.scheduler.DailyTaskScheduler - ���Ȱ��榨�\�A�ɶ��G2026-02-02T11:31:12.277545600
2026-02-02 11:41:00.637 [File Watcher] INFO  org.springframework.boot.devtools.autoconfigure.LocalDevToolsAutoConfiguration$RestartingClassPathChangeChangedEventListener - Restarting due to 3 class path changes (0 additions, 0 deletions, 3 modifications)
2026-02-02 11:41:00.642 [Thread-15] INFO  org.springframework.boot.web.embedded.tomcat.GracefulShutdown - Commencing graceful shutdown. Waiting for active requests to complete
2026-02-02 11:41:00.740 [tomcat-shutdown] INFO  org.apache.coyote.http11.Http11NioProtocol - Pausing ProtocolHandler ["http-nio-8080"]
2026-02-02 11:41:01.693 [tomcat-shutdown] INFO  org.springframework.boot.web.embedded.tomcat.GracefulShutdown - Graceful shutdown complete
2026-02-02 11:41:01.706 [Thread-15] INFO  org.apache.coyote.http11.Http11NioProtocol - Stopping ProtocolHandler ["http-nio-8080"]
2026-02-02 11:41:01.714 [Thread-15] INFO  com.zaxxer.hikari.HikariDataSource - HikariPool-4 - Shutdown initiated...
2026-02-02 11:41:01.757 [Thread-15] INFO  com.zaxxer.hikari.HikariDataSource - HikariPool-4 - Shutdown completed.
2026-02-02 11:41:02.130 [restartedMain] INFO  com.opview.summary.SummaryDataApplication - Starting SummaryDataApplication using Java 17.0.12 with PID 6408 (C:\Tim\summary-data\target\classes started by hp in C:\Tim\summary-data)
2026-02-02 11:41:02.136 [restartedMain] INFO  com.opview.summary.SummaryDataApplication - No active profile set, falling back to 1 default profile: "default"
2026-02-02 11:41:04.861 [restartedMain] INFO  org.springframework.data.repository.config.RepositoryConfigurationDelegate - Bootstrapping Spring Data JDBC repositories in DEFAULT mode.
2026-02-02 11:41:05.113 [restartedMain] INFO  org.springframework.data.repository.config.RepositoryConfigurationDelegate - Finished Spring Data repository scanning in 117 ms. Found 1 JDBC repository interface.
2026-02-02 11:41:07.108 [restartedMain] INFO  org.springframework.boot.web.embedded.tomcat.TomcatWebServer - Tomcat initialized with port 8080 (http)
2026-02-02 11:41:07.245 [restartedMain] INFO  org.apache.coyote.http11.Http11NioProtocol - Initializing ProtocolHandler ["http-nio-8080"]
2026-02-02 11:41:07.275 [restartedMain] INFO  org.apache.catalina.core.StandardService - Starting service [Tomcat]
2026-02-02 11:41:07.363 [restartedMain] INFO  org.apache.catalina.core.StandardEngine - Starting Servlet engine: [Apache Tomcat/10.1.44]
2026-02-02 11:41:07.675 [restartedMain] INFO  org.apache.catalina.core.ContainerBase.[Tomcat].[localhost].[/] - Initializing Spring embedded WebApplicationContext
2026-02-02 11:41:07.833 [restartedMain] INFO  org.springframework.boot.web.servlet.context.ServletWebServerApplicationContext - Root WebApplicationContext: initialization completed in 5447 ms
2026-02-02 11:41:09.198 [restartedMain] WARN  org.springframework.boot.web.servlet.context.AnnotationConfigServletWebServerApplicationContext - Exception encountered during context initialization - cancelling refresh attempt: org.springframework.beans.factory.UnsatisfiedDependencyException: Error creating bean with name 'summaryController' defined in file [C:\Tim\summary-data\target\classes\com\opview\summary\controller\SummaryController.class]: Unsatisfied dependency expressed through constructor parameter 1: Error creating bean with name 'geminiService' defined in file [C:\Tim\summary-data\target\classes\com\opview\summary\service\GeminiService.class]: Failed to instantiate [com.opview.summary.service.GeminiService]: Constructor threw exception
2026-02-02 11:41:09.210 [restartedMain] INFO  org.apache.catalina.core.StandardService - Stopping service [Tomcat]
2026-02-02 11:41:09.258 [restartedMain] INFO  org.springframework.boot.autoconfigure.logging.ConditionEvaluationReportLogger - 

Error starting ApplicationContext. To display the condition evaluation report re-run your application with 'debug' enabled.
2026-02-02 11:41:09.425 [restartedMain] ERROR org.springframework.boot.SpringApplication - Application run failed
org.springframework.beans.factory.UnsatisfiedDependencyException: Error creating bean with name 'summaryController' defined in file [C:\Tim\summary-data\target\classes\com\opview\summary\controller\SummaryController.class]: Unsatisfied dependency expressed through constructor parameter 1: Error creating bean with name 'geminiService' defined in file [C:\Tim\summary-data\target\classes\com\opview\summary\service\GeminiService.class]: Failed to instantiate [com.opview.summary.service.GeminiService]: Constructor threw exception
	at org.springframework.beans.factory.support.ConstructorResolver.createArgumentArray(ConstructorResolver.java:804) ~[spring-beans-6.2.10.jar:6.2.10]
	at org.springframework.beans.factory.support.ConstructorResolver.autowireConstructor(ConstructorResolver.java:240) ~[spring-beans-6.2.10.jar:6.2.10]
	at org.springframework.beans.factory.support.AbstractAutowireCapableBeanFactory.autowireConstructor(AbstractAutowireCapableBeanFactory.java:1395) ~[spring-beans-6.2.10.jar:6.2.10]
	at org.springframework.beans.factory.support.AbstractAutowireCapableBeanFactory.createBeanInstance(AbstractAutowireCapableBeanFactory.java:1232) ~[spring-beans-6.2.10.jar:6.2.10]
	at org.springframework.beans.factory.support.AbstractAutowireCapableBeanFactory.doCreateBean(AbstractAutowireCapableBeanFactory.java:569) ~[spring-beans-6.2.10.jar:6.2.10]
	at org.springframework.beans.factory.support.AbstractAutowireCapableBeanFactory.createBean(AbstractAutowireCapableBeanFactory.java:529) ~[spring-beans-6.2.10.jar:6.2.10]
	at org.springframework.beans.factory.support.AbstractBeanFactory.lambda$doGetBean$0(AbstractBeanFactory.java:339) ~[spring-beans-6.2.10.jar:6.2.10]
	at org.springframework.beans.factory.support.DefaultSingletonBeanRegistry.getSingleton(DefaultSingletonBeanRegistry.java:373) ~[spring-beans-6.2.10.jar:6.2.10]
	at org.springframework.beans.factory.support.AbstractBeanFactory.doGetBean(AbstractBeanFactory.java:337) ~[spring-beans-6.2.10.jar:6.2.10]
	at org.springframework.beans.factory.support.AbstractBeanFactory.getBean(AbstractBeanFactory.java:202) ~[spring-beans-6.2.10.jar:6.2.10]
	at org.springframework.beans.factory.support.DefaultListableBeanFactory.instantiateSingleton(DefaultListableBeanFactory.java:1222) ~[spring-beans-6.2.10.jar:6.2.10]
	at org.springframework.beans.factory.support.DefaultListableBeanFactory.preInstantiateSingleton(DefaultListableBeanFactory.java:1188) ~[spring-beans-6.2.10.jar:6.2.10]
	at org.springframework.beans.factory.support.DefaultListableBeanFactory.preInstantiateSingletons(DefaultListableBeanFactory.java:1123) ~[spring-beans-6.2.10.jar:6.2.10]
	at org.springframework.context.support.AbstractApplicationContext.finishBeanFactoryInitialization(AbstractApplicationContext.java:987) ~[spring-context-6.2.10.jar:6.2.10]
	at org.springframework.context.support.AbstractApplicationContext.refresh(AbstractApplicationContext.java:627) ~[spring-context-6.2.10.jar:6.2.10]
	at org.springframework.boot.web.servlet.context.ServletWebServerApplicationContext.refresh(ServletWebServerApplicationContext.java:146) ~[spring-boot-3.5.5.jar:3.5.5]
	at org.springframework.boot.SpringApplication.refresh(SpringApplication.java:752) [spring-boot-3.5.5.jar:3.5.5]
	at org.springframework.boot.SpringApplication.refreshContext(SpringApplication.java:439) [spring-boot-3.5.5.jar:3.5.5]
	at org.springframework.boot.SpringApplication.run(SpringApplication.java:318) [spring-boot-3.5.5.jar:3.5.5]
	at org.springframework.boot.SpringApplication.run(SpringApplication.java:1361) [spring-boot-3.5.5.jar:3.5.5]
	at org.springframework.boot.SpringApplication.run(SpringApplication.java:1350) [spring-boot-3.5.5.jar:3.5.5]
	at com.opview.summary.SummaryDataApplication.main(SummaryDataApplication.java:13) [classes/:?]
	at java.base/jdk.internal.reflect.NativeMethodAccessorImpl.invoke0(Native Method) ~[?:?]
	at java.base/jdk.internal.reflect.NativeMethodAccessorImpl.invoke(NativeMethodAccessorImpl.java:77) ~[?:?]
	at java.base/jdk.internal.reflect.DelegatingMethodAccessorImpl.invoke(DelegatingMethodAccessorImpl.java:43) ~[?:?]
	at java.base/java.lang.reflect.Method.invoke(Method.java:568) ~[?:?]
	at org.springframework.boot.devtools.restart.RestartLauncher.run(RestartLauncher.java:50) [spring-boot-devtools-3.5.5.jar:3.5.5]
Caused by: org.springframework.beans.factory.BeanCreationException: Error creating bean with name 'geminiService' defined in file [C:\Tim\summary-data\target\classes\com\opview\summary\service\GeminiService.class]: Failed to instantiate [com.opview.summary.service.GeminiService]: Constructor threw exception
	at org.springframework.beans.factory.support.ConstructorResolver.instantiate(ConstructorResolver.java:321) ~[spring-beans-6.2.10.jar:6.2.10]
	at org.springframework.beans.factory.support.ConstructorResolver.autowireConstructor(ConstructorResolver.java:309) ~[spring-beans-6.2.10.jar:6.2.10]
	at org.springframework.beans.factory.support.AbstractAutowireCapableBeanFactory.autowireConstructor(AbstractAutowireCapableBeanFactory.java:1395) ~[spring-beans-6.2.10.jar:6.2.10]
	at org.springframework.beans.factory.support.AbstractAutowireCapableBeanFactory.createBeanInstance(AbstractAutowireCapableBeanFactory.java:1232) ~[spring-beans-6.2.10.jar:6.2.10]
	at org.springframework.beans.factory.support.AbstractAutowireCapableBeanFactory.doCreateBean(AbstractAutowireCapableBeanFactory.java:569) ~[spring-beans-6.2.10.jar:6.2.10]
	at org.springframework.beans.factory.support.AbstractAutowireCapableBeanFactory.createBean(AbstractAutowireCapableBeanFactory.java:529) ~[spring-beans-6.2.10.jar:6.2.10]
	at org.springframework.beans.factory.support.AbstractBeanFactory.lambda$doGetBean$0(AbstractBeanFactory.java:339) ~[spring-beans-6.2.10.jar:6.2.10]
	at org.springframework.beans.factory.support.DefaultSingletonBeanRegistry.getSingleton(DefaultSingletonBeanRegistry.java:373) ~[spring-beans-6.2.10.jar:6.2.10]
	at org.springframework.beans.factory.support.AbstractBeanFactory.doGetBean(AbstractBeanFactory.java:337) ~[spring-beans-6.2.10.jar:6.2.10]
	at org.springframework.beans.factory.support.AbstractBeanFactory.getBean(AbstractBeanFactory.java:202) ~[spring-beans-6.2.10.jar:6.2.10]
	at org.springframework.beans.factory.support.DefaultListableBeanFactory.doResolveDependency(DefaultListableBeanFactory.java:1690) ~[spring-beans-6.2.10.jar:6.2.10]
	at org.springframework.beans.factory.support.DefaultListableBeanFactory.resolveDependency(DefaultListableBeanFactory.java:1635) ~[spring-beans-6.2.10.jar:6.2.10]
	at org.springframework.beans.factory.support.ConstructorResolver.resolveAutowiredArgument(ConstructorResolver.java:913) ~[spring-beans-6.2.10.jar:6.2.10]
	at org.springframework.beans.factory.support.ConstructorResolver.createArgumentArray(ConstructorResolver.java:791) ~[spring-beans-6.2.10.jar:6.2.10]
	... 26 more
Caused by: org.springframework.beans.BeanInstantiationException: Failed to instantiate [com.opview.summary.service.GeminiService]: Constructor threw exception
	at org.springframework.beans.BeanUtils.instantiateClass(BeanUtils.java:223) ~[spring-beans-6.2.10.jar:6.2.10]
	at org.springframework.beans.factory.support.SimpleInstantiationStrategy.instantiate(SimpleInstantiationStrategy.java:146) ~[spring-beans-6.2.10.jar:6.2.10]
	at org.springframework.beans.factory.support.ConstructorResolver.instantiate(ConstructorResolver.java:318) ~[spring-beans-6.2.10.jar:6.2.10]
	at org.springframework.beans.factory.support.ConstructorResolver.autowireConstructor(ConstructorResolver.java:309) ~[spring-beans-6.2.10.jar:6.2.10]
	at org.springframework.beans.factory.support.AbstractAutowireCapableBeanFactory.autowireConstructor(AbstractAutowireCapableBeanFactory.java:1395) ~[spring-beans-6.2.10.jar:6.2.10]
	at org.springframework.beans.factory.support.AbstractAutowireCapableBeanFactory.createBeanInstance(AbstractAutowireCapableBeanFactory.java:1232) ~[spring-beans-6.2.10.jar:6.2.10]
	at org.springframework.beans.factory.support.AbstractAutowireCapableBeanFactory.doCreateBean(AbstractAutowireCapableBeanFactory.java:569) ~[spring-beans-6.2.10.jar:6.2.10]
	at org.springframework.beans.factory.support.AbstractAutowireCapableBeanFactory.createBean(AbstractAutowireCapableBeanFactory.java:529) ~[spring-beans-6.2.10.jar:6.2.10]
	at org.springframework.beans.factory.support.AbstractBeanFactory.lambda$doGetBean$0(AbstractBeanFactory.java:339) ~[spring-beans-6.2.10.jar:6.2.10]
	at org.springframework.beans.factory.support.DefaultSingletonBeanRegistry.getSingleton(DefaultSingletonBeanRegistry.java:373) ~[spring-beans-6.2.10.jar:6.2.10]
	at org.springframework.beans.factory.support.AbstractBeanFactory.doGetBean(AbstractBeanFactory.java:337) ~[spring-beans-6.2.10.jar:6.2.10]
	at org.springframework.beans.factory.support.AbstractBeanFactory.getBean(AbstractBeanFactory.java:202) ~[spring-beans-6.2.10.jar:6.2.10]
	at org.springframework.beans.factory.support.DefaultListableBeanFactory.doResolveDependency(DefaultListableBeanFactory.java:1690) ~[spring-beans-6.2.10.jar:6.2.10]
	at org.springframework.beans.factory.support.DefaultListableBeanFactory.resolveDependency(DefaultListableBeanFactory.java:1635) ~[spring-beans-6.2.10.jar:6.2.10]
	at org.springframework.beans.factory.support.ConstructorResolver.resolveAutowiredArgument(ConstructorResolver.java:913) ~[spring-beans-6.2.10.jar:6.2.10]
	at org.springframework.beans.factory.support.ConstructorResolver.createArgumentArray(ConstructorResolver.java:791) ~[spring-beans-6.2.10.jar:6.2.10]
	... 26 more
Caused by: java.lang.Error: Unresolved compilation problem: 
	The constructor Client(Client) is undefined

	at com.opview.summary.service.GeminiService.<init>(GeminiService.java:25) ~[classes/:?]
	at java.base/jdk.internal.reflect.NativeConstructorAccessorImpl.newInstance0(Native Method) ~[?:?]
	at java.base/jdk.internal.reflect.NativeConstructorAccessorImpl.newInstance(NativeConstructorAccessorImpl.java:77) ~[?:?]
	at java.base/jdk.internal.reflect.DelegatingConstructorAccessorImpl.newInstance(DelegatingConstructorAccessorImpl.java:45) ~[?:?]
	at java.base/java.lang.reflect.Constructor.newInstanceWithCaller(Constructor.java:499) ~[?:?]
	at java.base/java.lang.reflect.Constructor.newInstance(Constructor.java:480) ~[?:?]
	at org.springframework.beans.BeanUtils.instantiateClass(BeanUtils.java:210) ~[spring-beans-6.2.10.jar:6.2.10]
	at org.springframework.beans.factory.support.SimpleInstantiationStrategy.instantiate(SimpleInstantiationStrategy.java:146) ~[spring-beans-6.2.10.jar:6.2.10]
	at org.springframework.beans.factory.support.ConstructorResolver.instantiate(ConstructorResolver.java:318) ~[spring-beans-6.2.10.jar:6.2.10]
	at org.springframework.beans.factory.support.ConstructorResolver.autowireConstructor(ConstructorResolver.java:309) ~[spring-beans-6.2.10.jar:6.2.10]
	at org.springframework.beans.factory.support.AbstractAutowireCapableBeanFactory.autowireConstructor(AbstractAutowireCapableBeanFactory.java:1395) ~[spring-beans-6.2.10.jar:6.2.10]
	at org.springframework.beans.factory.support.AbstractAutowireCapableBeanFactory.createBeanInstance(AbstractAutowireCapableBeanFactory.java:1232) ~[spring-beans-6.2.10.jar:6.2.10]
	at org.springframework.beans.factory.support.AbstractAutowireCapableBeanFactory.doCreateBean(AbstractAutowireCapableBeanFactory.java:569) ~[spring-beans-6.2.10.jar:6.2.10]
	at org.springframework.beans.factory.support.AbstractAutowireCapableBeanFactory.createBean(AbstractAutowireCapableBeanFactory.java:529) ~[spring-beans-6.2.10.jar:6.2.10]
	at org.springframework.beans.factory.support.AbstractBeanFactory.lambda$doGetBean$0(AbstractBeanFactory.java:339) ~[spring-beans-6.2.10.jar:6.2.10]
	at org.springframework.beans.factory.support.DefaultSingletonBeanRegistry.getSingleton(DefaultSingletonBeanRegistry.java:373) ~[spring-beans-6.2.10.jar:6.2.10]
	at org.springframework.beans.factory.support.AbstractBeanFactory.doGetBean(AbstractBeanFactory.java:337) ~[spring-beans-6.2.10.jar:6.2.10]
	at org.springframework.beans.factory.support.AbstractBeanFactory.getBean(AbstractBeanFactory.java:202) ~[spring-beans-6.2.10.jar:6.2.10]
	at org.springframework.beans.factory.support.DefaultListableBeanFactory.doResolveDependency(DefaultListableBeanFactory.java:1690) ~[spring-beans-6.2.10.jar:6.2.10]
	at org.springframework.beans.factory.support.DefaultListableBeanFactory.resolveDependency(DefaultListableBeanFactory.java:1635) ~[spring-beans-6.2.10.jar:6.2.10]
	at org.springframework.beans.factory.support.ConstructorResolver.resolveAutowiredArgument(ConstructorResolver.java:913) ~[spring-beans-6.2.10.jar:6.2.10]
	at org.springframework.beans.factory.support.ConstructorResolver.createArgumentArray(ConstructorResolver.java:791) ~[spring-beans-6.2.10.jar:6.2.10]
	... 26 more
2026-02-02 11:44:16.412 [restartedMain] INFO  com.opview.summary.SummaryDataApplication - Starting SummaryDataApplication using Java 17.0.12 with PID 6408 (C:\Tim\summary-data\target\classes started by hp in C:\Tim\summary-data)
2026-02-02 11:44:16.415 [restartedMain] INFO  com.opview.summary.SummaryDataApplication - No active profile set, falling back to 1 default profile: "default"
2026-02-02 11:44:17.242 [restartedMain] INFO  org.springframework.data.repository.config.RepositoryConfigurationDelegate - Bootstrapping Spring Data JDBC repositories in DEFAULT mode.
2026-02-02 11:44:17.270 [restartedMain] INFO  org.springframework.data.repository.config.RepositoryConfigurationDelegate - Finished Spring Data repository scanning in 21 ms. Found 1 JDBC repository interface.
2026-02-02 11:44:17.398 [restartedMain] INFO  org.springframework.boot.web.embedded.tomcat.TomcatWebServer - Tomcat initialized with port 8080 (http)
2026-02-02 11:44:17.410 [restartedMain] INFO  org.apache.coyote.http11.Http11NioProtocol - Initializing ProtocolHandler ["http-nio-8080"]
2026-02-02 11:44:17.413 [restartedMain] INFO  org.apache.catalina.core.StandardService - Starting service [Tomcat]
2026-02-02 11:44:17.415 [restartedMain] INFO  org.apache.catalina.core.StandardEngine - Starting Servlet engine: [Apache Tomcat/10.1.44]
2026-02-02 11:44:17.542 [restartedMain] INFO  org.apache.catalina.core.ContainerBase.[Tomcat-1].[localhost].[/] - Initializing Spring embedded WebApplicationContext
2026-02-02 11:44:17.545 [restartedMain] INFO  org.springframework.boot.web.servlet.context.ServletWebServerApplicationContext - Root WebApplicationContext: initialization completed in 1123 ms
2026-02-02 11:44:17.638 [restartedMain] WARN  org.springframework.boot.web.servlet.context.AnnotationConfigServletWebServerApplicationContext - Exception encountered during context initialization - cancelling refresh attempt: org.springframework.beans.factory.UnsatisfiedDependencyException: Error creating bean with name 'summaryController' defined in file [C:\Tim\summary-data\target\classes\com\opview\summary\controller\SummaryController.class]: Unsatisfied dependency expressed through constructor parameter 1: Error creating bean with name 'geminiService' defined in file [C:\Tim\summary-data\target\classes\com\opview\summary\service\GeminiService.class]: Failed to instantiate [com.opview.summary.service.GeminiService]: Constructor threw exception
2026-02-02 11:44:17.641 [restartedMain] INFO  org.apache.catalina.core.StandardService - Stopping service [Tomcat]
2026-02-02 11:44:17.653 [restartedMain] INFO  org.springframework.boot.autoconfigure.logging.ConditionEvaluationReportLogger - 

Error starting ApplicationContext. To display the condition evaluation report re-run your application with 'debug' enabled.
2026-02-02 11:44:17.660 [restartedMain] ERROR org.springframework.boot.SpringApplication - Application run failed
org.springframework.beans.factory.UnsatisfiedDependencyException: Error creating bean with name 'summaryController' defined in file [C:\Tim\summary-data\target\classes\com\opview\summary\controller\SummaryController.class]: Unsatisfied dependency expressed through constructor parameter 1: Error creating bean with name 'geminiService' defined in file [C:\Tim\summary-data\target\classes\com\opview\summary\service\GeminiService.class]: Failed to instantiate [com.opview.summary.service.GeminiService]: Constructor threw exception
	at org.springframework.beans.factory.support.ConstructorResolver.createArgumentArray(ConstructorResolver.java:804) ~[spring-beans-6.2.10.jar:6.2.10]
	at org.springframework.beans.factory.support.ConstructorResolver.autowireConstructor(ConstructorResolver.java:240) ~[spring-beans-6.2.10.jar:6.2.10]
	at org.springframework.beans.factory.support.AbstractAutowireCapableBeanFactory.autowireConstructor(AbstractAutowireCapableBeanFactory.java:1395) ~[spring-beans-6.2.10.jar:6.2.10]
	at org.springframework.beans.factory.support.AbstractAutowireCapableBeanFactory.createBeanInstance(AbstractAutowireCapableBeanFactory.java:1232) ~[spring-beans-6.2.10.jar:6.2.10]
	at org.springframework.beans.factory.support.AbstractAutowireCapableBeanFactory.doCreateBean(AbstractAutowireCapableBeanFactory.java:569) ~[spring-beans-6.2.10.jar:6.2.10]
	at org.springframework.beans.factory.support.AbstractAutowireCapableBeanFactory.createBean(AbstractAutowireCapableBeanFactory.java:529) ~[spring-beans-6.2.10.jar:6.2.10]
	at org.springframework.beans.factory.support.AbstractBeanFactory.lambda$doGetBean$0(AbstractBeanFactory.java:339) ~[spring-beans-6.2.10.jar:6.2.10]
	at org.springframework.beans.factory.support.DefaultSingletonBeanRegistry.getSingleton(DefaultSingletonBeanRegistry.java:373) ~[spring-beans-6.2.10.jar:6.2.10]
	at org.springframework.beans.factory.support.AbstractBeanFactory.doGetBean(AbstractBeanFactory.java:337) ~[spring-beans-6.2.10.jar:6.2.10]
	at org.springframework.beans.factory.support.AbstractBeanFactory.getBean(AbstractBeanFactory.java:202) ~[spring-beans-6.2.10.jar:6.2.10]
	at org.springframework.beans.factory.support.DefaultListableBeanFactory.instantiateSingleton(DefaultListableBeanFactory.java:1222) ~[spring-beans-6.2.10.jar:6.2.10]
	at org.springframework.beans.factory.support.DefaultListableBeanFactory.preInstantiateSingleton(DefaultListableBeanFactory.java:1188) ~[spring-beans-6.2.10.jar:6.2.10]
	at org.springframework.beans.factory.support.DefaultListableBeanFactory.preInstantiateSingletons(DefaultListableBeanFactory.java:1123) ~[spring-beans-6.2.10.jar:6.2.10]
	at org.springframework.context.support.AbstractApplicationContext.finishBeanFactoryInitialization(AbstractApplicationContext.java:987) ~[spring-context-6.2.10.jar:6.2.10]
	at org.springframework.context.support.AbstractApplicationContext.refresh(AbstractApplicationContext.java:627) ~[spring-context-6.2.10.jar:6.2.10]
	at org.springframework.boot.web.servlet.context.ServletWebServerApplicationContext.refresh(ServletWebServerApplicationContext.java:146) ~[spring-boot-3.5.5.jar:3.5.5]
	at org.springframework.boot.SpringApplication.refresh(SpringApplication.java:752) [spring-boot-3.5.5.jar:3.5.5]
	at org.springframework.boot.SpringApplication.refreshContext(SpringApplication.java:439) [spring-boot-3.5.5.jar:3.5.5]
	at org.springframework.boot.SpringApplication.run(SpringApplication.java:318) [spring-boot-3.5.5.jar:3.5.5]
	at org.springframework.boot.SpringApplication.run(SpringApplication.java:1361) [spring-boot-3.5.5.jar:3.5.5]
	at org.springframework.boot.SpringApplication.run(SpringApplication.java:1350) [spring-boot-3.5.5.jar:3.5.5]
	at com.opview.summary.SummaryDataApplication.main(SummaryDataApplication.java:13) [classes/:?]
	at java.base/jdk.internal.reflect.NativeMethodAccessorImpl.invoke0(Native Method) ~[?:?]
	at java.base/jdk.internal.reflect.NativeMethodAccessorImpl.invoke(NativeMethodAccessorImpl.java:77) ~[?:?]
	at java.base/jdk.internal.reflect.DelegatingMethodAccessorImpl.invoke(DelegatingMethodAccessorImpl.java:43) ~[?:?]
	at java.base/java.lang.reflect.Method.invoke(Method.java:568) ~[?:?]
	at org.springframework.boot.devtools.restart.RestartLauncher.run(RestartLauncher.java:50) [spring-boot-devtools-3.5.5.jar:3.5.5]
Caused by: org.springframework.beans.factory.BeanCreationException: Error creating bean with name 'geminiService' defined in file [C:\Tim\summary-data\target\classes\com\opview\summary\service\GeminiService.class]: Failed to instantiate [com.opview.summary.service.GeminiService]: Constructor threw exception
	at org.springframework.beans.factory.support.ConstructorResolver.instantiate(ConstructorResolver.java:321) ~[spring-beans-6.2.10.jar:6.2.10]
	at org.springframework.beans.factory.support.ConstructorResolver.autowireConstructor(ConstructorResolver.java:309) ~[spring-beans-6.2.10.jar:6.2.10]
	at org.springframework.beans.factory.support.AbstractAutowireCapableBeanFactory.autowireConstructor(AbstractAutowireCapableBeanFactory.java:1395) ~[spring-beans-6.2.10.jar:6.2.10]
	at org.springframework.beans.factory.support.AbstractAutowireCapableBeanFactory.createBeanInstance(AbstractAutowireCapableBeanFactory.java:1232) ~[spring-beans-6.2.10.jar:6.2.10]
	at org.springframework.beans.factory.support.AbstractAutowireCapableBeanFactory.doCreateBean(AbstractAutowireCapableBeanFactory.java:569) ~[spring-beans-6.2.10.jar:6.2.10]
	at org.springframework.beans.factory.support.AbstractAutowireCapableBeanFactory.createBean(AbstractAutowireCapableBeanFactory.java:529) ~[spring-beans-6.2.10.jar:6.2.10]
	at org.springframework.beans.factory.support.AbstractBeanFactory.lambda$doGetBean$0(AbstractBeanFactory.java:339) ~[spring-beans-6.2.10.jar:6.2.10]
	at org.springframework.beans.factory.support.DefaultSingletonBeanRegistry.getSingleton(DefaultSingletonBeanRegistry.java:373) ~[spring-beans-6.2.10.jar:6.2.10]
	at org.springframework.beans.factory.support.AbstractBeanFactory.doGetBean(AbstractBeanFactory.java:337) ~[spring-beans-6.2.10.jar:6.2.10]
	at org.springframework.beans.factory.support.AbstractBeanFactory.getBean(AbstractBeanFactory.java:202) ~[spring-beans-6.2.10.jar:6.2.10]
	at org.springframework.beans.factory.support.DefaultListableBeanFactory.doResolveDependency(DefaultListableBeanFactory.java:1690) ~[spring-beans-6.2.10.jar:6.2.10]
	at org.springframework.beans.factory.support.DefaultListableBeanFactory.resolveDependency(DefaultListableBeanFactory.java:1635) ~[spring-beans-6.2.10.jar:6.2.10]
	at org.springframework.beans.factory.support.ConstructorResolver.resolveAutowiredArgument(ConstructorResolver.java:913) ~[spring-beans-6.2.10.jar:6.2.10]
	at org.springframework.beans.factory.support.ConstructorResolver.createArgumentArray(ConstructorResolver.java:791) ~[spring-beans-6.2.10.jar:6.2.10]
	... 26 more
Caused by: org.springframework.beans.BeanInstantiationException: Failed to instantiate [com.opview.summary.service.GeminiService]: Constructor threw exception
	at org.springframework.beans.BeanUtils.instantiateClass(BeanUtils.java:223) ~[spring-beans-6.2.10.jar:6.2.10]
	at org.springframework.beans.factory.support.SimpleInstantiationStrategy.instantiate(SimpleInstantiationStrategy.java:146) ~[spring-beans-6.2.10.jar:6.2.10]
	at org.springframework.beans.factory.support.ConstructorResolver.instantiate(ConstructorResolver.java:318) ~[spring-beans-6.2.10.jar:6.2.10]
	at org.springframework.beans.factory.support.ConstructorResolver.autowireConstructor(ConstructorResolver.java:309) ~[spring-beans-6.2.10.jar:6.2.10]
	at org.springframework.beans.factory.support.AbstractAutowireCapableBeanFactory.autowireConstructor(AbstractAutowireCapableBeanFactory.java:1395) ~[spring-beans-6.2.10.jar:6.2.10]
	at org.springframework.beans.factory.support.AbstractAutowireCapableBeanFactory.createBeanInstance(AbstractAutowireCapableBeanFactory.java:1232) ~[spring-beans-6.2.10.jar:6.2.10]
	at org.springframework.beans.factory.support.AbstractAutowireCapableBeanFactory.doCreateBean(AbstractAutowireCapableBeanFactory.java:569) ~[spring-beans-6.2.10.jar:6.2.10]
	at org.springframework.beans.factory.support.AbstractAutowireCapableBeanFactory.createBean(AbstractAutowireCapableBeanFactory.java:529) ~[spring-beans-6.2.10.jar:6.2.10]
	at org.springframework.beans.factory.support.AbstractBeanFactory.lambda$doGetBean$0(AbstractBeanFactory.java:339) ~[spring-beans-6.2.10.jar:6.2.10]
	at org.springframework.beans.factory.support.DefaultSingletonBeanRegistry.getSingleton(DefaultSingletonBeanRegistry.java:373) ~[spring-beans-6.2.10.jar:6.2.10]
	at org.springframework.beans.factory.support.AbstractBeanFactory.doGetBean(AbstractBeanFactory.java:337) ~[spring-beans-6.2.10.jar:6.2.10]
	at org.springframework.beans.factory.support.AbstractBeanFactory.getBean(AbstractBeanFactory.java:202) ~[spring-beans-6.2.10.jar:6.2.10]
	at org.springframework.beans.factory.support.DefaultListableBeanFactory.doResolveDependency(DefaultListableBeanFactory.java:1690) ~[spring-beans-6.2.10.jar:6.2.10]
	at org.springframework.beans.factory.support.DefaultListableBeanFactory.resolveDependency(DefaultListableBeanFactory.java:1635) ~[spring-beans-6.2.10.jar:6.2.10]
	at org.springframework.beans.factory.support.ConstructorResolver.resolveAutowiredArgument(ConstructorResolver.java:913) ~[spring-beans-6.2.10.jar:6.2.10]
	at org.springframework.beans.factory.support.ConstructorResolver.createArgumentArray(ConstructorResolver.java:791) ~[spring-beans-6.2.10.jar:6.2.10]
	... 26 more
Caused by: java.lang.Error: Unresolved compilation problem: 
	The constructor Client(Client) is undefined

	at com.opview.summary.service.GeminiService.<init>(GeminiService.java:22) ~[classes/:?]
	at java.base/jdk.internal.reflect.NativeConstructorAccessorImpl.newInstance0(Native Method) ~[?:?]
	at java.base/jdk.internal.reflect.NativeConstructorAccessorImpl.newInstance(NativeConstructorAccessorImpl.java:77) ~[?:?]
	at java.base/jdk.internal.reflect.DelegatingConstructorAccessorImpl.newInstance(DelegatingConstructorAccessorImpl.java:45) ~[?:?]
	at java.base/java.lang.reflect.Constructor.newInstanceWithCaller(Constructor.java:499) ~[?:?]
	at java.base/java.lang.reflect.Constructor.newInstance(Constructor.java:480) ~[?:?]
	at org.springframework.beans.BeanUtils.instantiateClass(BeanUtils.java:210) ~[spring-beans-6.2.10.jar:6.2.10]
	at org.springframework.beans.factory.support.SimpleInstantiationStrategy.instantiate(SimpleInstantiationStrategy.java:146) ~[spring-beans-6.2.10.jar:6.2.10]
	at org.springframework.beans.factory.support.ConstructorResolver.instantiate(ConstructorResolver.java:318) ~[spring-beans-6.2.10.jar:6.2.10]
	at org.springframework.beans.factory.support.ConstructorResolver.autowireConstructor(ConstructorResolver.java:309) ~[spring-beans-6.2.10.jar:6.2.10]
	at org.springframework.beans.factory.support.AbstractAutowireCapableBeanFactory.autowireConstructor(AbstractAutowireCapableBeanFactory.java:1395) ~[spring-beans-6.2.10.jar:6.2.10]
	at org.springframework.beans.factory.support.AbstractAutowireCapableBeanFactory.createBeanInstance(AbstractAutowireCapableBeanFactory.java:1232) ~[spring-beans-6.2.10.jar:6.2.10]
	at org.springframework.beans.factory.support.AbstractAutowireCapableBeanFactory.doCreateBean(AbstractAutowireCapableBeanFactory.java:569) ~[spring-beans-6.2.10.jar:6.2.10]
	at org.springframework.beans.factory.support.AbstractAutowireCapableBeanFactory.createBean(AbstractAutowireCapableBeanFactory.java:529) ~[spring-beans-6.2.10.jar:6.2.10]
	at org.springframework.beans.factory.support.AbstractBeanFactory.lambda$doGetBean$0(AbstractBeanFactory.java:339) ~[spring-beans-6.2.10.jar:6.2.10]
	at org.springframework.beans.factory.support.DefaultSingletonBeanRegistry.getSingleton(DefaultSingletonBeanRegistry.java:373) ~[spring-beans-6.2.10.jar:6.2.10]
	at org.springframework.beans.factory.support.AbstractBeanFactory.doGetBean(AbstractBeanFactory.java:337) ~[spring-beans-6.2.10.jar:6.2.10]
	at org.springframework.beans.factory.support.AbstractBeanFactory.getBean(AbstractBeanFactory.java:202) ~[spring-beans-6.2.10.jar:6.2.10]
	at org.springframework.beans.factory.support.DefaultListableBeanFactory.doResolveDependency(DefaultListableBeanFactory.java:1690) ~[spring-beans-6.2.10.jar:6.2.10]
	at org.springframework.beans.factory.support.DefaultListableBeanFactory.resolveDependency(DefaultListableBeanFactory.java:1635) ~[spring-beans-6.2.10.jar:6.2.10]
	at org.springframework.beans.factory.support.ConstructorResolver.resolveAutowiredArgument(ConstructorResolver.java:913) ~[spring-beans-6.2.10.jar:6.2.10]
	at org.springframework.beans.factory.support.ConstructorResolver.createArgumentArray(ConstructorResolver.java:791) ~[spring-beans-6.2.10.jar:6.2.10]
	... 26 more
2026-02-02 11:46:16.943 [restartedMain] INFO  com.opview.summary.SummaryDataApplication - Starting SummaryDataApplication using Java 17.0.12 with PID 6408 (C:\Tim\summary-data\target\classes started by hp in C:\Tim\summary-data)
2026-02-02 11:46:16.944 [restartedMain] INFO  com.opview.summary.SummaryDataApplication - No active profile set, falling back to 1 default profile: "default"
2026-02-02 11:46:17.354 [restartedMain] INFO  org.springframework.data.repository.config.RepositoryConfigurationDelegate - Bootstrapping Spring Data JDBC repositories in DEFAULT mode.
2026-02-02 11:46:17.374 [restartedMain] INFO  org.springframework.data.repository.config.RepositoryConfigurationDelegate - Finished Spring Data repository scanning in 19 ms. Found 1 JDBC repository interface.
2026-02-02 11:46:17.601 [restartedMain] INFO  org.springframework.boot.web.embedded.tomcat.TomcatWebServer - Tomcat initialized with port 8080 (http)
2026-02-02 11:46:17.606 [restartedMain] INFO  org.apache.coyote.http11.Http11NioProtocol - Initializing ProtocolHandler ["http-nio-8080"]
2026-02-02 11:46:17.609 [restartedMain] INFO  org.apache.catalina.core.StandardService - Starting service [Tomcat]
2026-02-02 11:46:17.611 [restartedMain] INFO  org.apache.catalina.core.StandardEngine - Starting Servlet engine: [Apache Tomcat/10.1.44]
2026-02-02 11:46:17.664 [restartedMain] INFO  org.apache.catalina.core.ContainerBase.[Tomcat-2].[localhost].[/] - Initializing Spring embedded WebApplicationContext
2026-02-02 11:46:17.672 [restartedMain] INFO  org.springframework.boot.web.servlet.context.ServletWebServerApplicationContext - Root WebApplicationContext: initialization completed in 726 ms
2026-02-02 11:46:17.815 [restartedMain] INFO  com.zaxxer.hikari.HikariDataSource - HikariPool-5 - Starting...
2026-02-02 11:46:17.903 [restartedMain] INFO  com.zaxxer.hikari.pool.HikariPool - HikariPool-5 - Added connection com.mysql.cj.jdbc.ConnectionImpl@37500d3c
2026-02-02 11:46:17.905 [restartedMain] INFO  com.zaxxer.hikari.HikariDataSource - HikariPool-5 - Start completed.
2026-02-02 11:46:17.930 [restartedMain] INFO  org.springframework.boot.devtools.autoconfigure.OptionalLiveReloadServer - LiveReload server is running on port 35729
2026-02-02 11:46:18.256 [restartedMain] INFO  org.apache.coyote.http11.Http11NioProtocol - Starting ProtocolHandler ["http-nio-8080"]
2026-02-02 11:46:18.268 [restartedMain] INFO  org.springframework.boot.web.embedded.tomcat.TomcatWebServer - Tomcat started on port 8080 (http) with context path '/'
2026-02-02 11:46:18.279 [restartedMain] INFO  com.opview.summary.SummaryDataApplication - Started SummaryDataApplication in 1.404 seconds (process running for 3426.165)
2026-02-02 11:46:18.311 [restartedMain] INFO  org.springframework.boot.devtools.autoconfigure.ConditionEvaluationDeltaLoggingListener - Condition evaluation unchanged
2026-02-02 11:46:58.067 [restartedMain] INFO  com.opview.summary.SummaryDataApplication - Starting SummaryDataApplication using Java 17.0.12 with PID 13548 (C:\Tim\summary-data\target\classes started by hp in C:\Tim\summary-data)
2026-02-02 11:46:58.104 [restartedMain] INFO  com.opview.summary.SummaryDataApplication - No active profile set, falling back to 1 default profile: "default"
2026-02-02 11:46:58.254 [restartedMain] INFO  org.springframework.boot.devtools.env.DevToolsPropertyDefaultsPostProcessor - Devtools property defaults active! Set 'spring.devtools.add-properties' to 'false' to disable
2026-02-02 11:46:58.258 [restartedMain] INFO  org.springframework.boot.devtools.env.DevToolsPropertyDefaultsPostProcessor - For additional web related logging consider setting the 'logging.level.web' property to 'DEBUG'
2026-02-02 11:47:00.605 [restartedMain] INFO  org.springframework.data.repository.config.RepositoryConfigurationDelegate - Bootstrapping Spring Data JDBC repositories in DEFAULT mode.
2026-02-02 11:47:00.750 [restartedMain] INFO  org.springframework.data.repository.config.RepositoryConfigurationDelegate - Finished Spring Data repository scanning in 129 ms. Found 1 JDBC repository interface.
2026-02-02 11:47:02.466 [restartedMain] INFO  org.springframework.boot.web.embedded.tomcat.TomcatWebServer - Tomcat initialized with port 8080 (http)
2026-02-02 11:47:02.514 [restartedMain] INFO  org.apache.coyote.http11.Http11NioProtocol - Initializing ProtocolHandler ["http-nio-8080"]
2026-02-02 11:47:02.519 [restartedMain] INFO  org.apache.catalina.core.StandardService - Starting service [Tomcat]
2026-02-02 11:47:02.520 [restartedMain] INFO  org.apache.catalina.core.StandardEngine - Starting Servlet engine: [Apache Tomcat/10.1.44]
2026-02-02 11:47:02.697 [restartedMain] INFO  org.apache.catalina.core.ContainerBase.[Tomcat].[localhost].[/] - Initializing Spring embedded WebApplicationContext
2026-02-02 11:47:02.701 [restartedMain] INFO  org.springframework.boot.web.servlet.context.ServletWebServerApplicationContext - Root WebApplicationContext: initialization completed in 4437 ms
2026-02-02 11:47:03.812 [restartedMain] INFO  com.zaxxer.hikari.HikariDataSource - HikariPool-1 - Starting...
2026-02-02 11:47:04.710 [restartedMain] INFO  com.zaxxer.hikari.pool.HikariPool - HikariPool-1 - Added connection com.mysql.cj.jdbc.ConnectionImpl@1d14fcbf
2026-02-02 11:47:04.714 [restartedMain] INFO  com.zaxxer.hikari.HikariDataSource - HikariPool-1 - Start completed.
2026-02-02 11:47:05.081 [restartedMain] INFO  org.springframework.boot.devtools.autoconfigure.OptionalLiveReloadServer - LiveReload server is running on port 35729
2026-02-02 11:47:06.413 [restartedMain] INFO  org.apache.coyote.http11.Http11NioProtocol - Starting ProtocolHandler ["http-nio-8080"]
2026-02-02 11:47:06.479 [restartedMain] INFO  org.springframework.boot.web.embedded.tomcat.TomcatWebServer - Tomcat started on port 8080 (http) with context path '/'
2026-02-02 11:47:06.513 [restartedMain] INFO  com.opview.summary.SummaryDataApplication - Started SummaryDataApplication in 9.475 seconds (process running for 11.051)
2026-02-02 11:47:14.475 [http-nio-8080-exec-1] INFO  org.apache.catalina.core.ContainerBase.[Tomcat].[localhost].[/] - Initializing Spring DispatcherServlet 'dispatcherServlet'
2026-02-02 11:47:14.477 [http-nio-8080-exec-1] INFO  org.springframework.web.servlet.DispatcherServlet - Initializing Servlet 'dispatcherServlet'
2026-02-02 11:47:14.482 [http-nio-8080-exec-1] INFO  org.springframework.web.servlet.DispatcherServlet - Completed initialization in 2 ms
2026-02-02 11:47:14.866 [http-nio-8080-exec-1] INFO  com.opview.summary.scheduler.DailyTaskScheduler - �}�l������ȡA�ɶ��G2026-02-02T11:47:14.866416500
2026-02-02 11:47:15.400 [http-nio-8080-exec-1] INFO  com.opview.summary.service.DataProcessingService - �}�l�B�z�s�D��ơA���: 2026-02-01
2026-02-02 11:47:15.428 [http-nio-8080-exec-1] INFO  com.opview.summary.util.ApiClient - �o�e NewsAPI �ШD: query=��� OR �ӷ~ OR AI, lang=zh, size=25, sort=popularity
2026-02-02 11:47:16.067 [http-nio-8080-exec-1] ERROR com.opview.summary.util.ApiClient - HTTP ���~: 400 BAD_REQUEST - Bad Request
2026-02-02 11:47:16.068 [http-nio-8080-exec-1] WARN  com.opview.summary.service.DataProcessingService - �����o����s�D��ơC
2026-02-02 11:47:16.125 [http-nio-8080-exec-1] INFO  com.opview.summary.scheduler.DailyTaskScheduler - ���Ȱ��榨�\�A�ɶ��G2026-02-02T11:47:16.125120300
2026-02-02 11:49:52.412 [File Watcher] INFO  org.springframework.boot.devtools.autoconfigure.LocalDevToolsAutoConfiguration$RestartingClassPathChangeChangedEventListener - Restarting due to 1 class path change (0 additions, 0 deletions, 1 modification)
2026-02-02 11:49:52.429 [Thread-4] INFO  org.springframework.boot.web.embedded.tomcat.GracefulShutdown - Commencing graceful shutdown. Waiting for active requests to complete
2026-02-02 11:49:52.432 [tomcat-shutdown] INFO  org.apache.coyote.http11.Http11NioProtocol - Pausing ProtocolHandler ["http-nio-8080"]
2026-02-02 11:49:52.926 [tomcat-shutdown] INFO  org.springframework.boot.web.embedded.tomcat.GracefulShutdown - Graceful shutdown complete
2026-02-02 11:49:52.927 [Thread-4] INFO  org.apache.coyote.http11.Http11NioProtocol - Stopping ProtocolHandler ["http-nio-8080"]
2026-02-02 11:49:52.935 [Thread-4] INFO  com.zaxxer.hikari.HikariDataSource - HikariPool-1 - Shutdown initiated...
2026-02-02 11:49:52.968 [Thread-4] INFO  com.zaxxer.hikari.HikariDataSource - HikariPool-1 - Shutdown completed.
2026-02-02 11:49:53.189 [restartedMain] INFO  com.opview.summary.SummaryDataApplication - Starting SummaryDataApplication using Java 17.0.12 with PID 13548 (C:\Tim\summary-data\target\classes started by hp in C:\Tim\summary-data)
2026-02-02 11:49:53.191 [restartedMain] INFO  com.opview.summary.SummaryDataApplication - No active profile set, falling back to 1 default profile: "default"
2026-02-02 11:49:53.864 [restartedMain] INFO  org.springframework.data.repository.config.RepositoryConfigurationDelegate - Bootstrapping Spring Data JDBC repositories in DEFAULT mode.
2026-02-02 11:49:53.909 [restartedMain] INFO  org.springframework.data.repository.config.RepositoryConfigurationDelegate - Finished Spring Data repository scanning in 38 ms. Found 1 JDBC repository interface.
2026-02-02 11:49:54.243 [restartedMain] INFO  org.springframework.boot.web.embedded.tomcat.TomcatWebServer - Tomcat initialized with port 8080 (http)
2026-02-02 11:49:54.248 [restartedMain] INFO  org.apache.coyote.http11.Http11NioProtocol - Initializing ProtocolHandler ["http-nio-8080"]
2026-02-02 11:49:54.251 [restartedMain] INFO  org.apache.catalina.core.StandardService - Starting service [Tomcat]
2026-02-02 11:49:54.259 [restartedMain] INFO  org.apache.catalina.core.StandardEngine - Starting Servlet engine: [Apache Tomcat/10.1.44]
2026-02-02 11:49:54.351 [restartedMain] INFO  org.apache.catalina.core.ContainerBase.[Tomcat].[localhost].[/] - Initializing Spring embedded WebApplicationContext
2026-02-02 11:49:54.354 [restartedMain] INFO  org.springframework.boot.web.servlet.context.ServletWebServerApplicationContext - Root WebApplicationContext: initialization completed in 1154 ms
2026-02-02 11:49:54.438 [restartedMain] WARN  org.springframework.boot.web.servlet.context.AnnotationConfigServletWebServerApplicationContext - Exception encountered during context initialization - cancelling refresh attempt: org.springframework.beans.factory.BeanCreationException: Error creating bean with name 'appProperties': Injection of autowired dependencies failed
2026-02-02 11:49:54.441 [restartedMain] INFO  org.apache.catalina.core.StandardService - Stopping service [Tomcat]
2026-02-02 11:49:54.464 [restartedMain] INFO  org.springframework.boot.autoconfigure.logging.ConditionEvaluationReportLogger - 

Error starting ApplicationContext. To display the condition evaluation report re-run your application with 'debug' enabled.
2026-02-02 11:49:54.634 [restartedMain] ERROR org.springframework.boot.SpringApplication - Application run failed
org.springframework.beans.factory.BeanCreationException: Error creating bean with name 'appProperties': Injection of autowired dependencies failed
	at org.springframework.beans.factory.annotation.AutowiredAnnotationBeanPostProcessor.postProcessProperties(AutowiredAnnotationBeanPostProcessor.java:515) ~[spring-beans-6.2.10.jar:6.2.10]
	at org.springframework.beans.factory.support.AbstractAutowireCapableBeanFactory.populateBean(AbstractAutowireCapableBeanFactory.java:1459) ~[spring-beans-6.2.10.jar:6.2.10]
	at org.springframework.beans.factory.support.AbstractAutowireCapableBeanFactory.doCreateBean(AbstractAutowireCapableBeanFactory.java:606) ~[spring-beans-6.2.10.jar:6.2.10]
	at org.springframework.beans.factory.support.AbstractAutowireCapableBeanFactory.createBean(AbstractAutowireCapableBeanFactory.java:529) ~[spring-beans-6.2.10.jar:6.2.10]
	at org.springframework.beans.factory.support.AbstractBeanFactory.lambda$doGetBean$0(AbstractBeanFactory.java:339) ~[spring-beans-6.2.10.jar:6.2.10]
	at org.springframework.beans.factory.support.DefaultSingletonBeanRegistry.getSingleton(DefaultSingletonBeanRegistry.java:373) ~[spring-beans-6.2.10.jar:6.2.10]
	at org.springframework.beans.factory.support.AbstractBeanFactory.doGetBean(AbstractBeanFactory.java:337) ~[spring-beans-6.2.10.jar:6.2.10]
	at org.springframework.beans.factory.support.AbstractBeanFactory.getBean(AbstractBeanFactory.java:202) ~[spring-beans-6.2.10.jar:6.2.10]
	at org.springframework.beans.factory.support.DefaultListableBeanFactory.instantiateSingleton(DefaultListableBeanFactory.java:1222) ~[spring-beans-6.2.10.jar:6.2.10]
	at org.springframework.beans.factory.support.DefaultListableBeanFactory.preInstantiateSingleton(DefaultListableBeanFactory.java:1188) ~[spring-beans-6.2.10.jar:6.2.10]
	at org.springframework.beans.factory.support.DefaultListableBeanFactory.preInstantiateSingletons(DefaultListableBeanFactory.java:1123) ~[spring-beans-6.2.10.jar:6.2.10]
	at org.springframework.context.support.AbstractApplicationContext.finishBeanFactoryInitialization(AbstractApplicationContext.java:987) ~[spring-context-6.2.10.jar:6.2.10]
	at org.springframework.context.support.AbstractApplicationContext.refresh(AbstractApplicationContext.java:627) ~[spring-context-6.2.10.jar:6.2.10]
	at org.springframework.boot.web.servlet.context.ServletWebServerApplicationContext.refresh(ServletWebServerApplicationContext.java:146) ~[spring-boot-3.5.5.jar:3.5.5]
	at org.springframework.boot.SpringApplication.refresh(SpringApplication.java:752) [spring-boot-3.5.5.jar:3.5.5]
	at org.springframework.boot.SpringApplication.refreshContext(SpringApplication.java:439) [spring-boot-3.5.5.jar:3.5.5]
	at org.springframework.boot.SpringApplication.run(SpringApplication.java:318) [spring-boot-3.5.5.jar:3.5.5]
	at org.springframework.boot.SpringApplication.run(SpringApplication.java:1361) [spring-boot-3.5.5.jar:3.5.5]
	at org.springframework.boot.SpringApplication.run(SpringApplication.java:1350) [spring-boot-3.5.5.jar:3.5.5]
	at com.opview.summary.SummaryDataApplication.main(SummaryDataApplication.java:13) [classes/:?]
	at java.base/jdk.internal.reflect.NativeMethodAccessorImpl.invoke0(Native Method) ~[?:?]
	at java.base/jdk.internal.reflect.NativeMethodAccessorImpl.invoke(NativeMethodAccessorImpl.java:77) ~[?:?]
	at java.base/jdk.internal.reflect.DelegatingMethodAccessorImpl.invoke(DelegatingMethodAccessorImpl.java:43) ~[?:?]
	at java.base/java.lang.reflect.Method.invoke(Method.java:568) ~[?:?]
	at org.springframework.boot.devtools.restart.RestartLauncher.run(RestartLauncher.java:50) [spring-boot-devtools-3.5.5.jar:3.5.5]
Caused by: org.springframework.util.PlaceholderResolutionException: Could not resolve placeholder 'NEWS_API_KEY' in value "${NEWS_API_KEY}" <-- "${newsapi.key}"
	at org.springframework.util.PlaceholderResolutionException.withValue(PlaceholderResolutionException.java:81) ~[spring-core-6.2.10.jar:6.2.10]
	at org.springframework.util.PlaceholderParser$ParsedValue.resolve(PlaceholderParser.java:423) ~[spring-core-6.2.10.jar:6.2.10]
	at org.springframework.util.PlaceholderParser.replacePlaceholders(PlaceholderParser.java:128) ~[spring-core-6.2.10.jar:6.2.10]
	at org.springframework.util.PropertyPlaceholderHelper.parseStringValue(PropertyPlaceholderHelper.java:118) ~[spring-core-6.2.10.jar:6.2.10]
	at org.springframework.util.PropertyPlaceholderHelper.replacePlaceholders(PropertyPlaceholderHelper.java:114) ~[spring-core-6.2.10.jar:6.2.10]
	at org.springframework.core.env.AbstractPropertyResolver.doResolvePlaceholders(AbstractPropertyResolver.java:293) ~[spring-core-6.2.10.jar:6.2.10]
	at org.springframework.core.env.AbstractPropertyResolver.resolveRequiredPlaceholders(AbstractPropertyResolver.java:264) ~[spring-core-6.2.10.jar:6.2.10]
	at org.springframework.context.support.PropertySourcesPlaceholderConfigurer.lambda$processProperties$0(PropertySourcesPlaceholderConfigurer.java:186) ~[spring-context-6.2.10.jar:6.2.10]
	at org.springframework.beans.factory.support.AbstractBeanFactory.resolveEmbeddedValue(AbstractBeanFactory.java:971) ~[spring-beans-6.2.10.jar:6.2.10]
	at org.springframework.beans.factory.support.DefaultListableBeanFactory.doResolveDependency(DefaultListableBeanFactory.java:1657) ~[spring-beans-6.2.10.jar:6.2.10]
	at org.springframework.beans.factory.support.DefaultListableBeanFactory.resolveDependency(DefaultListableBeanFactory.java:1635) ~[spring-beans-6.2.10.jar:6.2.10]
	at org.springframework.beans.factory.annotation.AutowiredAnnotationBeanPostProcessor$AutowiredFieldElement.resolveFieldValue(AutowiredAnnotationBeanPostProcessor.java:785) ~[spring-beans-6.2.10.jar:6.2.10]
	at org.springframework.beans.factory.annotation.AutowiredAnnotationBeanPostProcessor$AutowiredFieldElement.inject(AutowiredAnnotationBeanPostProcessor.java:768) ~[spring-beans-6.2.10.jar:6.2.10]
	at org.springframework.beans.factory.annotation.InjectionMetadata.inject(InjectionMetadata.java:146) ~[spring-beans-6.2.10.jar:6.2.10]
	at org.springframework.beans.factory.annotation.AutowiredAnnotationBeanPostProcessor.postProcessProperties(AutowiredAnnotationBeanPostProcessor.java:509) ~[spring-beans-6.2.10.jar:6.2.10]
	... 24 more
2026-02-02 11:58:09.030 [restartedMain] INFO  com.opview.summary.SummaryDataApplication - Starting SummaryDataApplication using Java 17.0.12 with PID 1980 (C:\Tim\summary-data\target\classes started by hp in C:\Tim\summary-data)
2026-02-02 11:58:09.080 [restartedMain] INFO  com.opview.summary.SummaryDataApplication - No active profile set, falling back to 1 default profile: "default"
2026-02-02 11:58:09.207 [restartedMain] INFO  org.springframework.boot.devtools.env.DevToolsPropertyDefaultsPostProcessor - Devtools property defaults active! Set 'spring.devtools.add-properties' to 'false' to disable
2026-02-02 11:58:09.208 [restartedMain] INFO  org.springframework.boot.devtools.env.DevToolsPropertyDefaultsPostProcessor - For additional web related logging consider setting the 'logging.level.web' property to 'DEBUG'
2026-02-02 11:58:11.181 [restartedMain] INFO  org.springframework.data.repository.config.RepositoryConfigurationDelegate - Bootstrapping Spring Data JDBC repositories in DEFAULT mode.
2026-02-02 11:58:11.338 [restartedMain] INFO  org.springframework.data.repository.config.RepositoryConfigurationDelegate - Finished Spring Data repository scanning in 144 ms. Found 1 JDBC repository interface.
2026-02-02 11:58:13.020 [restartedMain] INFO  org.springframework.boot.web.embedded.tomcat.TomcatWebServer - Tomcat initialized with port 8080 (http)
2026-02-02 11:58:13.062 [restartedMain] INFO  org.apache.coyote.http11.Http11NioProtocol - Initializing ProtocolHandler ["http-nio-8080"]
2026-02-02 11:58:13.068 [restartedMain] INFO  org.apache.catalina.core.StandardService - Starting service [Tomcat]
2026-02-02 11:58:13.069 [restartedMain] INFO  org.apache.catalina.core.StandardEngine - Starting Servlet engine: [Apache Tomcat/10.1.44]
2026-02-02 11:58:13.212 [restartedMain] INFO  org.apache.catalina.core.ContainerBase.[Tomcat].[localhost].[/] - Initializing Spring embedded WebApplicationContext
2026-02-02 11:58:13.218 [restartedMain] INFO  org.springframework.boot.web.servlet.context.ServletWebServerApplicationContext - Root WebApplicationContext: initialization completed in 4004 ms
2026-02-02 11:58:13.413 [restartedMain] WARN  org.springframework.boot.web.servlet.context.AnnotationConfigServletWebServerApplicationContext - Exception encountered during context initialization - cancelling refresh attempt: org.springframework.beans.factory.BeanCreationException: Error creating bean with name 'appProperties': Injection of autowired dependencies failed
2026-02-02 11:58:13.422 [restartedMain] INFO  org.apache.catalina.core.StandardService - Stopping service [Tomcat]
2026-02-02 11:58:13.487 [restartedMain] INFO  org.springframework.boot.autoconfigure.logging.ConditionEvaluationReportLogger - 

Error starting ApplicationContext. To display the condition evaluation report re-run your application with 'debug' enabled.
2026-02-02 11:58:13.562 [restartedMain] ERROR org.springframework.boot.SpringApplication - Application run failed
org.springframework.beans.factory.BeanCreationException: Error creating bean with name 'appProperties': Injection of autowired dependencies failed
	at org.springframework.beans.factory.annotation.AutowiredAnnotationBeanPostProcessor.postProcessProperties(AutowiredAnnotationBeanPostProcessor.java:515) ~[spring-beans-6.2.10.jar:6.2.10]
	at org.springframework.beans.factory.support.AbstractAutowireCapableBeanFactory.populateBean(AbstractAutowireCapableBeanFactory.java:1459) ~[spring-beans-6.2.10.jar:6.2.10]
	at org.springframework.beans.factory.support.AbstractAutowireCapableBeanFactory.doCreateBean(AbstractAutowireCapableBeanFactory.java:606) ~[spring-beans-6.2.10.jar:6.2.10]
	at org.springframework.beans.factory.support.AbstractAutowireCapableBeanFactory.createBean(AbstractAutowireCapableBeanFactory.java:529) ~[spring-beans-6.2.10.jar:6.2.10]
	at org.springframework.beans.factory.support.AbstractBeanFactory.lambda$doGetBean$0(AbstractBeanFactory.java:339) ~[spring-beans-6.2.10.jar:6.2.10]
	at org.springframework.beans.factory.support.DefaultSingletonBeanRegistry.getSingleton(DefaultSingletonBeanRegistry.java:373) ~[spring-beans-6.2.10.jar:6.2.10]
	at org.springframework.beans.factory.support.AbstractBeanFactory.doGetBean(AbstractBeanFactory.java:337) ~[spring-beans-6.2.10.jar:6.2.10]
	at org.springframework.beans.factory.support.AbstractBeanFactory.getBean(AbstractBeanFactory.java:202) ~[spring-beans-6.2.10.jar:6.2.10]
	at org.springframework.beans.factory.support.DefaultListableBeanFactory.instantiateSingleton(DefaultListableBeanFactory.java:1222) ~[spring-beans-6.2.10.jar:6.2.10]
	at org.springframework.beans.factory.support.DefaultListableBeanFactory.preInstantiateSingleton(DefaultListableBeanFactory.java:1188) ~[spring-beans-6.2.10.jar:6.2.10]
	at org.springframework.beans.factory.support.DefaultListableBeanFactory.preInstantiateSingletons(DefaultListableBeanFactory.java:1123) ~[spring-beans-6.2.10.jar:6.2.10]
	at org.springframework.context.support.AbstractApplicationContext.finishBeanFactoryInitialization(AbstractApplicationContext.java:987) ~[spring-context-6.2.10.jar:6.2.10]
	at org.springframework.context.support.AbstractApplicationContext.refresh(AbstractApplicationContext.java:627) ~[spring-context-6.2.10.jar:6.2.10]
	at org.springframework.boot.web.servlet.context.ServletWebServerApplicationContext.refresh(ServletWebServerApplicationContext.java:146) ~[spring-boot-3.5.5.jar:3.5.5]
	at org.springframework.boot.SpringApplication.refresh(SpringApplication.java:752) [spring-boot-3.5.5.jar:3.5.5]
	at org.springframework.boot.SpringApplication.refreshContext(SpringApplication.java:439) [spring-boot-3.5.5.jar:3.5.5]
	at org.springframework.boot.SpringApplication.run(SpringApplication.java:318) [spring-boot-3.5.5.jar:3.5.5]
	at org.springframework.boot.SpringApplication.run(SpringApplication.java:1361) [spring-boot-3.5.5.jar:3.5.5]
	at org.springframework.boot.SpringApplication.run(SpringApplication.java:1350) [spring-boot-3.5.5.jar:3.5.5]
	at com.opview.summary.SummaryDataApplication.main(SummaryDataApplication.java:13) [classes/:?]
	at java.base/jdk.internal.reflect.NativeMethodAccessorImpl.invoke0(Native Method) ~[?:?]
	at java.base/jdk.internal.reflect.NativeMethodAccessorImpl.invoke(NativeMethodAccessorImpl.java:77) ~[?:?]
	at java.base/jdk.internal.reflect.DelegatingMethodAccessorImpl.invoke(DelegatingMethodAccessorImpl.java:43) ~[?:?]
	at java.base/java.lang.reflect.Method.invoke(Method.java:568) ~[?:?]
	at org.springframework.boot.devtools.restart.RestartLauncher.run(RestartLauncher.java:50) [spring-boot-devtools-3.5.5.jar:3.5.5]
Caused by: org.springframework.util.PlaceholderResolutionException: Could not resolve placeholder 'NEWS_API_KEY' in value "${NEWS_API_KEY}" <-- "${newsapi.key}"
	at org.springframework.util.PlaceholderResolutionException.withValue(PlaceholderResolutionException.java:81) ~[spring-core-6.2.10.jar:6.2.10]
	at org.springframework.util.PlaceholderParser$ParsedValue.resolve(PlaceholderParser.java:423) ~[spring-core-6.2.10.jar:6.2.10]
	at org.springframework.util.PlaceholderParser.replacePlaceholders(PlaceholderParser.java:128) ~[spring-core-6.2.10.jar:6.2.10]
	at org.springframework.util.PropertyPlaceholderHelper.parseStringValue(PropertyPlaceholderHelper.java:118) ~[spring-core-6.2.10.jar:6.2.10]
	at org.springframework.util.PropertyPlaceholderHelper.replacePlaceholders(PropertyPlaceholderHelper.java:114) ~[spring-core-6.2.10.jar:6.2.10]
	at org.springframework.core.env.AbstractPropertyResolver.doResolvePlaceholders(AbstractPropertyResolver.java:293) ~[spring-core-6.2.10.jar:6.2.10]
	at org.springframework.core.env.AbstractPropertyResolver.resolveRequiredPlaceholders(AbstractPropertyResolver.java:264) ~[spring-core-6.2.10.jar:6.2.10]
	at org.springframework.context.support.PropertySourcesPlaceholderConfigurer.lambda$processProperties$0(PropertySourcesPlaceholderConfigurer.java:186) ~[spring-context-6.2.10.jar:6.2.10]
	at org.springframework.beans.factory.support.AbstractBeanFactory.resolveEmbeddedValue(AbstractBeanFactory.java:971) ~[spring-beans-6.2.10.jar:6.2.10]
	at org.springframework.beans.factory.support.DefaultListableBeanFactory.doResolveDependency(DefaultListableBeanFactory.java:1657) ~[spring-beans-6.2.10.jar:6.2.10]
	at org.springframework.beans.factory.support.DefaultListableBeanFactory.resolveDependency(DefaultListableBeanFactory.java:1635) ~[spring-beans-6.2.10.jar:6.2.10]
	at org.springframework.beans.factory.annotation.AutowiredAnnotationBeanPostProcessor$AutowiredFieldElement.resolveFieldValue(AutowiredAnnotationBeanPostProcessor.java:785) ~[spring-beans-6.2.10.jar:6.2.10]
	at org.springframework.beans.factory.annotation.AutowiredAnnotationBeanPostProcessor$AutowiredFieldElement.inject(AutowiredAnnotationBeanPostProcessor.java:768) ~[spring-beans-6.2.10.jar:6.2.10]
	at org.springframework.beans.factory.annotation.InjectionMetadata.inject(InjectionMetadata.java:146) ~[spring-beans-6.2.10.jar:6.2.10]
	at org.springframework.beans.factory.annotation.AutowiredAnnotationBeanPostProcessor.postProcessProperties(AutowiredAnnotationBeanPostProcessor.java:509) ~[spring-beans-6.2.10.jar:6.2.10]
	... 24 more
2026-02-02 12:06:17.363 [restartedMain] INFO  com.opview.summary.SummaryDataApplication - Starting SummaryDataApplication using Java 17.0.12 with PID 9380 (C:\Tim\summary-data\target\classes started by hp in C:\Tim\summary-data)
2026-02-02 12:06:17.383 [restartedMain] INFO  com.opview.summary.SummaryDataApplication - No active profile set, falling back to 1 default profile: "default"
2026-02-02 12:06:17.572 [restartedMain] INFO  org.springframework.boot.devtools.env.DevToolsPropertyDefaultsPostProcessor - Devtools property defaults active! Set 'spring.devtools.add-properties' to 'false' to disable
2026-02-02 12:06:17.576 [restartedMain] INFO  org.springframework.boot.devtools.env.DevToolsPropertyDefaultsPostProcessor - For additional web related logging consider setting the 'logging.level.web' property to 'DEBUG'
2026-02-02 12:06:21.694 [restartedMain] INFO  org.springframework.data.repository.config.RepositoryConfigurationDelegate - Bootstrapping Spring Data JDBC repositories in DEFAULT mode.
2026-02-02 12:06:21.910 [restartedMain] INFO  org.springframework.data.repository.config.RepositoryConfigurationDelegate - Finished Spring Data repository scanning in 178 ms. Found 1 JDBC repository interface.
2026-02-02 12:06:24.954 [restartedMain] INFO  org.springframework.boot.web.embedded.tomcat.TomcatWebServer - Tomcat initialized with port 8080 (http)
2026-02-02 12:06:25.098 [restartedMain] INFO  org.apache.coyote.http11.Http11NioProtocol - Initializing ProtocolHandler ["http-nio-8080"]
2026-02-02 12:06:25.328 [restartedMain] INFO  org.apache.catalina.core.StandardService - Starting service [Tomcat]
2026-02-02 12:06:25.422 [restartedMain] INFO  org.apache.catalina.core.StandardEngine - Starting Servlet engine: [Apache Tomcat/10.1.44]
2026-02-02 12:06:25.845 [restartedMain] INFO  org.apache.catalina.core.ContainerBase.[Tomcat].[localhost].[/] - Initializing Spring embedded WebApplicationContext
2026-02-02 12:06:25.855 [restartedMain] INFO  org.springframework.boot.web.servlet.context.ServletWebServerApplicationContext - Root WebApplicationContext: initialization completed in 8273 ms
2026-02-02 12:06:27.976 [restartedMain] INFO  com.zaxxer.hikari.HikariDataSource - HikariPool-1 - Starting...
2026-02-02 12:06:29.062 [restartedMain] INFO  com.zaxxer.hikari.pool.HikariPool - HikariPool-1 - Added connection com.mysql.cj.jdbc.ConnectionImpl@3e1ec669
2026-02-02 12:06:29.066 [restartedMain] INFO  com.zaxxer.hikari.HikariDataSource - HikariPool-1 - Start completed.
2026-02-02 12:06:29.566 [restartedMain] INFO  org.springframework.boot.devtools.autoconfigure.OptionalLiveReloadServer - LiveReload server is running on port 35729
2026-02-02 12:06:31.067 [restartedMain] INFO  org.apache.coyote.http11.Http11NioProtocol - Starting ProtocolHandler ["http-nio-8080"]
2026-02-02 12:06:31.142 [restartedMain] INFO  org.springframework.boot.web.embedded.tomcat.TomcatWebServer - Tomcat started on port 8080 (http) with context path '/'
2026-02-02 12:06:31.192 [restartedMain] INFO  com.opview.summary.SummaryDataApplication - Started SummaryDataApplication in 15.984 seconds (process running for 21.173)
2026-02-02 12:06:39.091 [http-nio-8080-exec-1] INFO  org.apache.catalina.core.ContainerBase.[Tomcat].[localhost].[/] - Initializing Spring DispatcherServlet 'dispatcherServlet'
2026-02-02 12:06:39.098 [http-nio-8080-exec-1] INFO  org.springframework.web.servlet.DispatcherServlet - Initializing Servlet 'dispatcherServlet'
2026-02-02 12:06:39.105 [http-nio-8080-exec-1] INFO  org.springframework.web.servlet.DispatcherServlet - Completed initialization in 6 ms
2026-02-02 12:06:39.288 [http-nio-8080-exec-1] INFO  com.opview.summary.scheduler.DailyTaskScheduler - �}�l������ȡA�ɶ��G2026-02-02T12:06:39.288319400
2026-02-02 12:06:40.257 [http-nio-8080-exec-1] INFO  com.opview.summary.service.DataProcessingService - �}�l�B�z�s�D���...
2026-02-02 12:06:40.316 [http-nio-8080-exec-1] INFO  com.opview.summary.util.ApiClient - �o�e NewsAPI �ШD: query=��� OR �ӷ~ OR AI, lang=zh, size=25, sort=popularity
2026-02-02 12:06:41.342 [http-nio-8080-exec-1] ERROR com.opview.summary.util.ApiClient - HTTP ���~: 400 BAD_REQUEST - Bad Request
2026-02-02 12:06:41.345 [http-nio-8080-exec-1] WARN  com.opview.summary.service.DataProcessingService - �����o����s�D��ơC
2026-02-02 12:06:41.479 [http-nio-8080-exec-1] INFO  com.opview.summary.scheduler.DailyTaskScheduler - ���Ȱ��榨�\�A�ɶ��G2026-02-02T12:06:41.479090400
2026-02-02 12:13:41.183 [File Watcher] INFO  org.springframework.boot.devtools.autoconfigure.LocalDevToolsAutoConfiguration$RestartingClassPathChangeChangedEventListener - Restarting due to 2 class path changes (0 additions, 0 deletions, 2 modifications)
2026-02-02 12:13:41.193 [Thread-4] INFO  org.springframework.boot.web.embedded.tomcat.GracefulShutdown - Commencing graceful shutdown. Waiting for active requests to complete
2026-02-02 12:13:41.243 [tomcat-shutdown] INFO  org.apache.coyote.http11.Http11NioProtocol - Pausing ProtocolHandler ["http-nio-8080"]
2026-02-02 12:13:42.147 [tomcat-shutdown] INFO  org.springframework.boot.web.embedded.tomcat.GracefulShutdown - Graceful shutdown complete
2026-02-02 12:13:42.148 [Thread-4] INFO  org.apache.coyote.http11.Http11NioProtocol - Stopping ProtocolHandler ["http-nio-8080"]
2026-02-02 12:13:42.161 [Thread-4] INFO  com.zaxxer.hikari.HikariDataSource - HikariPool-1 - Shutdown initiated...
2026-02-02 12:13:42.190 [Thread-4] INFO  com.zaxxer.hikari.HikariDataSource - HikariPool-1 - Shutdown completed.
2026-02-02 12:13:42.452 [restartedMain] INFO  com.opview.summary.SummaryDataApplication - Starting SummaryDataApplication using Java 17.0.12 with PID 9380 (C:\Tim\summary-data\target\classes started by hp in C:\Tim\summary-data)
2026-02-02 12:13:42.460 [restartedMain] INFO  com.opview.summary.SummaryDataApplication - No active profile set, falling back to 1 default profile: "default"
2026-02-02 12:13:43.766 [restartedMain] INFO  org.springframework.data.repository.config.RepositoryConfigurationDelegate - Bootstrapping Spring Data JDBC repositories in DEFAULT mode.
2026-02-02 12:13:43.871 [restartedMain] INFO  org.springframework.data.repository.config.RepositoryConfigurationDelegate - Finished Spring Data repository scanning in 94 ms. Found 1 JDBC repository interface.
2026-02-02 12:13:44.307 [restartedMain] INFO  org.springframework.boot.web.embedded.tomcat.TomcatWebServer - Tomcat initialized with port 8080 (http)
2026-02-02 12:13:44.310 [restartedMain] INFO  org.apache.coyote.http11.Http11NioProtocol - Initializing ProtocolHandler ["http-nio-8080"]
2026-02-02 12:13:44.312 [restartedMain] INFO  org.apache.catalina.core.StandardService - Starting service [Tomcat]
2026-02-02 12:13:44.315 [restartedMain] INFO  org.apache.catalina.core.StandardEngine - Starting Servlet engine: [Apache Tomcat/10.1.44]
2026-02-02 12:13:44.401 [restartedMain] INFO  org.apache.catalina.core.ContainerBase.[Tomcat].[localhost].[/] - Initializing Spring embedded WebApplicationContext
2026-02-02 12:13:44.403 [restartedMain] INFO  org.springframework.boot.web.servlet.context.ServletWebServerApplicationContext - Root WebApplicationContext: initialization completed in 1935 ms
2026-02-02 12:13:44.659 [restartedMain] INFO  com.zaxxer.hikari.HikariDataSource - HikariPool-2 - Starting...
2026-02-02 12:13:44.710 [restartedMain] INFO  com.zaxxer.hikari.pool.HikariPool - HikariPool-2 - Added connection com.mysql.cj.jdbc.ConnectionImpl@2f90f93f
2026-02-02 12:13:44.749 [restartedMain] INFO  com.zaxxer.hikari.HikariDataSource - HikariPool-2 - Start completed.
2026-02-02 12:13:44.833 [restartedMain] INFO  org.springframework.boot.devtools.autoconfigure.OptionalLiveReloadServer - LiveReload server is running on port 35729
2026-02-02 12:13:45.456 [restartedMain] INFO  org.apache.coyote.http11.Http11NioProtocol - Starting ProtocolHandler ["http-nio-8080"]
2026-02-02 12:13:45.466 [restartedMain] INFO  org.springframework.boot.web.embedded.tomcat.TomcatWebServer - Tomcat started on port 8080 (http) with context path '/'
2026-02-02 12:13:45.569 [restartedMain] INFO  com.opview.summary.SummaryDataApplication - Started SummaryDataApplication in 3.269 seconds (process running for 455.55)
2026-02-02 12:13:45.580 [restartedMain] INFO  org.springframework.boot.devtools.autoconfigure.ConditionEvaluationDeltaLoggingListener - Condition evaluation unchanged
2026-02-02 12:13:55.210 [http-nio-8080-exec-2] INFO  org.apache.catalina.core.ContainerBase.[Tomcat].[localhost].[/] - Initializing Spring DispatcherServlet 'dispatcherServlet'
2026-02-02 12:13:55.211 [http-nio-8080-exec-2] INFO  org.springframework.web.servlet.DispatcherServlet - Initializing Servlet 'dispatcherServlet'
2026-02-02 12:13:55.212 [http-nio-8080-exec-2] INFO  org.springframework.web.servlet.DispatcherServlet - Completed initialization in 1 ms
2026-02-02 12:13:55.216 [http-nio-8080-exec-2] INFO  com.opview.summary.scheduler.DailyTaskScheduler - �}�l������ȡA�ɶ��G2026-02-02T12:13:55.216738600
2026-02-02 12:13:55.272 [http-nio-8080-exec-2] INFO  com.opview.summary.service.DataProcessingService - �}�l����s�D�A����d��q: 2026-02-01
2026-02-02 12:13:55.285 [http-nio-8080-exec-2] INFO  com.opview.summary.util.ApiClient - �o�e NewsAPI �ШD: query=��� OR �ӷ~ OR AI, lang=zh, size=25, sort=popularity
2026-02-02 12:13:55.615 [http-nio-8080-exec-2] ERROR com.opview.summary.util.ApiClient - NewsAPI �ШD����: 400 Bad Request on GET request for "https://newsapi.org/v2/everything": [no body]
2026-02-02 12:13:55.621 [http-nio-8080-exec-2] WARN  com.opview.summary.service.DataProcessingService - �����������ơC
2026-02-02 12:13:55.662 [http-nio-8080-exec-2] INFO  com.opview.summary.scheduler.DailyTaskScheduler - ���Ȱ��榨�\�A�ɶ��G2026-02-02T12:13:55.662934300
2026-02-02 12:21:33.038 [http-nio-8080-exec-5] INFO  com.opview.summary.scheduler.DailyTaskScheduler - �}�l������ȡA�ɶ��G2026-02-02T12:21:33.038929100
2026-02-02 12:21:33.062 [http-nio-8080-exec-5] INFO  com.opview.summary.service.DataProcessingService - �}�l����s�D�A����d��q: 2026-02-01
2026-02-02 12:21:33.063 [http-nio-8080-exec-5] INFO  com.opview.summary.util.ApiClient - �o�e NewsAPI �ШD: query=��� OR �ӷ~ OR AI, lang=zh, size=25, sort=popularity
2026-02-02 12:21:33.311 [http-nio-8080-exec-5] ERROR com.opview.summary.util.ApiClient - NewsAPI �ШD����: 400 Bad Request on GET request for "https://newsapi.org/v2/everything": [no body]
2026-02-02 12:21:33.313 [http-nio-8080-exec-5] WARN  com.opview.summary.service.DataProcessingService - �����������ơC
2026-02-02 12:21:33.328 [http-nio-8080-exec-5] INFO  com.opview.summary.scheduler.DailyTaskScheduler - ���Ȱ��榨�\�A�ɶ��G2026-02-02T12:21:33.328702900
2026-02-02 12:27:23.763 [File Watcher] INFO  org.springframework.boot.devtools.autoconfigure.LocalDevToolsAutoConfiguration$RestartingClassPathChangeChangedEventListener - Restarting due to 1 class path change (0 additions, 0 deletions, 1 modification)
2026-02-02 12:27:23.768 [Thread-7] INFO  org.springframework.boot.web.embedded.tomcat.GracefulShutdown - Commencing graceful shutdown. Waiting for active requests to complete
2026-02-02 12:27:23.785 [tomcat-shutdown] INFO  org.apache.coyote.http11.Http11NioProtocol - Pausing ProtocolHandler ["http-nio-8080"]
2026-02-02 12:27:24.424 [tomcat-shutdown] INFO  org.springframework.boot.web.embedded.tomcat.GracefulShutdown - Graceful shutdown complete
2026-02-02 12:27:24.426 [Thread-7] INFO  org.apache.coyote.http11.Http11NioProtocol - Stopping ProtocolHandler ["http-nio-8080"]
2026-02-02 12:27:24.432 [Thread-7] INFO  com.zaxxer.hikari.HikariDataSource - HikariPool-2 - Shutdown initiated...
2026-02-02 12:27:24.445 [Thread-7] INFO  com.zaxxer.hikari.HikariDataSource - HikariPool-2 - Shutdown completed.
2026-02-02 12:27:24.628 [restartedMain] INFO  com.opview.summary.SummaryDataApplication - Starting SummaryDataApplication using Java 17.0.12 with PID 9380 (C:\Tim\summary-data\target\classes started by hp in C:\Tim\summary-data)
2026-02-02 12:27:24.636 [restartedMain] INFO  com.opview.summary.SummaryDataApplication - No active profile set, falling back to 1 default profile: "default"
2026-02-02 12:27:25.340 [restartedMain] INFO  org.springframework.data.repository.config.RepositoryConfigurationDelegate - Bootstrapping Spring Data JDBC repositories in DEFAULT mode.
2026-02-02 12:27:25.423 [restartedMain] INFO  org.springframework.data.repository.config.RepositoryConfigurationDelegate - Finished Spring Data repository scanning in 69 ms. Found 1 JDBC repository interface.
2026-02-02 12:27:25.747 [restartedMain] INFO  org.springframework.boot.web.embedded.tomcat.TomcatWebServer - Tomcat initialized with port 8080 (http)
2026-02-02 12:27:25.750 [restartedMain] INFO  org.apache.coyote.http11.Http11NioProtocol - Initializing ProtocolHandler ["http-nio-8080"]
2026-02-02 12:27:25.751 [restartedMain] INFO  org.apache.catalina.core.StandardService - Starting service [Tomcat]
2026-02-02 12:27:25.751 [restartedMain] INFO  org.apache.catalina.core.StandardEngine - Starting Servlet engine: [Apache Tomcat/10.1.44]
2026-02-02 12:27:25.816 [restartedMain] INFO  org.apache.catalina.core.ContainerBase.[Tomcat].[localhost].[/] - Initializing Spring embedded WebApplicationContext
2026-02-02 12:27:25.818 [restartedMain] INFO  org.springframework.boot.web.servlet.context.ServletWebServerApplicationContext - Root WebApplicationContext: initialization completed in 1177 ms
2026-02-02 12:27:25.923 [restartedMain] INFO  com.zaxxer.hikari.HikariDataSource - HikariPool-3 - Starting...
2026-02-02 12:27:25.988 [restartedMain] INFO  com.zaxxer.hikari.pool.HikariPool - HikariPool-3 - Added connection com.mysql.cj.jdbc.ConnectionImpl@76eda030
2026-02-02 12:27:25.988 [restartedMain] INFO  com.zaxxer.hikari.HikariDataSource - HikariPool-3 - Start completed.
2026-02-02 12:27:26.026 [restartedMain] INFO  org.springframework.boot.devtools.autoconfigure.OptionalLiveReloadServer - LiveReload server is running on port 35729
2026-02-02 12:27:26.262 [restartedMain] INFO  org.apache.coyote.http11.Http11NioProtocol - Starting ProtocolHandler ["http-nio-8080"]
2026-02-02 12:27:26.269 [restartedMain] INFO  org.springframework.boot.web.embedded.tomcat.TomcatWebServer - Tomcat started on port 8080 (http) with context path '/'
2026-02-02 12:27:26.289 [restartedMain] INFO  com.opview.summary.SummaryDataApplication - Started SummaryDataApplication in 1.748 seconds (process running for 1276.27)
2026-02-02 12:27:26.291 [restartedMain] INFO  org.springframework.boot.devtools.autoconfigure.ConditionEvaluationDeltaLoggingListener - Condition evaluation unchanged
2026-02-02 12:27:34.937 [http-nio-8080-exec-2] INFO  org.apache.catalina.core.ContainerBase.[Tomcat].[localhost].[/] - Initializing Spring DispatcherServlet 'dispatcherServlet'
2026-02-02 12:27:34.939 [http-nio-8080-exec-2] INFO  org.springframework.web.servlet.DispatcherServlet - Initializing Servlet 'dispatcherServlet'
2026-02-02 12:27:34.940 [http-nio-8080-exec-2] INFO  org.springframework.web.servlet.DispatcherServlet - Completed initialization in 1 ms
2026-02-02 12:27:34.942 [http-nio-8080-exec-2] INFO  com.opview.summary.scheduler.DailyTaskScheduler - �}�l������ȡA�ɶ��G2026-02-02T12:27:34.941798700
2026-02-02 12:27:34.965 [http-nio-8080-exec-2] INFO  com.opview.summary.service.DataProcessingService - �}�l����s�D�A����d��q: 2026-02-01
2026-02-02 12:27:34.969 [http-nio-8080-exec-2] INFO  com.opview.summary.util.ApiClient - ���b�o�e�ШD��: https://newsapi.org/v2/everything?q=...
2026-02-02 12:27:35.244 [http-nio-8080-exec-2] ERROR com.opview.summary.util.ApiClient - NewsAPI �ШD����: 400 Bad Request on GET request for "https://newsapi.org/v2/everything": [no body]
2026-02-02 12:27:35.244 [http-nio-8080-exec-2] WARN  com.opview.summary.service.DataProcessingService - �����������ơC
2026-02-02 12:27:35.254 [http-nio-8080-exec-2] INFO  com.opview.summary.scheduler.DailyTaskScheduler - ���Ȱ��榨�\�A�ɶ��G2026-02-02T12:27:35.254338300
2026-02-02 12:29:33.505 [File Watcher] INFO  org.springframework.boot.devtools.autoconfigure.LocalDevToolsAutoConfiguration$RestartingClassPathChangeChangedEventListener - Restarting due to 1 class path change (0 additions, 0 deletions, 1 modification)
2026-02-02 12:29:33.509 [Thread-11] INFO  org.springframework.boot.web.embedded.tomcat.GracefulShutdown - Commencing graceful shutdown. Waiting for active requests to complete
2026-02-02 12:29:33.512 [tomcat-shutdown] INFO  org.apache.coyote.http11.Http11NioProtocol - Pausing ProtocolHandler ["http-nio-8080"]
2026-02-02 12:29:33.962 [tomcat-shutdown] INFO  org.springframework.boot.web.embedded.tomcat.GracefulShutdown - Graceful shutdown complete
2026-02-02 12:29:33.963 [Thread-11] INFO  org.apache.coyote.http11.Http11NioProtocol - Stopping ProtocolHandler ["http-nio-8080"]
2026-02-02 12:29:33.967 [Thread-11] INFO  com.zaxxer.hikari.HikariDataSource - HikariPool-3 - Shutdown initiated...
2026-02-02 12:29:33.980 [Thread-11] INFO  com.zaxxer.hikari.HikariDataSource - HikariPool-3 - Shutdown completed.
2026-02-02 12:29:34.121 [restartedMain] INFO  com.opview.summary.SummaryDataApplication - Starting SummaryDataApplication using Java 17.0.12 with PID 9380 (C:\Tim\summary-data\target\classes started by hp in C:\Tim\summary-data)
2026-02-02 12:29:34.125 [restartedMain] INFO  com.opview.summary.SummaryDataApplication - No active profile set, falling back to 1 default profile: "default"
2026-02-02 12:29:34.494 [restartedMain] INFO  org.springframework.data.repository.config.RepositoryConfigurationDelegate - Bootstrapping Spring Data JDBC repositories in DEFAULT mode.
2026-02-02 12:29:34.566 [restartedMain] INFO  org.springframework.data.repository.config.RepositoryConfigurationDelegate - Finished Spring Data repository scanning in 68 ms. Found 1 JDBC repository interface.
2026-02-02 12:29:34.720 [restartedMain] INFO  org.springframework.boot.web.embedded.tomcat.TomcatWebServer - Tomcat initialized with port 8080 (http)
2026-02-02 12:29:34.722 [restartedMain] INFO  org.apache.coyote.http11.Http11NioProtocol - Initializing ProtocolHandler ["http-nio-8080"]
2026-02-02 12:29:34.723 [restartedMain] INFO  org.apache.catalina.core.StandardService - Starting service [Tomcat]
2026-02-02 12:29:34.723 [restartedMain] INFO  org.apache.catalina.core.StandardEngine - Starting Servlet engine: [Apache Tomcat/10.1.44]
2026-02-02 12:29:34.768 [restartedMain] INFO  org.apache.catalina.core.ContainerBase.[Tomcat].[localhost].[/] - Initializing Spring embedded WebApplicationContext
2026-02-02 12:29:34.769 [restartedMain] INFO  org.springframework.boot.web.servlet.context.ServletWebServerApplicationContext - Root WebApplicationContext: initialization completed in 638 ms
2026-02-02 12:29:34.848 [restartedMain] INFO  com.zaxxer.hikari.HikariDataSource - HikariPool-4 - Starting...
2026-02-02 12:29:34.880 [restartedMain] INFO  com.zaxxer.hikari.pool.HikariPool - HikariPool-4 - Added connection com.mysql.cj.jdbc.ConnectionImpl@721733db
2026-02-02 12:29:34.880 [restartedMain] INFO  com.zaxxer.hikari.HikariDataSource - HikariPool-4 - Start completed.
2026-02-02 12:29:34.912 [restartedMain] INFO  org.springframework.boot.devtools.autoconfigure.OptionalLiveReloadServer - LiveReload server is running on port 35729
2026-02-02 12:29:35.152 [restartedMain] INFO  org.apache.coyote.http11.Http11NioProtocol - Starting ProtocolHandler ["http-nio-8080"]
2026-02-02 12:29:35.165 [restartedMain] INFO  org.springframework.boot.web.embedded.tomcat.TomcatWebServer - Tomcat started on port 8080 (http) with context path '/'
2026-02-02 12:29:35.184 [restartedMain] INFO  com.opview.summary.SummaryDataApplication - Started SummaryDataApplication in 1.13 seconds (process running for 1405.165)
2026-02-02 12:29:35.229 [restartedMain] INFO  org.springframework.boot.devtools.autoconfigure.ConditionEvaluationDeltaLoggingListener - Condition evaluation unchanged
2026-02-02 12:29:41.305 [http-nio-8080-exec-2] INFO  org.apache.catalina.core.ContainerBase.[Tomcat].[localhost].[/] - Initializing Spring DispatcherServlet 'dispatcherServlet'
2026-02-02 12:29:41.306 [http-nio-8080-exec-2] INFO  org.springframework.web.servlet.DispatcherServlet - Initializing Servlet 'dispatcherServlet'
2026-02-02 12:29:41.312 [http-nio-8080-exec-2] INFO  org.springframework.web.servlet.DispatcherServlet - Completed initialization in 3 ms
2026-02-02 12:29:41.317 [http-nio-8080-exec-2] INFO  com.opview.summary.scheduler.DailyTaskScheduler - �}�l������ȡA�ɶ��G2026-02-02T12:29:41.317014
2026-02-02 12:29:41.349 [http-nio-8080-exec-2] INFO  com.opview.summary.service.DataProcessingService - �}�l����s�D�A����d��q: 2026-02-01
2026-02-02 12:29:41.357 [http-nio-8080-exec-2] INFO  com.opview.summary.util.ApiClient - ���b�o�e�ШD��: https://newsapi.org/v2/everything?q=...
2026-02-02 12:29:41.834 [http-nio-8080-exec-2] INFO  com.opview.summary.service.DataProcessingService - ���\���o 25 ���s�D
2026-02-02 12:29:42.128 [http-nio-8080-exec-2] INFO  com.opview.summary.scheduler.DailyTaskScheduler - ���Ȱ��榨�\�A�ɶ��G2026-02-02T12:29:42.128022800
2026-02-02 13:13:30.521 [http-nio-8080-exec-4] ERROR com.opview.summary.service.GeminiService - Gemini ���ͺK�n���� ID: 3
com.google.genai.errors.ClientException: 429 Too Many Requests. You exceeded your current quota, please check your plan and billing details. For more information on this error, head to: https://ai.google.dev/gemini-api/docs/rate-limits. To monitor your current usage, head to: https://ai.dev/rate-limit. 
* Quota exceeded for metric: generativelanguage.googleapis.com/generate_content_free_tier_requests, limit: 5, model: gemini-2.5-flash
Please retry in 29.968277003s.
	at com.google.genai.errors.ApiException.throwFromResponse(ApiException.java:63) ~[google-genai-1.0.0.jar:1.0.0]
	at com.google.genai.HttpApiResponse.getEntity(HttpApiResponse.java:39) ~[google-genai-1.0.0.jar:1.0.0]
	at com.google.genai.Models.privateGenerateContent(Models.java:5420) ~[google-genai-1.0.0.jar:1.0.0]
	at com.google.genai.Models.generateContent(Models.java:6282) ~[google-genai-1.0.0.jar:1.0.0]
	at com.google.genai.Models.generateContent(Models.java:6356) ~[google-genai-1.0.0.jar:1.0.0]
	at com.opview.summary.service.GeminiService.lambda$0(GeminiService.java:82) ~[classes/:?]
	at java.base/java.util.stream.ReferencePipeline$3$1.accept(ReferencePipeline.java:197) [?:?]
	at java.base/java.util.ArrayList$ArrayListSpliterator.forEachRemaining(ArrayList.java:1625) [?:?]
	at java.base/java.util.stream.AbstractPipeline.copyInto(AbstractPipeline.java:509) [?:?]
	at java.base/java.util.stream.AbstractPipeline.wrapAndCopyInto(AbstractPipeline.java:499) [?:?]
	at java.base/java.util.stream.ReduceOps$ReduceOp.evaluateSequential(ReduceOps.java:921) [?:?]
	at java.base/java.util.stream.AbstractPipeline.evaluate(AbstractPipeline.java:234) [?:?]
	at java.base/java.util.stream.ReferencePipeline.collect(ReferencePipeline.java:682) [?:?]
	at com.opview.summary.service.GeminiService.summarizeEachArticle(GeminiService.java:105) [classes/:?]
	at com.opview.summary.controller.SummaryController.getSummary(SummaryController.java:35) [classes/:?]
	at java.base/jdk.internal.reflect.NativeMethodAccessorImpl.invoke0(Native Method) ~[?:?]
	at java.base/jdk.internal.reflect.NativeMethodAccessorImpl.invoke(NativeMethodAccessorImpl.java:77) ~[?:?]
	at java.base/jdk.internal.reflect.DelegatingMethodAccessorImpl.invoke(DelegatingMethodAccessorImpl.java:43) ~[?:?]
	at java.base/java.lang.reflect.Method.invoke(Method.java:568) ~[?:?]
	at org.springframework.web.method.support.InvocableHandlerMethod.doInvoke(InvocableHandlerMethod.java:258) [spring-web-6.2.10.jar:6.2.10]
	at org.springframework.web.method.support.InvocableHandlerMethod.invokeForRequest(InvocableHandlerMethod.java:191) [spring-web-6.2.10.jar:6.2.10]
	at org.springframework.web.servlet.mvc.method.annotation.ServletInvocableHandlerMethod.invokeAndHandle(ServletInvocableHandlerMethod.java:118) [spring-webmvc-6.2.10.jar:6.2.10]
	at org.springframework.web.servlet.mvc.method.annotation.RequestMappingHandlerAdapter.invokeHandlerMethod(RequestMappingHandlerAdapter.java:991) [spring-webmvc-6.2.10.jar:6.2.10]
	at org.springframework.web.servlet.mvc.method.annotation.RequestMappingHandlerAdapter.handleInternal(RequestMappingHandlerAdapter.java:896) [spring-webmvc-6.2.10.jar:6.2.10]
	at org.springframework.web.servlet.mvc.method.AbstractHandlerMethodAdapter.handle(AbstractHandlerMethodAdapter.java:87) [spring-webmvc-6.2.10.jar:6.2.10]
	at org.springframework.web.servlet.DispatcherServlet.doDispatch(DispatcherServlet.java:1089) [spring-webmvc-6.2.10.jar:6.2.10]
	at org.springframework.web.servlet.DispatcherServlet.doService(DispatcherServlet.java:979) [spring-webmvc-6.2.10.jar:6.2.10]
	at org.springframework.web.servlet.FrameworkServlet.processRequest(FrameworkServlet.java:1014) [spring-webmvc-6.2.10.jar:6.2.10]
	at org.springframework.web.servlet.FrameworkServlet.doPost(FrameworkServlet.java:914) [spring-webmvc-6.2.10.jar:6.2.10]
	at jakarta.servlet.http.HttpServlet.service(HttpServlet.java:590) [tomcat-embed-core-10.1.44.jar:6.0]
	at org.springframework.web.servlet.FrameworkServlet.service(FrameworkServlet.java:885) [spring-webmvc-6.2.10.jar:6.2.10]
	at jakarta.servlet.http.HttpServlet.service(HttpServlet.java:658) [tomcat-embed-core-10.1.44.jar:6.0]
	at org.apache.catalina.core.ApplicationFilterChain.internalDoFilter(ApplicationFilterChain.java:195) [tomcat-embed-core-10.1.44.jar:10.1.44]
	at org.apache.catalina.core.ApplicationFilterChain.doFilter(ApplicationFilterChain.java:140) [tomcat-embed-core-10.1.44.jar:10.1.44]
	at org.apache.tomcat.websocket.server.WsFilter.doFilter(WsFilter.java:51) [tomcat-embed-websocket-10.1.44.jar:10.1.44]
	at org.apache.catalina.core.ApplicationFilterChain.internalDoFilter(ApplicationFilterChain.java:164) [tomcat-embed-core-10.1.44.jar:10.1.44]
	at org.apache.catalina.core.ApplicationFilterChain.doFilter(ApplicationFilterChain.java:140) [tomcat-embed-core-10.1.44.jar:10.1.44]
	at org.springframework.web.filter.RequestContextFilter.doFilterInternal(RequestContextFilter.java:100) [spring-web-6.2.10.jar:6.2.10]
	at org.springframework.web.filter.OncePerRequestFilter.doFilter(OncePerRequestFilter.java:116) [spring-web-6.2.10.jar:6.2.10]
	at org.apache.catalina.core.ApplicationFilterChain.internalDoFilter(ApplicationFilterChain.java:164) [tomcat-embed-core-10.1.44.jar:10.1.44]
	at org.apache.catalina.core.ApplicationFilterChain.doFilter(ApplicationFilterChain.java:140) [tomcat-embed-core-10.1.44.jar:10.1.44]
	at org.springframework.web.filter.FormContentFilter.doFilterInternal(FormContentFilter.java:93) [spring-web-6.2.10.jar:6.2.10]
	at org.springframework.web.filter.OncePerRequestFilter.doFilter(OncePerRequestFilter.java:116) [spring-web-6.2.10.jar:6.2.10]
	at org.apache.catalina.core.ApplicationFilterChain.internalDoFilter(ApplicationFilterChain.java:164) [tomcat-embed-core-10.1.44.jar:10.1.44]
	at org.apache.catalina.core.ApplicationFilterChain.doFilter(ApplicationFilterChain.java:140) [tomcat-embed-core-10.1.44.jar:10.1.44]
	at org.springframework.web.filter.CharacterEncodingFilter.doFilterInternal(CharacterEncodingFilter.java:201) [spring-web-6.2.10.jar:6.2.10]
	at org.springframework.web.filter.OncePerRequestFilter.doFilter(OncePerRequestFilter.java:116) [spring-web-6.2.10.jar:6.2.10]
	at org.apache.catalina.core.ApplicationFilterChain.internalDoFilter(ApplicationFilterChain.java:164) [tomcat-embed-core-10.1.44.jar:10.1.44]
	at org.apache.catalina.core.ApplicationFilterChain.doFilter(ApplicationFilterChain.java:140) [tomcat-embed-core-10.1.44.jar:10.1.44]
	at org.apache.catalina.core.StandardWrapperValve.invoke(StandardWrapperValve.java:167) [tomcat-embed-core-10.1.44.jar:10.1.44]
	at org.apache.catalina.core.StandardContextValve.invoke(StandardContextValve.java:90) [tomcat-embed-core-10.1.44.jar:10.1.44]
	at org.apache.catalina.authenticator.AuthenticatorBase.invoke(AuthenticatorBase.java:483) [tomcat-embed-core-10.1.44.jar:10.1.44]
	at org.apache.catalina.core.StandardHostValve.invoke(StandardHostValve.java:116) [tomcat-embed-core-10.1.44.jar:10.1.44]
	at org.apache.catalina.valves.ErrorReportValve.invoke(ErrorReportValve.java:93) [tomcat-embed-core-10.1.44.jar:10.1.44]
	at org.apache.catalina.core.StandardEngineValve.invoke(StandardEngineValve.java:74) [tomcat-embed-core-10.1.44.jar:10.1.44]
	at org.apache.catalina.connector.CoyoteAdapter.service(CoyoteAdapter.java:344) [tomcat-embed-core-10.1.44.jar:10.1.44]
	at org.apache.coyote.http11.Http11Processor.service(Http11Processor.java:398) [tomcat-embed-core-10.1.44.jar:10.1.44]
	at org.apache.coyote.AbstractProcessorLight.process(AbstractProcessorLight.java:63) [tomcat-embed-core-10.1.44.jar:10.1.44]
	at org.apache.coyote.AbstractProtocol$ConnectionHandler.process(AbstractProtocol.java:903) [tomcat-embed-core-10.1.44.jar:10.1.44]
	at org.apache.tomcat.util.net.NioEndpoint$SocketProcessor.doRun(NioEndpoint.java:1769) [tomcat-embed-core-10.1.44.jar:10.1.44]
	at org.apache.tomcat.util.net.SocketProcessorBase.run(SocketProcessorBase.java:52) [tomcat-embed-core-10.1.44.jar:10.1.44]
	at org.apache.tomcat.util.threads.ThreadPoolExecutor.runWorker(ThreadPoolExecutor.java:1189) [tomcat-embed-core-10.1.44.jar:10.1.44]
	at org.apache.tomcat.util.threads.ThreadPoolExecutor$Worker.run(ThreadPoolExecutor.java:658) [tomcat-embed-core-10.1.44.jar:10.1.44]
	at org.apache.tomcat.util.threads.TaskThread$WrappingRunnable.run(TaskThread.java:63) [tomcat-embed-core-10.1.44.jar:10.1.44]
	at java.base/java.lang.Thread.run(Thread.java:842) [?:?]
2026-02-02 13:13:30.821 [http-nio-8080-exec-4] ERROR com.opview.summary.service.GeminiService - Gemini ���ͺK�n���� ID: 4
com.google.genai.errors.ClientException: 429 Too Many Requests. You exceeded your current quota, please check your plan and billing details. For more information on this error, head to: https://ai.google.dev/gemini-api/docs/rate-limits. To monitor your current usage, head to: https://ai.dev/rate-limit. 
* Quota exceeded for metric: generativelanguage.googleapis.com/generate_content_free_tier_requests, limit: 5, model: gemini-2.5-flash
Please retry in 29.660491016s.
	at com.google.genai.errors.ApiException.throwFromResponse(ApiException.java:63) ~[google-genai-1.0.0.jar:1.0.0]
	at com.google.genai.HttpApiResponse.getEntity(HttpApiResponse.java:39) ~[google-genai-1.0.0.jar:1.0.0]
	at com.google.genai.Models.privateGenerateContent(Models.java:5420) ~[google-genai-1.0.0.jar:1.0.0]
	at com.google.genai.Models.generateContent(Models.java:6282) ~[google-genai-1.0.0.jar:1.0.0]
	at com.google.genai.Models.generateContent(Models.java:6356) ~[google-genai-1.0.0.jar:1.0.0]
	at com.opview.summary.service.GeminiService.lambda$0(GeminiService.java:82) ~[classes/:?]
	at java.base/java.util.stream.ReferencePipeline$3$1.accept(ReferencePipeline.java:197) [?:?]
	at java.base/java.util.ArrayList$ArrayListSpliterator.forEachRemaining(ArrayList.java:1625) [?:?]
	at java.base/java.util.stream.AbstractPipeline.copyInto(AbstractPipeline.java:509) [?:?]
	at java.base/java.util.stream.AbstractPipeline.wrapAndCopyInto(AbstractPipeline.java:499) [?:?]
	at java.base/java.util.stream.ReduceOps$ReduceOp.evaluateSequential(ReduceOps.java:921) [?:?]
	at java.base/java.util.stream.AbstractPipeline.evaluate(AbstractPipeline.java:234) [?:?]
	at java.base/java.util.stream.ReferencePipeline.collect(ReferencePipeline.java:682) [?:?]
	at com.opview.summary.service.GeminiService.summarizeEachArticle(GeminiService.java:105) [classes/:?]
	at com.opview.summary.controller.SummaryController.getSummary(SummaryController.java:35) [classes/:?]
	at java.base/jdk.internal.reflect.NativeMethodAccessorImpl.invoke0(Native Method) ~[?:?]
	at java.base/jdk.internal.reflect.NativeMethodAccessorImpl.invoke(NativeMethodAccessorImpl.java:77) ~[?:?]
	at java.base/jdk.internal.reflect.DelegatingMethodAccessorImpl.invoke(DelegatingMethodAccessorImpl.java:43) ~[?:?]
	at java.base/java.lang.reflect.Method.invoke(Method.java:568) ~[?:?]
	at org.springframework.web.method.support.InvocableHandlerMethod.doInvoke(InvocableHandlerMethod.java:258) [spring-web-6.2.10.jar:6.2.10]
	at org.springframework.web.method.support.InvocableHandlerMethod.invokeForRequest(InvocableHandlerMethod.java:191) [spring-web-6.2.10.jar:6.2.10]
	at org.springframework.web.servlet.mvc.method.annotation.ServletInvocableHandlerMethod.invokeAndHandle(ServletInvocableHandlerMethod.java:118) [spring-webmvc-6.2.10.jar:6.2.10]
	at org.springframework.web.servlet.mvc.method.annotation.RequestMappingHandlerAdapter.invokeHandlerMethod(RequestMappingHandlerAdapter.java:991) [spring-webmvc-6.2.10.jar:6.2.10]
	at org.springframework.web.servlet.mvc.method.annotation.RequestMappingHandlerAdapter.handleInternal(RequestMappingHandlerAdapter.java:896) [spring-webmvc-6.2.10.jar:6.2.10]
	at org.springframework.web.servlet.mvc.method.AbstractHandlerMethodAdapter.handle(AbstractHandlerMethodAdapter.java:87) [spring-webmvc-6.2.10.jar:6.2.10]
	at org.springframework.web.servlet.DispatcherServlet.doDispatch(DispatcherServlet.java:1089) [spring-webmvc-6.2.10.jar:6.2.10]
	at org.springframework.web.servlet.DispatcherServlet.doService(DispatcherServlet.java:979) [spring-webmvc-6.2.10.jar:6.2.10]
	at org.springframework.web.servlet.FrameworkServlet.processRequest(FrameworkServlet.java:1014) [spring-webmvc-6.2.10.jar:6.2.10]
	at org.springframework.web.servlet.FrameworkServlet.doPost(FrameworkServlet.java:914) [spring-webmvc-6.2.10.jar:6.2.10]
	at jakarta.servlet.http.HttpServlet.service(HttpServlet.java:590) [tomcat-embed-core-10.1.44.jar:6.0]
	at org.springframework.web.servlet.FrameworkServlet.service(FrameworkServlet.java:885) [spring-webmvc-6.2.10.jar:6.2.10]
	at jakarta.servlet.http.HttpServlet.service(HttpServlet.java:658) [tomcat-embed-core-10.1.44.jar:6.0]
	at org.apache.catalina.core.ApplicationFilterChain.internalDoFilter(ApplicationFilterChain.java:195) [tomcat-embed-core-10.1.44.jar:10.1.44]
	at org.apache.catalina.core.ApplicationFilterChain.doFilter(ApplicationFilterChain.java:140) [tomcat-embed-core-10.1.44.jar:10.1.44]
	at org.apache.tomcat.websocket.server.WsFilter.doFilter(WsFilter.java:51) [tomcat-embed-websocket-10.1.44.jar:10.1.44]
	at org.apache.catalina.core.ApplicationFilterChain.internalDoFilter(ApplicationFilterChain.java:164) [tomcat-embed-core-10.1.44.jar:10.1.44]
	at org.apache.catalina.core.ApplicationFilterChain.doFilter(ApplicationFilterChain.java:140) [tomcat-embed-core-10.1.44.jar:10.1.44]
	at org.springframework.web.filter.RequestContextFilter.doFilterInternal(RequestContextFilter.java:100) [spring-web-6.2.10.jar:6.2.10]
	at org.springframework.web.filter.OncePerRequestFilter.doFilter(OncePerRequestFilter.java:116) [spring-web-6.2.10.jar:6.2.10]
	at org.apache.catalina.core.ApplicationFilterChain.internalDoFilter(ApplicationFilterChain.java:164) [tomcat-embed-core-10.1.44.jar:10.1.44]
	at org.apache.catalina.core.ApplicationFilterChain.doFilter(ApplicationFilterChain.java:140) [tomcat-embed-core-10.1.44.jar:10.1.44]
	at org.springframework.web.filter.FormContentFilter.doFilterInternal(FormContentFilter.java:93) [spring-web-6.2.10.jar:6.2.10]
	at org.springframework.web.filter.OncePerRequestFilter.doFilter(OncePerRequestFilter.java:116) [spring-web-6.2.10.jar:6.2.10]
	at org.apache.catalina.core.ApplicationFilterChain.internalDoFilter(ApplicationFilterChain.java:164) [tomcat-embed-core-10.1.44.jar:10.1.44]
	at org.apache.catalina.core.ApplicationFilterChain.doFilter(ApplicationFilterChain.java:140) [tomcat-embed-core-10.1.44.jar:10.1.44]
	at org.springframework.web.filter.CharacterEncodingFilter.doFilterInternal(CharacterEncodingFilter.java:201) [spring-web-6.2.10.jar:6.2.10]
	at org.springframework.web.filter.OncePerRequestFilter.doFilter(OncePerRequestFilter.java:116) [spring-web-6.2.10.jar:6.2.10]
	at org.apache.catalina.core.ApplicationFilterChain.internalDoFilter(ApplicationFilterChain.java:164) [tomcat-embed-core-10.1.44.jar:10.1.44]
	at org.apache.catalina.core.ApplicationFilterChain.doFilter(ApplicationFilterChain.java:140) [tomcat-embed-core-10.1.44.jar:10.1.44]
	at org.apache.catalina.core.StandardWrapperValve.invoke(StandardWrapperValve.java:167) [tomcat-embed-core-10.1.44.jar:10.1.44]
	at org.apache.catalina.core.StandardContextValve.invoke(StandardContextValve.java:90) [tomcat-embed-core-10.1.44.jar:10.1.44]
	at org.apache.catalina.authenticator.AuthenticatorBase.invoke(AuthenticatorBase.java:483) [tomcat-embed-core-10.1.44.jar:10.1.44]
	at org.apache.catalina.core.StandardHostValve.invoke(StandardHostValve.java:116) [tomcat-embed-core-10.1.44.jar:10.1.44]
	at org.apache.catalina.valves.ErrorReportValve.invoke(ErrorReportValve.java:93) [tomcat-embed-core-10.1.44.jar:10.1.44]
	at org.apache.catalina.core.StandardEngineValve.invoke(StandardEngineValve.java:74) [tomcat-embed-core-10.1.44.jar:10.1.44]
	at org.apache.catalina.connector.CoyoteAdapter.service(CoyoteAdapter.java:344) [tomcat-embed-core-10.1.44.jar:10.1.44]
	at org.apache.coyote.http11.Http11Processor.service(Http11Processor.java:398) [tomcat-embed-core-10.1.44.jar:10.1.44]
	at org.apache.coyote.AbstractProcessorLight.process(AbstractProcessorLight.java:63) [tomcat-embed-core-10.1.44.jar:10.1.44]
	at org.apache.coyote.AbstractProtocol$ConnectionHandler.process(AbstractProtocol.java:903) [tomcat-embed-core-10.1.44.jar:10.1.44]
	at org.apache.tomcat.util.net.NioEndpoint$SocketProcessor.doRun(NioEndpoint.java:1769) [tomcat-embed-core-10.1.44.jar:10.1.44]
	at org.apache.tomcat.util.net.SocketProcessorBase.run(SocketProcessorBase.java:52) [tomcat-embed-core-10.1.44.jar:10.1.44]
	at org.apache.tomcat.util.threads.ThreadPoolExecutor.runWorker(ThreadPoolExecutor.java:1189) [tomcat-embed-core-10.1.44.jar:10.1.44]
	at org.apache.tomcat.util.threads.ThreadPoolExecutor$Worker.run(ThreadPoolExecutor.java:658) [tomcat-embed-core-10.1.44.jar:10.1.44]
	at org.apache.tomcat.util.threads.TaskThread$WrappingRunnable.run(TaskThread.java:63) [tomcat-embed-core-10.1.44.jar:10.1.44]
	at java.base/java.lang.Thread.run(Thread.java:842) [?:?]
2026-02-02 13:13:31.099 [http-nio-8080-exec-4] ERROR com.opview.summary.service.GeminiService - Gemini ���ͺK�n���� ID: 108
com.google.genai.errors.ClientException: 429 Too Many Requests. You exceeded your current quota, please check your plan and billing details. For more information on this error, head to: https://ai.google.dev/gemini-api/docs/rate-limits. To monitor your current usage, head to: https://ai.dev/rate-limit. 
* Quota exceeded for metric: generativelanguage.googleapis.com/generate_content_free_tier_requests, limit: 5, model: gemini-2.5-flash
Please retry in 29.368840633s.
	at com.google.genai.errors.ApiException.throwFromResponse(ApiException.java:63) ~[google-genai-1.0.0.jar:1.0.0]
	at com.google.genai.HttpApiResponse.getEntity(HttpApiResponse.java:39) ~[google-genai-1.0.0.jar:1.0.0]
	at com.google.genai.Models.privateGenerateContent(Models.java:5420) ~[google-genai-1.0.0.jar:1.0.0]
	at com.google.genai.Models.generateContent(Models.java:6282) ~[google-genai-1.0.0.jar:1.0.0]
	at com.google.genai.Models.generateContent(Models.java:6356) ~[google-genai-1.0.0.jar:1.0.0]
	at com.opview.summary.service.GeminiService.lambda$0(GeminiService.java:82) ~[classes/:?]
	at java.base/java.util.stream.ReferencePipeline$3$1.accept(ReferencePipeline.java:197) [?:?]
	at java.base/java.util.ArrayList$ArrayListSpliterator.forEachRemaining(ArrayList.java:1625) [?:?]
	at java.base/java.util.stream.AbstractPipeline.copyInto(AbstractPipeline.java:509) [?:?]
	at java.base/java.util.stream.AbstractPipeline.wrapAndCopyInto(AbstractPipeline.java:499) [?:?]
	at java.base/java.util.stream.ReduceOps$ReduceOp.evaluateSequential(ReduceOps.java:921) [?:?]
	at java.base/java.util.stream.AbstractPipeline.evaluate(AbstractPipeline.java:234) [?:?]
	at java.base/java.util.stream.ReferencePipeline.collect(ReferencePipeline.java:682) [?:?]
	at com.opview.summary.service.GeminiService.summarizeEachArticle(GeminiService.java:105) [classes/:?]
	at com.opview.summary.controller.SummaryController.getSummary(SummaryController.java:35) [classes/:?]
	at java.base/jdk.internal.reflect.NativeMethodAccessorImpl.invoke0(Native Method) ~[?:?]
	at java.base/jdk.internal.reflect.NativeMethodAccessorImpl.invoke(NativeMethodAccessorImpl.java:77) ~[?:?]
	at java.base/jdk.internal.reflect.DelegatingMethodAccessorImpl.invoke(DelegatingMethodAccessorImpl.java:43) ~[?:?]
	at java.base/java.lang.reflect.Method.invoke(Method.java:568) ~[?:?]
	at org.springframework.web.method.support.InvocableHandlerMethod.doInvoke(InvocableHandlerMethod.java:258) [spring-web-6.2.10.jar:6.2.10]
	at org.springframework.web.method.support.InvocableHandlerMethod.invokeForRequest(InvocableHandlerMethod.java:191) [spring-web-6.2.10.jar:6.2.10]
	at org.springframework.web.servlet.mvc.method.annotation.ServletInvocableHandlerMethod.invokeAndHandle(ServletInvocableHandlerMethod.java:118) [spring-webmvc-6.2.10.jar:6.2.10]
	at org.springframework.web.servlet.mvc.method.annotation.RequestMappingHandlerAdapter.invokeHandlerMethod(RequestMappingHandlerAdapter.java:991) [spring-webmvc-6.2.10.jar:6.2.10]
	at org.springframework.web.servlet.mvc.method.annotation.RequestMappingHandlerAdapter.handleInternal(RequestMappingHandlerAdapter.java:896) [spring-webmvc-6.2.10.jar:6.2.10]
	at org.springframework.web.servlet.mvc.method.AbstractHandlerMethodAdapter.handle(AbstractHandlerMethodAdapter.java:87) [spring-webmvc-6.2.10.jar:6.2.10]
	at org.springframework.web.servlet.DispatcherServlet.doDispatch(DispatcherServlet.java:1089) [spring-webmvc-6.2.10.jar:6.2.10]
	at org.springframework.web.servlet.DispatcherServlet.doService(DispatcherServlet.java:979) [spring-webmvc-6.2.10.jar:6.2.10]
	at org.springframework.web.servlet.FrameworkServlet.processRequest(FrameworkServlet.java:1014) [spring-webmvc-6.2.10.jar:6.2.10]
	at org.springframework.web.servlet.FrameworkServlet.doPost(FrameworkServlet.java:914) [spring-webmvc-6.2.10.jar:6.2.10]
	at jakarta.servlet.http.HttpServlet.service(HttpServlet.java:590) [tomcat-embed-core-10.1.44.jar:6.0]
	at org.springframework.web.servlet.FrameworkServlet.service(FrameworkServlet.java:885) [spring-webmvc-6.2.10.jar:6.2.10]
	at jakarta.servlet.http.HttpServlet.service(HttpServlet.java:658) [tomcat-embed-core-10.1.44.jar:6.0]
	at org.apache.catalina.core.ApplicationFilterChain.internalDoFilter(ApplicationFilterChain.java:195) [tomcat-embed-core-10.1.44.jar:10.1.44]
	at org.apache.catalina.core.ApplicationFilterChain.doFilter(ApplicationFilterChain.java:140) [tomcat-embed-core-10.1.44.jar:10.1.44]
	at org.apache.tomcat.websocket.server.WsFilter.doFilter(WsFilter.java:51) [tomcat-embed-websocket-10.1.44.jar:10.1.44]
	at org.apache.catalina.core.ApplicationFilterChain.internalDoFilter(ApplicationFilterChain.java:164) [tomcat-embed-core-10.1.44.jar:10.1.44]
	at org.apache.catalina.core.ApplicationFilterChain.doFilter(ApplicationFilterChain.java:140) [tomcat-embed-core-10.1.44.jar:10.1.44]
	at org.springframework.web.filter.RequestContextFilter.doFilterInternal(RequestContextFilter.java:100) [spring-web-6.2.10.jar:6.2.10]
	at org.springframework.web.filter.OncePerRequestFilter.doFilter(OncePerRequestFilter.java:116) [spring-web-6.2.10.jar:6.2.10]
	at org.apache.catalina.core.ApplicationFilterChain.internalDoFilter(ApplicationFilterChain.java:164) [tomcat-embed-core-10.1.44.jar:10.1.44]
	at org.apache.catalina.core.ApplicationFilterChain.doFilter(ApplicationFilterChain.java:140) [tomcat-embed-core-10.1.44.jar:10.1.44]
	at org.springframework.web.filter.FormContentFilter.doFilterInternal(FormContentFilter.java:93) [spring-web-6.2.10.jar:6.2.10]
	at org.springframework.web.filter.OncePerRequestFilter.doFilter(OncePerRequestFilter.java:116) [spring-web-6.2.10.jar:6.2.10]
	at org.apache.catalina.core.ApplicationFilterChain.internalDoFilter(ApplicationFilterChain.java:164) [tomcat-embed-core-10.1.44.jar:10.1.44]
	at org.apache.catalina.core.ApplicationFilterChain.doFilter(ApplicationFilterChain.java:140) [tomcat-embed-core-10.1.44.jar:10.1.44]
	at org.springframework.web.filter.CharacterEncodingFilter.doFilterInternal(CharacterEncodingFilter.java:201) [spring-web-6.2.10.jar:6.2.10]
	at org.springframework.web.filter.OncePerRequestFilter.doFilter(OncePerRequestFilter.java:116) [spring-web-6.2.10.jar:6.2.10]
	at org.apache.catalina.core.ApplicationFilterChain.internalDoFilter(ApplicationFilterChain.java:164) [tomcat-embed-core-10.1.44.jar:10.1.44]
	at org.apache.catalina.core.ApplicationFilterChain.doFilter(ApplicationFilterChain.java:140) [tomcat-embed-core-10.1.44.jar:10.1.44]
	at org.apache.catalina.core.StandardWrapperValve.invoke(StandardWrapperValve.java:167) [tomcat-embed-core-10.1.44.jar:10.1.44]
	at org.apache.catalina.core.StandardContextValve.invoke(StandardContextValve.java:90) [tomcat-embed-core-10.1.44.jar:10.1.44]
	at org.apache.catalina.authenticator.AuthenticatorBase.invoke(AuthenticatorBase.java:483) [tomcat-embed-core-10.1.44.jar:10.1.44]
	at org.apache.catalina.core.StandardHostValve.invoke(StandardHostValve.java:116) [tomcat-embed-core-10.1.44.jar:10.1.44]
	at org.apache.catalina.valves.ErrorReportValve.invoke(ErrorReportValve.java:93) [tomcat-embed-core-10.1.44.jar:10.1.44]
	at org.apache.catalina.core.StandardEngineValve.invoke(StandardEngineValve.java:74) [tomcat-embed-core-10.1.44.jar:10.1.44]
	at org.apache.catalina.connector.CoyoteAdapter.service(CoyoteAdapter.java:344) [tomcat-embed-core-10.1.44.jar:10.1.44]
	at org.apache.coyote.http11.Http11Processor.service(Http11Processor.java:398) [tomcat-embed-core-10.1.44.jar:10.1.44]
	at org.apache.coyote.AbstractProcessorLight.process(AbstractProcessorLight.java:63) [tomcat-embed-core-10.1.44.jar:10.1.44]
	at org.apache.coyote.AbstractProtocol$ConnectionHandler.process(AbstractProtocol.java:903) [tomcat-embed-core-10.1.44.jar:10.1.44]
	at org.apache.tomcat.util.net.NioEndpoint$SocketProcessor.doRun(NioEndpoint.java:1769) [tomcat-embed-core-10.1.44.jar:10.1.44]
	at org.apache.tomcat.util.net.SocketProcessorBase.run(SocketProcessorBase.java:52) [tomcat-embed-core-10.1.44.jar:10.1.44]
	at org.apache.tomcat.util.threads.ThreadPoolExecutor.runWorker(ThreadPoolExecutor.java:1189) [tomcat-embed-core-10.1.44.jar:10.1.44]
	at org.apache.tomcat.util.threads.ThreadPoolExecutor$Worker.run(ThreadPoolExecutor.java:658) [tomcat-embed-core-10.1.44.jar:10.1.44]
	at org.apache.tomcat.util.threads.TaskThread$WrappingRunnable.run(TaskThread.java:63) [tomcat-embed-core-10.1.44.jar:10.1.44]
	at java.base/java.lang.Thread.run(Thread.java:842) [?:?]
2026-02-02 13:13:31.357 [http-nio-8080-exec-4] ERROR com.opview.summary.service.GeminiService - Gemini ���ͺK�n���� ID: 5
com.google.genai.errors.ClientException: 429 Too Many Requests. You exceeded your current quota, please check your plan and billing details. For more information on this error, head to: https://ai.google.dev/gemini-api/docs/rate-limits. To monitor your current usage, head to: https://ai.dev/rate-limit. 
* Quota exceeded for metric: generativelanguage.googleapis.com/generate_content_free_tier_requests, limit: 5, model: gemini-2.5-flash
Please retry in 29.117649816s.
	at com.google.genai.errors.ApiException.throwFromResponse(ApiException.java:63) ~[google-genai-1.0.0.jar:1.0.0]
	at com.google.genai.HttpApiResponse.getEntity(HttpApiResponse.java:39) ~[google-genai-1.0.0.jar:1.0.0]
	at com.google.genai.Models.privateGenerateContent(Models.java:5420) ~[google-genai-1.0.0.jar:1.0.0]
	at com.google.genai.Models.generateContent(Models.java:6282) ~[google-genai-1.0.0.jar:1.0.0]
	at com.google.genai.Models.generateContent(Models.java:6356) ~[google-genai-1.0.0.jar:1.0.0]
	at com.opview.summary.service.GeminiService.lambda$0(GeminiService.java:82) ~[classes/:?]
	at java.base/java.util.stream.ReferencePipeline$3$1.accept(ReferencePipeline.java:197) [?:?]
	at java.base/java.util.ArrayList$ArrayListSpliterator.forEachRemaining(ArrayList.java:1625) [?:?]
	at java.base/java.util.stream.AbstractPipeline.copyInto(AbstractPipeline.java:509) [?:?]
	at java.base/java.util.stream.AbstractPipeline.wrapAndCopyInto(AbstractPipeline.java:499) [?:?]
	at java.base/java.util.stream.ReduceOps$ReduceOp.evaluateSequential(ReduceOps.java:921) [?:?]
	at java.base/java.util.stream.AbstractPipeline.evaluate(AbstractPipeline.java:234) [?:?]
	at java.base/java.util.stream.ReferencePipeline.collect(ReferencePipeline.java:682) [?:?]
	at com.opview.summary.service.GeminiService.summarizeEachArticle(GeminiService.java:105) [classes/:?]
	at com.opview.summary.controller.SummaryController.getSummary(SummaryController.java:35) [classes/:?]
	at java.base/jdk.internal.reflect.NativeMethodAccessorImpl.invoke0(Native Method) ~[?:?]
	at java.base/jdk.internal.reflect.NativeMethodAccessorImpl.invoke(NativeMethodAccessorImpl.java:77) ~[?:?]
	at java.base/jdk.internal.reflect.DelegatingMethodAccessorImpl.invoke(DelegatingMethodAccessorImpl.java:43) ~[?:?]
	at java.base/java.lang.reflect.Method.invoke(Method.java:568) ~[?:?]
	at org.springframework.web.method.support.InvocableHandlerMethod.doInvoke(InvocableHandlerMethod.java:258) [spring-web-6.2.10.jar:6.2.10]
	at org.springframework.web.method.support.InvocableHandlerMethod.invokeForRequest(InvocableHandlerMethod.java:191) [spring-web-6.2.10.jar:6.2.10]
	at org.springframework.web.servlet.mvc.method.annotation.ServletInvocableHandlerMethod.invokeAndHandle(ServletInvocableHandlerMethod.java:118) [spring-webmvc-6.2.10.jar:6.2.10]
	at org.springframework.web.servlet.mvc.method.annotation.RequestMappingHandlerAdapter.invokeHandlerMethod(RequestMappingHandlerAdapter.java:991) [spring-webmvc-6.2.10.jar:6.2.10]
	at org.springframework.web.servlet.mvc.method.annotation.RequestMappingHandlerAdapter.handleInternal(RequestMappingHandlerAdapter.java:896) [spring-webmvc-6.2.10.jar:6.2.10]
	at org.springframework.web.servlet.mvc.method.AbstractHandlerMethodAdapter.handle(AbstractHandlerMethodAdapter.java:87) [spring-webmvc-6.2.10.jar:6.2.10]
	at org.springframework.web.servlet.DispatcherServlet.doDispatch(DispatcherServlet.java:1089) [spring-webmvc-6.2.10.jar:6.2.10]
	at org.springframework.web.servlet.DispatcherServlet.doService(DispatcherServlet.java:979) [spring-webmvc-6.2.10.jar:6.2.10]
	at org.springframework.web.servlet.FrameworkServlet.processRequest(FrameworkServlet.java:1014) [spring-webmvc-6.2.10.jar:6.2.10]
	at org.springframework.web.servlet.FrameworkServlet.doPost(FrameworkServlet.java:914) [spring-webmvc-6.2.10.jar:6.2.10]
	at jakarta.servlet.http.HttpServlet.service(HttpServlet.java:590) [tomcat-embed-core-10.1.44.jar:6.0]
	at org.springframework.web.servlet.FrameworkServlet.service(FrameworkServlet.java:885) [spring-webmvc-6.2.10.jar:6.2.10]
	at jakarta.servlet.http.HttpServlet.service(HttpServlet.java:658) [tomcat-embed-core-10.1.44.jar:6.0]
	at org.apache.catalina.core.ApplicationFilterChain.internalDoFilter(ApplicationFilterChain.java:195) [tomcat-embed-core-10.1.44.jar:10.1.44]
	at org.apache.catalina.core.ApplicationFilterChain.doFilter(ApplicationFilterChain.java:140) [tomcat-embed-core-10.1.44.jar:10.1.44]
	at org.apache.tomcat.websocket.server.WsFilter.doFilter(WsFilter.java:51) [tomcat-embed-websocket-10.1.44.jar:10.1.44]
	at org.apache.catalina.core.ApplicationFilterChain.internalDoFilter(ApplicationFilterChain.java:164) [tomcat-embed-core-10.1.44.jar:10.1.44]
	at org.apache.catalina.core.ApplicationFilterChain.doFilter(ApplicationFilterChain.java:140) [tomcat-embed-core-10.1.44.jar:10.1.44]
	at org.springframework.web.filter.RequestContextFilter.doFilterInternal(RequestContextFilter.java:100) [spring-web-6.2.10.jar:6.2.10]
	at org.springframework.web.filter.OncePerRequestFilter.doFilter(OncePerRequestFilter.java:116) [spring-web-6.2.10.jar:6.2.10]
	at org.apache.catalina.core.ApplicationFilterChain.internalDoFilter(ApplicationFilterChain.java:164) [tomcat-embed-core-10.1.44.jar:10.1.44]
	at org.apache.catalina.core.ApplicationFilterChain.doFilter(ApplicationFilterChain.java:140) [tomcat-embed-core-10.1.44.jar:10.1.44]
	at org.springframework.web.filter.FormContentFilter.doFilterInternal(FormContentFilter.java:93) [spring-web-6.2.10.jar:6.2.10]
	at org.springframework.web.filter.OncePerRequestFilter.doFilter(OncePerRequestFilter.java:116) [spring-web-6.2.10.jar:6.2.10]
	at org.apache.catalina.core.ApplicationFilterChain.internalDoFilter(ApplicationFilterChain.java:164) [tomcat-embed-core-10.1.44.jar:10.1.44]
	at org.apache.catalina.core.ApplicationFilterChain.doFilter(ApplicationFilterChain.java:140) [tomcat-embed-core-10.1.44.jar:10.1.44]
	at org.springframework.web.filter.CharacterEncodingFilter.doFilterInternal(CharacterEncodingFilter.java:201) [spring-web-6.2.10.jar:6.2.10]
	at org.springframework.web.filter.OncePerRequestFilter.doFilter(OncePerRequestFilter.java:116) [spring-web-6.2.10.jar:6.2.10]
	at org.apache.catalina.core.ApplicationFilterChain.internalDoFilter(ApplicationFilterChain.java:164) [tomcat-embed-core-10.1.44.jar:10.1.44]
	at org.apache.catalina.core.ApplicationFilterChain.doFilter(ApplicationFilterChain.java:140) [tomcat-embed-core-10.1.44.jar:10.1.44]
	at org.apache.catalina.core.StandardWrapperValve.invoke(StandardWrapperValve.java:167) [tomcat-embed-core-10.1.44.jar:10.1.44]
	at org.apache.catalina.core.StandardContextValve.invoke(StandardContextValve.java:90) [tomcat-embed-core-10.1.44.jar:10.1.44]
	at org.apache.catalina.authenticator.AuthenticatorBase.invoke(AuthenticatorBase.java:483) [tomcat-embed-core-10.1.44.jar:10.1.44]
	at org.apache.catalina.core.StandardHostValve.invoke(StandardHostValve.java:116) [tomcat-embed-core-10.1.44.jar:10.1.44]
	at org.apache.catalina.valves.ErrorReportValve.invoke(ErrorReportValve.java:93) [tomcat-embed-core-10.1.44.jar:10.1.44]
	at org.apache.catalina.core.StandardEngineValve.invoke(StandardEngineValve.java:74) [tomcat-embed-core-10.1.44.jar:10.1.44]
	at org.apache.catalina.connector.CoyoteAdapter.service(CoyoteAdapter.java:344) [tomcat-embed-core-10.1.44.jar:10.1.44]
	at org.apache.coyote.http11.Http11Processor.service(Http11Processor.java:398) [tomcat-embed-core-10.1.44.jar:10.1.44]
	at org.apache.coyote.AbstractProcessorLight.process(AbstractProcessorLight.java:63) [tomcat-embed-core-10.1.44.jar:10.1.44]
	at org.apache.coyote.AbstractProtocol$ConnectionHandler.process(AbstractProtocol.java:903) [tomcat-embed-core-10.1.44.jar:10.1.44]
	at org.apache.tomcat.util.net.NioEndpoint$SocketProcessor.doRun(NioEndpoint.java:1769) [tomcat-embed-core-10.1.44.jar:10.1.44]
	at org.apache.tomcat.util.net.SocketProcessorBase.run(SocketProcessorBase.java:52) [tomcat-embed-core-10.1.44.jar:10.1.44]
	at org.apache.tomcat.util.threads.ThreadPoolExecutor.runWorker(ThreadPoolExecutor.java:1189) [tomcat-embed-core-10.1.44.jar:10.1.44]
	at org.apache.tomcat.util.threads.ThreadPoolExecutor$Worker.run(ThreadPoolExecutor.java:658) [tomcat-embed-core-10.1.44.jar:10.1.44]
	at org.apache.tomcat.util.threads.TaskThread$WrappingRunnable.run(TaskThread.java:63) [tomcat-embed-core-10.1.44.jar:10.1.44]
	at java.base/java.lang.Thread.run(Thread.java:842) [?:?]
2026-02-02 16:27:40.821 [http-nio-8080-exec-5] ERROR com.opview.summary.service.GeminiService - Gemini ���ͺK�n���� ID: 3
com.google.genai.errors.ClientException: 429 Too Many Requests. You exceeded your current quota, please check your plan and billing details. For more information on this error, head to: https://ai.google.dev/gemini-api/docs/rate-limits. To monitor your current usage, head to: https://ai.dev/rate-limit. 
* Quota exceeded for metric: generativelanguage.googleapis.com/generate_content_free_tier_requests, limit: 5, model: gemini-2.5-flash
Please retry in 19.534078624s.
	at com.google.genai.errors.ApiException.throwFromResponse(ApiException.java:63) ~[google-genai-1.0.0.jar:1.0.0]
	at com.google.genai.HttpApiResponse.getEntity(HttpApiResponse.java:39) ~[google-genai-1.0.0.jar:1.0.0]
	at com.google.genai.Models.privateGenerateContent(Models.java:5420) ~[google-genai-1.0.0.jar:1.0.0]
	at com.google.genai.Models.generateContent(Models.java:6282) ~[google-genai-1.0.0.jar:1.0.0]
	at com.google.genai.Models.generateContent(Models.java:6356) ~[google-genai-1.0.0.jar:1.0.0]
	at com.opview.summary.service.GeminiService.lambda$0(GeminiService.java:82) ~[classes/:?]
	at java.base/java.util.stream.ReferencePipeline$3$1.accept(ReferencePipeline.java:197) [?:?]
	at java.base/java.util.ArrayList$ArrayListSpliterator.forEachRemaining(ArrayList.java:1625) [?:?]
	at java.base/java.util.stream.AbstractPipeline.copyInto(AbstractPipeline.java:509) [?:?]
	at java.base/java.util.stream.AbstractPipeline.wrapAndCopyInto(AbstractPipeline.java:499) [?:?]
	at java.base/java.util.stream.ReduceOps$ReduceOp.evaluateSequential(ReduceOps.java:921) [?:?]
	at java.base/java.util.stream.AbstractPipeline.evaluate(AbstractPipeline.java:234) [?:?]
	at java.base/java.util.stream.ReferencePipeline.collect(ReferencePipeline.java:682) [?:?]
	at com.opview.summary.service.GeminiService.summarizeEachArticle(GeminiService.java:105) [classes/:?]
	at com.opview.summary.controller.SummaryController.getSummary(SummaryController.java:35) [classes/:?]
	at java.base/jdk.internal.reflect.NativeMethodAccessorImpl.invoke0(Native Method) ~[?:?]
	at java.base/jdk.internal.reflect.NativeMethodAccessorImpl.invoke(NativeMethodAccessorImpl.java:77) ~[?:?]
	at java.base/jdk.internal.reflect.DelegatingMethodAccessorImpl.invoke(DelegatingMethodAccessorImpl.java:43) ~[?:?]
	at java.base/java.lang.reflect.Method.invoke(Method.java:568) ~[?:?]
	at org.springframework.web.method.support.InvocableHandlerMethod.doInvoke(InvocableHandlerMethod.java:258) [spring-web-6.2.10.jar:6.2.10]
	at org.springframework.web.method.support.InvocableHandlerMethod.invokeForRequest(InvocableHandlerMethod.java:191) [spring-web-6.2.10.jar:6.2.10]
	at org.springframework.web.servlet.mvc.method.annotation.ServletInvocableHandlerMethod.invokeAndHandle(ServletInvocableHandlerMethod.java:118) [spring-webmvc-6.2.10.jar:6.2.10]
	at org.springframework.web.servlet.mvc.method.annotation.RequestMappingHandlerAdapter.invokeHandlerMethod(RequestMappingHandlerAdapter.java:991) [spring-webmvc-6.2.10.jar:6.2.10]
	at org.springframework.web.servlet.mvc.method.annotation.RequestMappingHandlerAdapter.handleInternal(RequestMappingHandlerAdapter.java:896) [spring-webmvc-6.2.10.jar:6.2.10]
	at org.springframework.web.servlet.mvc.method.AbstractHandlerMethodAdapter.handle(AbstractHandlerMethodAdapter.java:87) [spring-webmvc-6.2.10.jar:6.2.10]
	at org.springframework.web.servlet.DispatcherServlet.doDispatch(DispatcherServlet.java:1089) [spring-webmvc-6.2.10.jar:6.2.10]
	at org.springframework.web.servlet.DispatcherServlet.doService(DispatcherServlet.java:979) [spring-webmvc-6.2.10.jar:6.2.10]
	at org.springframework.web.servlet.FrameworkServlet.processRequest(FrameworkServlet.java:1014) [spring-webmvc-6.2.10.jar:6.2.10]
	at org.springframework.web.servlet.FrameworkServlet.doPost(FrameworkServlet.java:914) [spring-webmvc-6.2.10.jar:6.2.10]
	at jakarta.servlet.http.HttpServlet.service(HttpServlet.java:590) [tomcat-embed-core-10.1.44.jar:6.0]
	at org.springframework.web.servlet.FrameworkServlet.service(FrameworkServlet.java:885) [spring-webmvc-6.2.10.jar:6.2.10]
	at jakarta.servlet.http.HttpServlet.service(HttpServlet.java:658) [tomcat-embed-core-10.1.44.jar:6.0]
	at org.apache.catalina.core.ApplicationFilterChain.internalDoFilter(ApplicationFilterChain.java:195) [tomcat-embed-core-10.1.44.jar:10.1.44]
	at org.apache.catalina.core.ApplicationFilterChain.doFilter(ApplicationFilterChain.java:140) [tomcat-embed-core-10.1.44.jar:10.1.44]
	at org.apache.tomcat.websocket.server.WsFilter.doFilter(WsFilter.java:51) [tomcat-embed-websocket-10.1.44.jar:10.1.44]
	at org.apache.catalina.core.ApplicationFilterChain.internalDoFilter(ApplicationFilterChain.java:164) [tomcat-embed-core-10.1.44.jar:10.1.44]
	at org.apache.catalina.core.ApplicationFilterChain.doFilter(ApplicationFilterChain.java:140) [tomcat-embed-core-10.1.44.jar:10.1.44]
	at org.springframework.web.filter.RequestContextFilter.doFilterInternal(RequestContextFilter.java:100) [spring-web-6.2.10.jar:6.2.10]
	at org.springframework.web.filter.OncePerRequestFilter.doFilter(OncePerRequestFilter.java:116) [spring-web-6.2.10.jar:6.2.10]
	at org.apache.catalina.core.ApplicationFilterChain.internalDoFilter(ApplicationFilterChain.java:164) [tomcat-embed-core-10.1.44.jar:10.1.44]
	at org.apache.catalina.core.ApplicationFilterChain.doFilter(ApplicationFilterChain.java:140) [tomcat-embed-core-10.1.44.jar:10.1.44]
	at org.springframework.web.filter.FormContentFilter.doFilterInternal(FormContentFilter.java:93) [spring-web-6.2.10.jar:6.2.10]
	at org.springframework.web.filter.OncePerRequestFilter.doFilter(OncePerRequestFilter.java:116) [spring-web-6.2.10.jar:6.2.10]
	at org.apache.catalina.core.ApplicationFilterChain.internalDoFilter(ApplicationFilterChain.java:164) [tomcat-embed-core-10.1.44.jar:10.1.44]
	at org.apache.catalina.core.ApplicationFilterChain.doFilter(ApplicationFilterChain.java:140) [tomcat-embed-core-10.1.44.jar:10.1.44]
	at org.springframework.web.filter.CharacterEncodingFilter.doFilterInternal(CharacterEncodingFilter.java:201) [spring-web-6.2.10.jar:6.2.10]
	at org.springframework.web.filter.OncePerRequestFilter.doFilter(OncePerRequestFilter.java:116) [spring-web-6.2.10.jar:6.2.10]
	at org.apache.catalina.core.ApplicationFilterChain.internalDoFilter(ApplicationFilterChain.java:164) [tomcat-embed-core-10.1.44.jar:10.1.44]
	at org.apache.catalina.core.ApplicationFilterChain.doFilter(ApplicationFilterChain.java:140) [tomcat-embed-core-10.1.44.jar:10.1.44]
	at org.apache.catalina.core.StandardWrapperValve.invoke(StandardWrapperValve.java:167) [tomcat-embed-core-10.1.44.jar:10.1.44]
	at org.apache.catalina.core.StandardContextValve.invoke(StandardContextValve.java:90) [tomcat-embed-core-10.1.44.jar:10.1.44]
	at org.apache.catalina.authenticator.AuthenticatorBase.invoke(AuthenticatorBase.java:483) [tomcat-embed-core-10.1.44.jar:10.1.44]
	at org.apache.catalina.core.StandardHostValve.invoke(StandardHostValve.java:116) [tomcat-embed-core-10.1.44.jar:10.1.44]
	at org.apache.catalina.valves.ErrorReportValve.invoke(ErrorReportValve.java:93) [tomcat-embed-core-10.1.44.jar:10.1.44]
	at org.apache.catalina.core.StandardEngineValve.invoke(StandardEngineValve.java:74) [tomcat-embed-core-10.1.44.jar:10.1.44]
	at org.apache.catalina.connector.CoyoteAdapter.service(CoyoteAdapter.java:344) [tomcat-embed-core-10.1.44.jar:10.1.44]
	at org.apache.coyote.http11.Http11Processor.service(Http11Processor.java:398) [tomcat-embed-core-10.1.44.jar:10.1.44]
	at org.apache.coyote.AbstractProcessorLight.process(AbstractProcessorLight.java:63) [tomcat-embed-core-10.1.44.jar:10.1.44]
	at org.apache.coyote.AbstractProtocol$ConnectionHandler.process(AbstractProtocol.java:903) [tomcat-embed-core-10.1.44.jar:10.1.44]
	at org.apache.tomcat.util.net.NioEndpoint$SocketProcessor.doRun(NioEndpoint.java:1769) [tomcat-embed-core-10.1.44.jar:10.1.44]
	at org.apache.tomcat.util.net.SocketProcessorBase.run(SocketProcessorBase.java:52) [tomcat-embed-core-10.1.44.jar:10.1.44]
	at org.apache.tomcat.util.threads.ThreadPoolExecutor.runWorker(ThreadPoolExecutor.java:1189) [tomcat-embed-core-10.1.44.jar:10.1.44]
	at org.apache.tomcat.util.threads.ThreadPoolExecutor$Worker.run(ThreadPoolExecutor.java:658) [tomcat-embed-core-10.1.44.jar:10.1.44]
	at org.apache.tomcat.util.threads.TaskThread$WrappingRunnable.run(TaskThread.java:63) [tomcat-embed-core-10.1.44.jar:10.1.44]
	at java.base/java.lang.Thread.run(Thread.java:842) [?:?]
2026-02-02 16:27:41.094 [http-nio-8080-exec-5] ERROR com.opview.summary.service.GeminiService - Gemini ���ͺK�n���� ID: 4
com.google.genai.errors.ClientException: 429 Too Many Requests. You exceeded your current quota, please check your plan and billing details. For more information on this error, head to: https://ai.google.dev/gemini-api/docs/rate-limits. To monitor your current usage, head to: https://ai.dev/rate-limit. 
* Quota exceeded for metric: generativelanguage.googleapis.com/generate_content_free_tier_requests, limit: 5, model: gemini-2.5-flash
Please retry in 19.189466272s.
	at com.google.genai.errors.ApiException.throwFromResponse(ApiException.java:63) ~[google-genai-1.0.0.jar:1.0.0]
	at com.google.genai.HttpApiResponse.getEntity(HttpApiResponse.java:39) ~[google-genai-1.0.0.jar:1.0.0]
	at com.google.genai.Models.privateGenerateContent(Models.java:5420) ~[google-genai-1.0.0.jar:1.0.0]
	at com.google.genai.Models.generateContent(Models.java:6282) ~[google-genai-1.0.0.jar:1.0.0]
	at com.google.genai.Models.generateContent(Models.java:6356) ~[google-genai-1.0.0.jar:1.0.0]
	at com.opview.summary.service.GeminiService.lambda$0(GeminiService.java:82) ~[classes/:?]
	at java.base/java.util.stream.ReferencePipeline$3$1.accept(ReferencePipeline.java:197) [?:?]
	at java.base/java.util.ArrayList$ArrayListSpliterator.forEachRemaining(ArrayList.java:1625) [?:?]
	at java.base/java.util.stream.AbstractPipeline.copyInto(AbstractPipeline.java:509) [?:?]
	at java.base/java.util.stream.AbstractPipeline.wrapAndCopyInto(AbstractPipeline.java:499) [?:?]
	at java.base/java.util.stream.ReduceOps$ReduceOp.evaluateSequential(ReduceOps.java:921) [?:?]
	at java.base/java.util.stream.AbstractPipeline.evaluate(AbstractPipeline.java:234) [?:?]
	at java.base/java.util.stream.ReferencePipeline.collect(ReferencePipeline.java:682) [?:?]
	at com.opview.summary.service.GeminiService.summarizeEachArticle(GeminiService.java:105) [classes/:?]
	at com.opview.summary.controller.SummaryController.getSummary(SummaryController.java:35) [classes/:?]
	at java.base/jdk.internal.reflect.NativeMethodAccessorImpl.invoke0(Native Method) ~[?:?]
	at java.base/jdk.internal.reflect.NativeMethodAccessorImpl.invoke(NativeMethodAccessorImpl.java:77) ~[?:?]
	at java.base/jdk.internal.reflect.DelegatingMethodAccessorImpl.invoke(DelegatingMethodAccessorImpl.java:43) ~[?:?]
	at java.base/java.lang.reflect.Method.invoke(Method.java:568) ~[?:?]
	at org.springframework.web.method.support.InvocableHandlerMethod.doInvoke(InvocableHandlerMethod.java:258) [spring-web-6.2.10.jar:6.2.10]
	at org.springframework.web.method.support.InvocableHandlerMethod.invokeForRequest(InvocableHandlerMethod.java:191) [spring-web-6.2.10.jar:6.2.10]
	at org.springframework.web.servlet.mvc.method.annotation.ServletInvocableHandlerMethod.invokeAndHandle(ServletInvocableHandlerMethod.java:118) [spring-webmvc-6.2.10.jar:6.2.10]
	at org.springframework.web.servlet.mvc.method.annotation.RequestMappingHandlerAdapter.invokeHandlerMethod(RequestMappingHandlerAdapter.java:991) [spring-webmvc-6.2.10.jar:6.2.10]
	at org.springframework.web.servlet.mvc.method.annotation.RequestMappingHandlerAdapter.handleInternal(RequestMappingHandlerAdapter.java:896) [spring-webmvc-6.2.10.jar:6.2.10]
	at org.springframework.web.servlet.mvc.method.AbstractHandlerMethodAdapter.handle(AbstractHandlerMethodAdapter.java:87) [spring-webmvc-6.2.10.jar:6.2.10]
	at org.springframework.web.servlet.DispatcherServlet.doDispatch(DispatcherServlet.java:1089) [spring-webmvc-6.2.10.jar:6.2.10]
	at org.springframework.web.servlet.DispatcherServlet.doService(DispatcherServlet.java:979) [spring-webmvc-6.2.10.jar:6.2.10]
	at org.springframework.web.servlet.FrameworkServlet.processRequest(FrameworkServlet.java:1014) [spring-webmvc-6.2.10.jar:6.2.10]
	at org.springframework.web.servlet.FrameworkServlet.doPost(FrameworkServlet.java:914) [spring-webmvc-6.2.10.jar:6.2.10]
	at jakarta.servlet.http.HttpServlet.service(HttpServlet.java:590) [tomcat-embed-core-10.1.44.jar:6.0]
	at org.springframework.web.servlet.FrameworkServlet.service(FrameworkServlet.java:885) [spring-webmvc-6.2.10.jar:6.2.10]
	at jakarta.servlet.http.HttpServlet.service(HttpServlet.java:658) [tomcat-embed-core-10.1.44.jar:6.0]
	at org.apache.catalina.core.ApplicationFilterChain.internalDoFilter(ApplicationFilterChain.java:195) [tomcat-embed-core-10.1.44.jar:10.1.44]
	at org.apache.catalina.core.ApplicationFilterChain.doFilter(ApplicationFilterChain.java:140) [tomcat-embed-core-10.1.44.jar:10.1.44]
	at org.apache.tomcat.websocket.server.WsFilter.doFilter(WsFilter.java:51) [tomcat-embed-websocket-10.1.44.jar:10.1.44]
	at org.apache.catalina.core.ApplicationFilterChain.internalDoFilter(ApplicationFilterChain.java:164) [tomcat-embed-core-10.1.44.jar:10.1.44]
	at org.apache.catalina.core.ApplicationFilterChain.doFilter(ApplicationFilterChain.java:140) [tomcat-embed-core-10.1.44.jar:10.1.44]
	at org.springframework.web.filter.RequestContextFilter.doFilterInternal(RequestContextFilter.java:100) [spring-web-6.2.10.jar:6.2.10]
	at org.springframework.web.filter.OncePerRequestFilter.doFilter(OncePerRequestFilter.java:116) [spring-web-6.2.10.jar:6.2.10]
	at org.apache.catalina.core.ApplicationFilterChain.internalDoFilter(ApplicationFilterChain.java:164) [tomcat-embed-core-10.1.44.jar:10.1.44]
	at org.apache.catalina.core.ApplicationFilterChain.doFilter(ApplicationFilterChain.java:140) [tomcat-embed-core-10.1.44.jar:10.1.44]
	at org.springframework.web.filter.FormContentFilter.doFilterInternal(FormContentFilter.java:93) [spring-web-6.2.10.jar:6.2.10]
	at org.springframework.web.filter.OncePerRequestFilter.doFilter(OncePerRequestFilter.java:116) [spring-web-6.2.10.jar:6.2.10]
	at org.apache.catalina.core.ApplicationFilterChain.internalDoFilter(ApplicationFilterChain.java:164) [tomcat-embed-core-10.1.44.jar:10.1.44]
	at org.apache.catalina.core.ApplicationFilterChain.doFilter(ApplicationFilterChain.java:140) [tomcat-embed-core-10.1.44.jar:10.1.44]
	at org.springframework.web.filter.CharacterEncodingFilter.doFilterInternal(CharacterEncodingFilter.java:201) [spring-web-6.2.10.jar:6.2.10]
	at org.springframework.web.filter.OncePerRequestFilter.doFilter(OncePerRequestFilter.java:116) [spring-web-6.2.10.jar:6.2.10]
	at org.apache.catalina.core.ApplicationFilterChain.internalDoFilter(ApplicationFilterChain.java:164) [tomcat-embed-core-10.1.44.jar:10.1.44]
	at org.apache.catalina.core.ApplicationFilterChain.doFilter(ApplicationFilterChain.java:140) [tomcat-embed-core-10.1.44.jar:10.1.44]
	at org.apache.catalina.core.StandardWrapperValve.invoke(StandardWrapperValve.java:167) [tomcat-embed-core-10.1.44.jar:10.1.44]
	at org.apache.catalina.core.StandardContextValve.invoke(StandardContextValve.java:90) [tomcat-embed-core-10.1.44.jar:10.1.44]
	at org.apache.catalina.authenticator.AuthenticatorBase.invoke(AuthenticatorBase.java:483) [tomcat-embed-core-10.1.44.jar:10.1.44]
	at org.apache.catalina.core.StandardHostValve.invoke(StandardHostValve.java:116) [tomcat-embed-core-10.1.44.jar:10.1.44]
	at org.apache.catalina.valves.ErrorReportValve.invoke(ErrorReportValve.java:93) [tomcat-embed-core-10.1.44.jar:10.1.44]
	at org.apache.catalina.core.StandardEngineValve.invoke(StandardEngineValve.java:74) [tomcat-embed-core-10.1.44.jar:10.1.44]
	at org.apache.catalina.connector.CoyoteAdapter.service(CoyoteAdapter.java:344) [tomcat-embed-core-10.1.44.jar:10.1.44]
	at org.apache.coyote.http11.Http11Processor.service(Http11Processor.java:398) [tomcat-embed-core-10.1.44.jar:10.1.44]
	at org.apache.coyote.AbstractProcessorLight.process(AbstractProcessorLight.java:63) [tomcat-embed-core-10.1.44.jar:10.1.44]
	at org.apache.coyote.AbstractProtocol$ConnectionHandler.process(AbstractProtocol.java:903) [tomcat-embed-core-10.1.44.jar:10.1.44]
	at org.apache.tomcat.util.net.NioEndpoint$SocketProcessor.doRun(NioEndpoint.java:1769) [tomcat-embed-core-10.1.44.jar:10.1.44]
	at org.apache.tomcat.util.net.SocketProcessorBase.run(SocketProcessorBase.java:52) [tomcat-embed-core-10.1.44.jar:10.1.44]
	at org.apache.tomcat.util.threads.ThreadPoolExecutor.runWorker(ThreadPoolExecutor.java:1189) [tomcat-embed-core-10.1.44.jar:10.1.44]
	at org.apache.tomcat.util.threads.ThreadPoolExecutor$Worker.run(ThreadPoolExecutor.java:658) [tomcat-embed-core-10.1.44.jar:10.1.44]
	at org.apache.tomcat.util.threads.TaskThread$WrappingRunnable.run(TaskThread.java:63) [tomcat-embed-core-10.1.44.jar:10.1.44]
	at java.base/java.lang.Thread.run(Thread.java:842) [?:?]
2026-02-02 16:27:41.365 [http-nio-8080-exec-5] ERROR com.opview.summary.service.GeminiService - Gemini ���ͺK�n���� ID: 108
com.google.genai.errors.ClientException: 429 Too Many Requests. You exceeded your current quota, please check your plan and billing details. For more information on this error, head to: https://ai.google.dev/gemini-api/docs/rate-limits. To monitor your current usage, head to: https://ai.dev/rate-limit. 
* Quota exceeded for metric: generativelanguage.googleapis.com/generate_content_free_tier_requests, limit: 5, model: gemini-2.5-flash
Please retry in 18.918326037s.
	at com.google.genai.errors.ApiException.throwFromResponse(ApiException.java:63) ~[google-genai-1.0.0.jar:1.0.0]
	at com.google.genai.HttpApiResponse.getEntity(HttpApiResponse.java:39) ~[google-genai-1.0.0.jar:1.0.0]
	at com.google.genai.Models.privateGenerateContent(Models.java:5420) ~[google-genai-1.0.0.jar:1.0.0]
	at com.google.genai.Models.generateContent(Models.java:6282) ~[google-genai-1.0.0.jar:1.0.0]
	at com.google.genai.Models.generateContent(Models.java:6356) ~[google-genai-1.0.0.jar:1.0.0]
	at com.opview.summary.service.GeminiService.lambda$0(GeminiService.java:82) ~[classes/:?]
	at java.base/java.util.stream.ReferencePipeline$3$1.accept(ReferencePipeline.java:197) [?:?]
	at java.base/java.util.ArrayList$ArrayListSpliterator.forEachRemaining(ArrayList.java:1625) [?:?]
	at java.base/java.util.stream.AbstractPipeline.copyInto(AbstractPipeline.java:509) [?:?]
	at java.base/java.util.stream.AbstractPipeline.wrapAndCopyInto(AbstractPipeline.java:499) [?:?]
	at java.base/java.util.stream.ReduceOps$ReduceOp.evaluateSequential(ReduceOps.java:921) [?:?]
	at java.base/java.util.stream.AbstractPipeline.evaluate(AbstractPipeline.java:234) [?:?]
	at java.base/java.util.stream.ReferencePipeline.collect(ReferencePipeline.java:682) [?:?]
	at com.opview.summary.service.GeminiService.summarizeEachArticle(GeminiService.java:105) [classes/:?]
	at com.opview.summary.controller.SummaryController.getSummary(SummaryController.java:35) [classes/:?]
	at java.base/jdk.internal.reflect.NativeMethodAccessorImpl.invoke0(Native Method) ~[?:?]
	at java.base/jdk.internal.reflect.NativeMethodAccessorImpl.invoke(NativeMethodAccessorImpl.java:77) ~[?:?]
	at java.base/jdk.internal.reflect.DelegatingMethodAccessorImpl.invoke(DelegatingMethodAccessorImpl.java:43) ~[?:?]
	at java.base/java.lang.reflect.Method.invoke(Method.java:568) ~[?:?]
	at org.springframework.web.method.support.InvocableHandlerMethod.doInvoke(InvocableHandlerMethod.java:258) [spring-web-6.2.10.jar:6.2.10]
	at org.springframework.web.method.support.InvocableHandlerMethod.invokeForRequest(InvocableHandlerMethod.java:191) [spring-web-6.2.10.jar:6.2.10]
	at org.springframework.web.servlet.mvc.method.annotation.ServletInvocableHandlerMethod.invokeAndHandle(ServletInvocableHandlerMethod.java:118) [spring-webmvc-6.2.10.jar:6.2.10]
	at org.springframework.web.servlet.mvc.method.annotation.RequestMappingHandlerAdapter.invokeHandlerMethod(RequestMappingHandlerAdapter.java:991) [spring-webmvc-6.2.10.jar:6.2.10]
	at org.springframework.web.servlet.mvc.method.annotation.RequestMappingHandlerAdapter.handleInternal(RequestMappingHandlerAdapter.java:896) [spring-webmvc-6.2.10.jar:6.2.10]
	at org.springframework.web.servlet.mvc.method.AbstractHandlerMethodAdapter.handle(AbstractHandlerMethodAdapter.java:87) [spring-webmvc-6.2.10.jar:6.2.10]
	at org.springframework.web.servlet.DispatcherServlet.doDispatch(DispatcherServlet.java:1089) [spring-webmvc-6.2.10.jar:6.2.10]
	at org.springframework.web.servlet.DispatcherServlet.doService(DispatcherServlet.java:979) [spring-webmvc-6.2.10.jar:6.2.10]
	at org.springframework.web.servlet.FrameworkServlet.processRequest(FrameworkServlet.java:1014) [spring-webmvc-6.2.10.jar:6.2.10]
	at org.springframework.web.servlet.FrameworkServlet.doPost(FrameworkServlet.java:914) [spring-webmvc-6.2.10.jar:6.2.10]
	at jakarta.servlet.http.HttpServlet.service(HttpServlet.java:590) [tomcat-embed-core-10.1.44.jar:6.0]
	at org.springframework.web.servlet.FrameworkServlet.service(FrameworkServlet.java:885) [spring-webmvc-6.2.10.jar:6.2.10]
	at jakarta.servlet.http.HttpServlet.service(HttpServlet.java:658) [tomcat-embed-core-10.1.44.jar:6.0]
	at org.apache.catalina.core.ApplicationFilterChain.internalDoFilter(ApplicationFilterChain.java:195) [tomcat-embed-core-10.1.44.jar:10.1.44]
	at org.apache.catalina.core.ApplicationFilterChain.doFilter(ApplicationFilterChain.java:140) [tomcat-embed-core-10.1.44.jar:10.1.44]
	at org.apache.tomcat.websocket.server.WsFilter.doFilter(WsFilter.java:51) [tomcat-embed-websocket-10.1.44.jar:10.1.44]
	at org.apache.catalina.core.ApplicationFilterChain.internalDoFilter(ApplicationFilterChain.java:164) [tomcat-embed-core-10.1.44.jar:10.1.44]
	at org.apache.catalina.core.ApplicationFilterChain.doFilter(ApplicationFilterChain.java:140) [tomcat-embed-core-10.1.44.jar:10.1.44]
	at org.springframework.web.filter.RequestContextFilter.doFilterInternal(RequestContextFilter.java:100) [spring-web-6.2.10.jar:6.2.10]
	at org.springframework.web.filter.OncePerRequestFilter.doFilter(OncePerRequestFilter.java:116) [spring-web-6.2.10.jar:6.2.10]
	at org.apache.catalina.core.ApplicationFilterChain.internalDoFilter(ApplicationFilterChain.java:164) [tomcat-embed-core-10.1.44.jar:10.1.44]
	at org.apache.catalina.core.ApplicationFilterChain.doFilter(ApplicationFilterChain.java:140) [tomcat-embed-core-10.1.44.jar:10.1.44]
	at org.springframework.web.filter.FormContentFilter.doFilterInternal(FormContentFilter.java:93) [spring-web-6.2.10.jar:6.2.10]
	at org.springframework.web.filter.OncePerRequestFilter.doFilter(OncePerRequestFilter.java:116) [spring-web-6.2.10.jar:6.2.10]
	at org.apache.catalina.core.ApplicationFilterChain.internalDoFilter(ApplicationFilterChain.java:164) [tomcat-embed-core-10.1.44.jar:10.1.44]
	at org.apache.catalina.core.ApplicationFilterChain.doFilter(ApplicationFilterChain.java:140) [tomcat-embed-core-10.1.44.jar:10.1.44]
	at org.springframework.web.filter.CharacterEncodingFilter.doFilterInternal(CharacterEncodingFilter.java:201) [spring-web-6.2.10.jar:6.2.10]
	at org.springframework.web.filter.OncePerRequestFilter.doFilter(OncePerRequestFilter.java:116) [spring-web-6.2.10.jar:6.2.10]
	at org.apache.catalina.core.ApplicationFilterChain.internalDoFilter(ApplicationFilterChain.java:164) [tomcat-embed-core-10.1.44.jar:10.1.44]
	at org.apache.catalina.core.ApplicationFilterChain.doFilter(ApplicationFilterChain.java:140) [tomcat-embed-core-10.1.44.jar:10.1.44]
	at org.apache.catalina.core.StandardWrapperValve.invoke(StandardWrapperValve.java:167) [tomcat-embed-core-10.1.44.jar:10.1.44]
	at org.apache.catalina.core.StandardContextValve.invoke(StandardContextValve.java:90) [tomcat-embed-core-10.1.44.jar:10.1.44]
	at org.apache.catalina.authenticator.AuthenticatorBase.invoke(AuthenticatorBase.java:483) [tomcat-embed-core-10.1.44.jar:10.1.44]
	at org.apache.catalina.core.StandardHostValve.invoke(StandardHostValve.java:116) [tomcat-embed-core-10.1.44.jar:10.1.44]
	at org.apache.catalina.valves.ErrorReportValve.invoke(ErrorReportValve.java:93) [tomcat-embed-core-10.1.44.jar:10.1.44]
	at org.apache.catalina.core.StandardEngineValve.invoke(StandardEngineValve.java:74) [tomcat-embed-core-10.1.44.jar:10.1.44]
	at org.apache.catalina.connector.CoyoteAdapter.service(CoyoteAdapter.java:344) [tomcat-embed-core-10.1.44.jar:10.1.44]
	at org.apache.coyote.http11.Http11Processor.service(Http11Processor.java:398) [tomcat-embed-core-10.1.44.jar:10.1.44]
	at org.apache.coyote.AbstractProcessorLight.process(AbstractProcessorLight.java:63) [tomcat-embed-core-10.1.44.jar:10.1.44]
	at org.apache.coyote.AbstractProtocol$ConnectionHandler.process(AbstractProtocol.java:903) [tomcat-embed-core-10.1.44.jar:10.1.44]
	at org.apache.tomcat.util.net.NioEndpoint$SocketProcessor.doRun(NioEndpoint.java:1769) [tomcat-embed-core-10.1.44.jar:10.1.44]
	at org.apache.tomcat.util.net.SocketProcessorBase.run(SocketProcessorBase.java:52) [tomcat-embed-core-10.1.44.jar:10.1.44]
	at org.apache.tomcat.util.threads.ThreadPoolExecutor.runWorker(ThreadPoolExecutor.java:1189) [tomcat-embed-core-10.1.44.jar:10.1.44]
	at org.apache.tomcat.util.threads.ThreadPoolExecutor$Worker.run(ThreadPoolExecutor.java:658) [tomcat-embed-core-10.1.44.jar:10.1.44]
	at org.apache.tomcat.util.threads.TaskThread$WrappingRunnable.run(TaskThread.java:63) [tomcat-embed-core-10.1.44.jar:10.1.44]
	at java.base/java.lang.Thread.run(Thread.java:842) [?:?]
2026-02-02 16:27:41.658 [http-nio-8080-exec-5] ERROR com.opview.summary.service.GeminiService - Gemini ���ͺK�n���� ID: 5
com.google.genai.errors.ClientException: 429 Too Many Requests. You exceeded your current quota, please check your plan and billing details. For more information on this error, head to: https://ai.google.dev/gemini-api/docs/rate-limits. To monitor your current usage, head to: https://ai.dev/rate-limit. 
* Quota exceeded for metric: generativelanguage.googleapis.com/generate_content_free_tier_requests, limit: 5, model: gemini-2.5-flash
Please retry in 18.642235308s.
	at com.google.genai.errors.ApiException.throwFromResponse(ApiException.java:63) ~[google-genai-1.0.0.jar:1.0.0]
	at com.google.genai.HttpApiResponse.getEntity(HttpApiResponse.java:39) ~[google-genai-1.0.0.jar:1.0.0]
	at com.google.genai.Models.privateGenerateContent(Models.java:5420) ~[google-genai-1.0.0.jar:1.0.0]
	at com.google.genai.Models.generateContent(Models.java:6282) ~[google-genai-1.0.0.jar:1.0.0]
	at com.google.genai.Models.generateContent(Models.java:6356) ~[google-genai-1.0.0.jar:1.0.0]
	at com.opview.summary.service.GeminiService.lambda$0(GeminiService.java:82) ~[classes/:?]
	at java.base/java.util.stream.ReferencePipeline$3$1.accept(ReferencePipeline.java:197) [?:?]
	at java.base/java.util.ArrayList$ArrayListSpliterator.forEachRemaining(ArrayList.java:1625) [?:?]
	at java.base/java.util.stream.AbstractPipeline.copyInto(AbstractPipeline.java:509) [?:?]
	at java.base/java.util.stream.AbstractPipeline.wrapAndCopyInto(AbstractPipeline.java:499) [?:?]
	at java.base/java.util.stream.ReduceOps$ReduceOp.evaluateSequential(ReduceOps.java:921) [?:?]
	at java.base/java.util.stream.AbstractPipeline.evaluate(AbstractPipeline.java:234) [?:?]
	at java.base/java.util.stream.ReferencePipeline.collect(ReferencePipeline.java:682) [?:?]
	at com.opview.summary.service.GeminiService.summarizeEachArticle(GeminiService.java:105) [classes/:?]
	at com.opview.summary.controller.SummaryController.getSummary(SummaryController.java:35) [classes/:?]
	at java.base/jdk.internal.reflect.NativeMethodAccessorImpl.invoke0(Native Method) ~[?:?]
	at java.base/jdk.internal.reflect.NativeMethodAccessorImpl.invoke(NativeMethodAccessorImpl.java:77) ~[?:?]
	at java.base/jdk.internal.reflect.DelegatingMethodAccessorImpl.invoke(DelegatingMethodAccessorImpl.java:43) ~[?:?]
	at java.base/java.lang.reflect.Method.invoke(Method.java:568) ~[?:?]
	at org.springframework.web.method.support.InvocableHandlerMethod.doInvoke(InvocableHandlerMethod.java:258) [spring-web-6.2.10.jar:6.2.10]
	at org.springframework.web.method.support.InvocableHandlerMethod.invokeForRequest(InvocableHandlerMethod.java:191) [spring-web-6.2.10.jar:6.2.10]
	at org.springframework.web.servlet.mvc.method.annotation.ServletInvocableHandlerMethod.invokeAndHandle(ServletInvocableHandlerMethod.java:118) [spring-webmvc-6.2.10.jar:6.2.10]
	at org.springframework.web.servlet.mvc.method.annotation.RequestMappingHandlerAdapter.invokeHandlerMethod(RequestMappingHandlerAdapter.java:991) [spring-webmvc-6.2.10.jar:6.2.10]
	at org.springframework.web.servlet.mvc.method.annotation.RequestMappingHandlerAdapter.handleInternal(RequestMappingHandlerAdapter.java:896) [spring-webmvc-6.2.10.jar:6.2.10]
	at org.springframework.web.servlet.mvc.method.AbstractHandlerMethodAdapter.handle(AbstractHandlerMethodAdapter.java:87) [spring-webmvc-6.2.10.jar:6.2.10]
	at org.springframework.web.servlet.DispatcherServlet.doDispatch(DispatcherServlet.java:1089) [spring-webmvc-6.2.10.jar:6.2.10]
	at org.springframework.web.servlet.DispatcherServlet.doService(DispatcherServlet.java:979) [spring-webmvc-6.2.10.jar:6.2.10]
	at org.springframework.web.servlet.FrameworkServlet.processRequest(FrameworkServlet.java:1014) [spring-webmvc-6.2.10.jar:6.2.10]
	at org.springframework.web.servlet.FrameworkServlet.doPost(FrameworkServlet.java:914) [spring-webmvc-6.2.10.jar:6.2.10]
	at jakarta.servlet.http.HttpServlet.service(HttpServlet.java:590) [tomcat-embed-core-10.1.44.jar:6.0]
	at org.springframework.web.servlet.FrameworkServlet.service(FrameworkServlet.java:885) [spring-webmvc-6.2.10.jar:6.2.10]
	at jakarta.servlet.http.HttpServlet.service(HttpServlet.java:658) [tomcat-embed-core-10.1.44.jar:6.0]
	at org.apache.catalina.core.ApplicationFilterChain.internalDoFilter(ApplicationFilterChain.java:195) [tomcat-embed-core-10.1.44.jar:10.1.44]
	at org.apache.catalina.core.ApplicationFilterChain.doFilter(ApplicationFilterChain.java:140) [tomcat-embed-core-10.1.44.jar:10.1.44]
	at org.apache.tomcat.websocket.server.WsFilter.doFilter(WsFilter.java:51) [tomcat-embed-websocket-10.1.44.jar:10.1.44]
	at org.apache.catalina.core.ApplicationFilterChain.internalDoFilter(ApplicationFilterChain.java:164) [tomcat-embed-core-10.1.44.jar:10.1.44]
	at org.apache.catalina.core.ApplicationFilterChain.doFilter(ApplicationFilterChain.java:140) [tomcat-embed-core-10.1.44.jar:10.1.44]
	at org.springframework.web.filter.RequestContextFilter.doFilterInternal(RequestContextFilter.java:100) [spring-web-6.2.10.jar:6.2.10]
	at org.springframework.web.filter.OncePerRequestFilter.doFilter(OncePerRequestFilter.java:116) [spring-web-6.2.10.jar:6.2.10]
	at org.apache.catalina.core.ApplicationFilterChain.internalDoFilter(ApplicationFilterChain.java:164) [tomcat-embed-core-10.1.44.jar:10.1.44]
	at org.apache.catalina.core.ApplicationFilterChain.doFilter(ApplicationFilterChain.java:140) [tomcat-embed-core-10.1.44.jar:10.1.44]
	at org.springframework.web.filter.FormContentFilter.doFilterInternal(FormContentFilter.java:93) [spring-web-6.2.10.jar:6.2.10]
	at org.springframework.web.filter.OncePerRequestFilter.doFilter(OncePerRequestFilter.java:116) [spring-web-6.2.10.jar:6.2.10]
	at org.apache.catalina.core.ApplicationFilterChain.internalDoFilter(ApplicationFilterChain.java:164) [tomcat-embed-core-10.1.44.jar:10.1.44]
	at org.apache.catalina.core.ApplicationFilterChain.doFilter(ApplicationFilterChain.java:140) [tomcat-embed-core-10.1.44.jar:10.1.44]
	at org.springframework.web.filter.CharacterEncodingFilter.doFilterInternal(CharacterEncodingFilter.java:201) [spring-web-6.2.10.jar:6.2.10]
	at org.springframework.web.filter.OncePerRequestFilter.doFilter(OncePerRequestFilter.java:116) [spring-web-6.2.10.jar:6.2.10]
	at org.apache.catalina.core.ApplicationFilterChain.internalDoFilter(ApplicationFilterChain.java:164) [tomcat-embed-core-10.1.44.jar:10.1.44]
	at org.apache.catalina.core.ApplicationFilterChain.doFilter(ApplicationFilterChain.java:140) [tomcat-embed-core-10.1.44.jar:10.1.44]
	at org.apache.catalina.core.StandardWrapperValve.invoke(StandardWrapperValve.java:167) [tomcat-embed-core-10.1.44.jar:10.1.44]
	at org.apache.catalina.core.StandardContextValve.invoke(StandardContextValve.java:90) [tomcat-embed-core-10.1.44.jar:10.1.44]
	at org.apache.catalina.authenticator.AuthenticatorBase.invoke(AuthenticatorBase.java:483) [tomcat-embed-core-10.1.44.jar:10.1.44]
	at org.apache.catalina.core.StandardHostValve.invoke(StandardHostValve.java:116) [tomcat-embed-core-10.1.44.jar:10.1.44]
	at org.apache.catalina.valves.ErrorReportValve.invoke(ErrorReportValve.java:93) [tomcat-embed-core-10.1.44.jar:10.1.44]
	at org.apache.catalina.core.StandardEngineValve.invoke(StandardEngineValve.java:74) [tomcat-embed-core-10.1.44.jar:10.1.44]
	at org.apache.catalina.connector.CoyoteAdapter.service(CoyoteAdapter.java:344) [tomcat-embed-core-10.1.44.jar:10.1.44]
	at org.apache.coyote.http11.Http11Processor.service(Http11Processor.java:398) [tomcat-embed-core-10.1.44.jar:10.1.44]
	at org.apache.coyote.AbstractProcessorLight.process(AbstractProcessorLight.java:63) [tomcat-embed-core-10.1.44.jar:10.1.44]
	at org.apache.coyote.AbstractProtocol$ConnectionHandler.process(AbstractProtocol.java:903) [tomcat-embed-core-10.1.44.jar:10.1.44]
	at org.apache.tomcat.util.net.NioEndpoint$SocketProcessor.doRun(NioEndpoint.java:1769) [tomcat-embed-core-10.1.44.jar:10.1.44]
	at org.apache.tomcat.util.net.SocketProcessorBase.run(SocketProcessorBase.java:52) [tomcat-embed-core-10.1.44.jar:10.1.44]
	at org.apache.tomcat.util.threads.ThreadPoolExecutor.runWorker(ThreadPoolExecutor.java:1189) [tomcat-embed-core-10.1.44.jar:10.1.44]
	at org.apache.tomcat.util.threads.ThreadPoolExecutor$Worker.run(ThreadPoolExecutor.java:658) [tomcat-embed-core-10.1.44.jar:10.1.44]
	at org.apache.tomcat.util.threads.TaskThread$WrappingRunnable.run(TaskThread.java:63) [tomcat-embed-core-10.1.44.jar:10.1.44]
	at java.base/java.lang.Thread.run(Thread.java:842) [?:?]
2026-02-02 16:29:25.316 [File Watcher] INFO  org.springframework.boot.devtools.autoconfigure.LocalDevToolsAutoConfiguration$RestartingClassPathChangeChangedEventListener - Restarting due to 2 class path changes (0 additions, 0 deletions, 2 modifications)
2026-02-02 16:29:25.338 [Thread-15] INFO  org.springframework.boot.web.embedded.tomcat.GracefulShutdown - Commencing graceful shutdown. Waiting for active requests to complete
2026-02-02 16:29:25.347 [tomcat-shutdown] INFO  org.apache.coyote.http11.Http11NioProtocol - Pausing ProtocolHandler ["http-nio-8080"]
2026-02-02 16:29:25.782 [tomcat-shutdown] INFO  org.springframework.boot.web.embedded.tomcat.GracefulShutdown - Graceful shutdown complete
2026-02-02 16:29:25.784 [Thread-15] INFO  org.apache.coyote.http11.Http11NioProtocol - Stopping ProtocolHandler ["http-nio-8080"]
2026-02-02 16:29:25.802 [Thread-15] INFO  com.zaxxer.hikari.HikariDataSource - HikariPool-4 - Shutdown initiated...
2026-02-02 16:29:25.814 [Thread-15] INFO  com.zaxxer.hikari.HikariDataSource - HikariPool-4 - Shutdown completed.
2026-02-02 16:29:26.095 [restartedMain] INFO  com.opview.summary.SummaryDataApplication - Starting SummaryDataApplication using Java 17.0.12 with PID 9380 (C:\Tim\summary-data\target\classes started by hp in C:\Tim\summary-data)
2026-02-02 16:29:26.100 [restartedMain] INFO  com.opview.summary.SummaryDataApplication - No active profile set, falling back to 1 default profile: "default"
2026-02-02 16:29:26.623 [restartedMain] INFO  org.springframework.data.repository.config.RepositoryConfigurationDelegate - Bootstrapping Spring Data JDBC repositories in DEFAULT mode.
2026-02-02 16:29:26.653 [restartedMain] INFO  org.springframework.data.repository.config.RepositoryConfigurationDelegate - Finished Spring Data repository scanning in 24 ms. Found 1 JDBC repository interface.
2026-02-02 16:29:27.021 [restartedMain] INFO  org.springframework.boot.web.embedded.tomcat.TomcatWebServer - Tomcat initialized with port 8080 (http)
2026-02-02 16:29:27.024 [restartedMain] INFO  org.apache.coyote.http11.Http11NioProtocol - Initializing ProtocolHandler ["http-nio-8080"]
2026-02-02 16:29:27.026 [restartedMain] INFO  org.apache.catalina.core.StandardService - Starting service [Tomcat]
2026-02-02 16:29:27.028 [restartedMain] INFO  org.apache.catalina.core.StandardEngine - Starting Servlet engine: [Apache Tomcat/10.1.44]
2026-02-02 16:29:27.133 [restartedMain] INFO  org.apache.catalina.core.ContainerBase.[Tomcat].[localhost].[/] - Initializing Spring embedded WebApplicationContext
2026-02-02 16:29:27.134 [restartedMain] INFO  org.springframework.boot.web.servlet.context.ServletWebServerApplicationContext - Root WebApplicationContext: initialization completed in 1018 ms
2026-02-02 16:29:27.355 [restartedMain] INFO  com.zaxxer.hikari.HikariDataSource - HikariPool-5 - Starting...
2026-02-02 16:29:27.404 [restartedMain] INFO  com.zaxxer.hikari.pool.HikariPool - HikariPool-5 - Added connection com.mysql.cj.jdbc.ConnectionImpl@72c20c9
2026-02-02 16:29:27.432 [restartedMain] INFO  com.zaxxer.hikari.HikariDataSource - HikariPool-5 - Start completed.
2026-02-02 16:29:27.559 [restartedMain] INFO  org.springframework.boot.devtools.autoconfigure.OptionalLiveReloadServer - LiveReload server is running on port 35729
2026-02-02 16:29:28.344 [restartedMain] INFO  org.apache.coyote.http11.Http11NioProtocol - Starting ProtocolHandler ["http-nio-8080"]
2026-02-02 16:29:28.355 [restartedMain] INFO  org.springframework.boot.web.embedded.tomcat.TomcatWebServer - Tomcat started on port 8080 (http) with context path '/'
2026-02-02 16:29:28.376 [restartedMain] INFO  com.opview.summary.SummaryDataApplication - Started SummaryDataApplication in 2.434 seconds (process running for 15798.358)
2026-02-02 16:29:28.384 [restartedMain] INFO  org.springframework.boot.devtools.autoconfigure.ConditionEvaluationDeltaLoggingListener - Condition evaluation unchanged
2026-02-02 16:29:55.248 [http-nio-8080-exec-1] INFO  org.apache.catalina.core.ContainerBase.[Tomcat].[localhost].[/] - Initializing Spring DispatcherServlet 'dispatcherServlet'
2026-02-02 16:29:55.250 [http-nio-8080-exec-1] INFO  org.springframework.web.servlet.DispatcherServlet - Initializing Servlet 'dispatcherServlet'
2026-02-02 16:29:55.252 [http-nio-8080-exec-1] INFO  org.springframework.web.servlet.DispatcherServlet - Completed initialization in 1 ms
2026-02-02 16:29:55.613 [http-nio-8080-exec-1] ERROR com.opview.summary.service.GeminiService - Gemini �妸�K�n����
com.google.genai.errors.ClientException: 404 Not Found. models/gemini-1.5-flash is not found for API version v1beta, or is not supported for generateContent. Call ListModels to see the list of available models and their supported methods.
	at com.google.genai.errors.ApiException.throwFromResponse(ApiException.java:63) ~[google-genai-1.0.0.jar:1.0.0]
	at com.google.genai.HttpApiResponse.getEntity(HttpApiResponse.java:39) ~[google-genai-1.0.0.jar:1.0.0]
	at com.google.genai.Models.privateGenerateContent(Models.java:5420) ~[google-genai-1.0.0.jar:1.0.0]
	at com.google.genai.Models.generateContent(Models.java:6282) ~[google-genai-1.0.0.jar:1.0.0]
	at com.google.genai.Models.generateContent(Models.java:6356) ~[google-genai-1.0.0.jar:1.0.0]
	at com.opview.summary.service.GeminiService.generateOverallSummary(GeminiService.java:62) [classes/:?]
	at com.opview.summary.controller.SummaryController.getSummary(SummaryController.java:34) [classes/:?]
	at java.base/jdk.internal.reflect.NativeMethodAccessorImpl.invoke0(Native Method) ~[?:?]
	at java.base/jdk.internal.reflect.NativeMethodAccessorImpl.invoke(NativeMethodAccessorImpl.java:77) ~[?:?]
	at java.base/jdk.internal.reflect.DelegatingMethodAccessorImpl.invoke(DelegatingMethodAccessorImpl.java:43) ~[?:?]
	at java.base/java.lang.reflect.Method.invoke(Method.java:568) ~[?:?]
	at org.springframework.web.method.support.InvocableHandlerMethod.doInvoke(InvocableHandlerMethod.java:258) [spring-web-6.2.10.jar:6.2.10]
	at org.springframework.web.method.support.InvocableHandlerMethod.invokeForRequest(InvocableHandlerMethod.java:191) [spring-web-6.2.10.jar:6.2.10]
	at org.springframework.web.servlet.mvc.method.annotation.ServletInvocableHandlerMethod.invokeAndHandle(ServletInvocableHandlerMethod.java:118) [spring-webmvc-6.2.10.jar:6.2.10]
	at org.springframework.web.servlet.mvc.method.annotation.RequestMappingHandlerAdapter.invokeHandlerMethod(RequestMappingHandlerAdapter.java:991) [spring-webmvc-6.2.10.jar:6.2.10]
	at org.springframework.web.servlet.mvc.method.annotation.RequestMappingHandlerAdapter.handleInternal(RequestMappingHandlerAdapter.java:896) [spring-webmvc-6.2.10.jar:6.2.10]
	at org.springframework.web.servlet.mvc.method.AbstractHandlerMethodAdapter.handle(AbstractHandlerMethodAdapter.java:87) [spring-webmvc-6.2.10.jar:6.2.10]
	at org.springframework.web.servlet.DispatcherServlet.doDispatch(DispatcherServlet.java:1089) [spring-webmvc-6.2.10.jar:6.2.10]
	at org.springframework.web.servlet.DispatcherServlet.doService(DispatcherServlet.java:979) [spring-webmvc-6.2.10.jar:6.2.10]
	at org.springframework.web.servlet.FrameworkServlet.processRequest(FrameworkServlet.java:1014) [spring-webmvc-6.2.10.jar:6.2.10]
	at org.springframework.web.servlet.FrameworkServlet.doPost(FrameworkServlet.java:914) [spring-webmvc-6.2.10.jar:6.2.10]
	at jakarta.servlet.http.HttpServlet.service(HttpServlet.java:590) [tomcat-embed-core-10.1.44.jar:6.0]
	at org.springframework.web.servlet.FrameworkServlet.service(FrameworkServlet.java:885) [spring-webmvc-6.2.10.jar:6.2.10]
	at jakarta.servlet.http.HttpServlet.service(HttpServlet.java:658) [tomcat-embed-core-10.1.44.jar:6.0]
	at org.apache.catalina.core.ApplicationFilterChain.internalDoFilter(ApplicationFilterChain.java:195) [tomcat-embed-core-10.1.44.jar:10.1.44]
	at org.apache.catalina.core.ApplicationFilterChain.doFilter(ApplicationFilterChain.java:140) [tomcat-embed-core-10.1.44.jar:10.1.44]
	at org.apache.tomcat.websocket.server.WsFilter.doFilter(WsFilter.java:51) [tomcat-embed-websocket-10.1.44.jar:10.1.44]
	at org.apache.catalina.core.ApplicationFilterChain.internalDoFilter(ApplicationFilterChain.java:164) [tomcat-embed-core-10.1.44.jar:10.1.44]
	at org.apache.catalina.core.ApplicationFilterChain.doFilter(ApplicationFilterChain.java:140) [tomcat-embed-core-10.1.44.jar:10.1.44]
	at org.springframework.web.filter.RequestContextFilter.doFilterInternal(RequestContextFilter.java:100) [spring-web-6.2.10.jar:6.2.10]
	at org.springframework.web.filter.OncePerRequestFilter.doFilter(OncePerRequestFilter.java:116) [spring-web-6.2.10.jar:6.2.10]
	at org.apache.catalina.core.ApplicationFilterChain.internalDoFilter(ApplicationFilterChain.java:164) [tomcat-embed-core-10.1.44.jar:10.1.44]
	at org.apache.catalina.core.ApplicationFilterChain.doFilter(ApplicationFilterChain.java:140) [tomcat-embed-core-10.1.44.jar:10.1.44]
	at org.springframework.web.filter.FormContentFilter.doFilterInternal(FormContentFilter.java:93) [spring-web-6.2.10.jar:6.2.10]
	at org.springframework.web.filter.OncePerRequestFilter.doFilter(OncePerRequestFilter.java:116) [spring-web-6.2.10.jar:6.2.10]
	at org.apache.catalina.core.ApplicationFilterChain.internalDoFilter(ApplicationFilterChain.java:164) [tomcat-embed-core-10.1.44.jar:10.1.44]
	at org.apache.catalina.core.ApplicationFilterChain.doFilter(ApplicationFilterChain.java:140) [tomcat-embed-core-10.1.44.jar:10.1.44]
	at org.springframework.web.filter.CharacterEncodingFilter.doFilterInternal(CharacterEncodingFilter.java:201) [spring-web-6.2.10.jar:6.2.10]
	at org.springframework.web.filter.OncePerRequestFilter.doFilter(OncePerRequestFilter.java:116) [spring-web-6.2.10.jar:6.2.10]
	at org.apache.catalina.core.ApplicationFilterChain.internalDoFilter(ApplicationFilterChain.java:164) [tomcat-embed-core-10.1.44.jar:10.1.44]
	at org.apache.catalina.core.ApplicationFilterChain.doFilter(ApplicationFilterChain.java:140) [tomcat-embed-core-10.1.44.jar:10.1.44]
	at org.apache.catalina.core.StandardWrapperValve.invoke(StandardWrapperValve.java:167) [tomcat-embed-core-10.1.44.jar:10.1.44]
	at org.apache.catalina.core.StandardContextValve.invoke(StandardContextValve.java:90) [tomcat-embed-core-10.1.44.jar:10.1.44]
	at org.apache.catalina.authenticator.AuthenticatorBase.invoke(AuthenticatorBase.java:483) [tomcat-embed-core-10.1.44.jar:10.1.44]
	at org.apache.catalina.core.StandardHostValve.invoke(StandardHostValve.java:116) [tomcat-embed-core-10.1.44.jar:10.1.44]
	at org.apache.catalina.valves.ErrorReportValve.invoke(ErrorReportValve.java:93) [tomcat-embed-core-10.1.44.jar:10.1.44]
	at org.apache.catalina.core.StandardEngineValve.invoke(StandardEngineValve.java:74) [tomcat-embed-core-10.1.44.jar:10.1.44]
	at org.apache.catalina.connector.CoyoteAdapter.service(CoyoteAdapter.java:344) [tomcat-embed-core-10.1.44.jar:10.1.44]
	at org.apache.coyote.http11.Http11Processor.service(Http11Processor.java:398) [tomcat-embed-core-10.1.44.jar:10.1.44]
	at org.apache.coyote.AbstractProcessorLight.process(AbstractProcessorLight.java:63) [tomcat-embed-core-10.1.44.jar:10.1.44]
	at org.apache.coyote.AbstractProtocol$ConnectionHandler.process(AbstractProtocol.java:903) [tomcat-embed-core-10.1.44.jar:10.1.44]
	at org.apache.tomcat.util.net.NioEndpoint$SocketProcessor.doRun(NioEndpoint.java:1769) [tomcat-embed-core-10.1.44.jar:10.1.44]
	at org.apache.tomcat.util.net.SocketProcessorBase.run(SocketProcessorBase.java:52) [tomcat-embed-core-10.1.44.jar:10.1.44]
	at org.apache.tomcat.util.threads.ThreadPoolExecutor.runWorker(ThreadPoolExecutor.java:1189) [tomcat-embed-core-10.1.44.jar:10.1.44]
	at org.apache.tomcat.util.threads.ThreadPoolExecutor$Worker.run(ThreadPoolExecutor.java:658) [tomcat-embed-core-10.1.44.jar:10.1.44]
	at org.apache.tomcat.util.threads.TaskThread$WrappingRunnable.run(TaskThread.java:63) [tomcat-embed-core-10.1.44.jar:10.1.44]
	at java.base/java.lang.Thread.run(Thread.java:842) [?:?]
2026-02-02 16:31:47.877 [File Watcher] INFO  org.springframework.boot.devtools.autoconfigure.LocalDevToolsAutoConfiguration$RestartingClassPathChangeChangedEventListener - Restarting due to 1 class path change (0 additions, 0 deletions, 1 modification)
2026-02-02 16:31:47.890 [Thread-19] INFO  org.springframework.boot.web.embedded.tomcat.GracefulShutdown - Commencing graceful shutdown. Waiting for active requests to complete
2026-02-02 16:31:47.895 [tomcat-shutdown] INFO  org.apache.coyote.http11.Http11NioProtocol - Pausing ProtocolHandler ["http-nio-8080"]
2026-02-02 16:31:48.645 [tomcat-shutdown] INFO  org.springframework.boot.web.embedded.tomcat.GracefulShutdown - Graceful shutdown complete
2026-02-02 16:31:48.657 [Thread-19] INFO  org.apache.coyote.http11.Http11NioProtocol - Stopping ProtocolHandler ["http-nio-8080"]
2026-02-02 16:31:48.661 [Thread-19] INFO  com.zaxxer.hikari.HikariDataSource - HikariPool-5 - Shutdown initiated...
2026-02-02 16:31:48.678 [Thread-19] INFO  com.zaxxer.hikari.HikariDataSource - HikariPool-5 - Shutdown completed.
2026-02-02 16:31:49.460 [restartedMain] INFO  com.opview.summary.SummaryDataApplication - Starting SummaryDataApplication using Java 17.0.12 with PID 9380 (C:\Tim\summary-data\target\classes started by hp in C:\Tim\summary-data)
2026-02-02 16:31:49.462 [restartedMain] INFO  com.opview.summary.SummaryDataApplication - No active profile set, falling back to 1 default profile: "default"
2026-02-02 16:31:49.910 [restartedMain] INFO  org.springframework.data.repository.config.RepositoryConfigurationDelegate - Bootstrapping Spring Data JDBC repositories in DEFAULT mode.
2026-02-02 16:31:49.948 [restartedMain] INFO  org.springframework.data.repository.config.RepositoryConfigurationDelegate - Finished Spring Data repository scanning in 33 ms. Found 1 JDBC repository interface.
2026-02-02 16:31:50.091 [restartedMain] INFO  org.springframework.boot.web.embedded.tomcat.TomcatWebServer - Tomcat initialized with port 8080 (http)
2026-02-02 16:31:50.095 [restartedMain] INFO  org.apache.coyote.http11.Http11NioProtocol - Initializing ProtocolHandler ["http-nio-8080"]
2026-02-02 16:31:50.096 [restartedMain] INFO  org.apache.catalina.core.StandardService - Starting service [Tomcat]
2026-02-02 16:31:50.098 [restartedMain] INFO  org.apache.catalina.core.StandardEngine - Starting Servlet engine: [Apache Tomcat/10.1.44]
2026-02-02 16:31:50.138 [restartedMain] INFO  org.apache.catalina.core.ContainerBase.[Tomcat].[localhost].[/] - Initializing Spring embedded WebApplicationContext
2026-02-02 16:31:50.140 [restartedMain] INFO  org.springframework.boot.web.servlet.context.ServletWebServerApplicationContext - Root WebApplicationContext: initialization completed in 671 ms
2026-02-02 16:31:50.250 [restartedMain] INFO  com.zaxxer.hikari.HikariDataSource - HikariPool-6 - Starting...
2026-02-02 16:31:50.293 [restartedMain] INFO  com.zaxxer.hikari.pool.HikariPool - HikariPool-6 - Added connection com.mysql.cj.jdbc.ConnectionImpl@11cc962
2026-02-02 16:31:50.301 [restartedMain] INFO  com.zaxxer.hikari.HikariDataSource - HikariPool-6 - Start completed.
2026-02-02 16:31:50.458 [restartedMain] INFO  org.springframework.boot.devtools.autoconfigure.OptionalLiveReloadServer - LiveReload server is running on port 35729
2026-02-02 16:31:51.675 [restartedMain] INFO  org.apache.coyote.http11.Http11NioProtocol - Starting ProtocolHandler ["http-nio-8080"]
2026-02-02 16:31:51.697 [restartedMain] INFO  org.springframework.boot.web.embedded.tomcat.TomcatWebServer - Tomcat started on port 8080 (http) with context path '/'
2026-02-02 16:31:51.891 [restartedMain] INFO  com.opview.summary.SummaryDataApplication - Started SummaryDataApplication in 2.511 seconds (process running for 15941.873)
2026-02-02 16:31:51.935 [restartedMain] INFO  org.springframework.boot.devtools.autoconfigure.ConditionEvaluationDeltaLoggingListener - Condition evaluation unchanged
2026-02-02 16:31:54.866 [http-nio-8080-exec-1] INFO  org.apache.catalina.core.ContainerBase.[Tomcat].[localhost].[/] - Initializing Spring DispatcherServlet 'dispatcherServlet'
2026-02-02 16:31:54.868 [http-nio-8080-exec-1] INFO  org.springframework.web.servlet.DispatcherServlet - Initializing Servlet 'dispatcherServlet'
2026-02-02 16:31:54.870 [http-nio-8080-exec-1] INFO  org.springframework.web.servlet.DispatcherServlet - Completed initialization in 1 ms
